{"url_empleo": "https://www.elempleo.com/co/ofertas-trabajo/auxiliar-mantenimiento/1882538607", "fecha_recuperacion": "2021-03-01-22-01", "titulo_oferta": "Auxiliar mantenimiento", "salario": "Menos de $1 mill\u00f3n", "ciudad": "Bogot\u00e1", "fecha_publicacion": "Publicado 1 Mar 2021", "area": "Mantenimiento", "num_vacantes": "1 Vacante", "profesion": "Bachillerato Acad\u00e9mico", "descripcion_general": "Descripci\u00f3n general                Reconocido mepresa requiere HOMBRES BACHILLERES PARA REALIZAR LABORES DE OFICIOS VARIOS  de manera urgente con 6 meses de experiencia en Aseo de las \u00e1reas sociales, oficinas, cuartos de ba\u00f1o. Turnos de 8:00 am a 5:00 pm. Salario: $ 828.116 + prestaciones de ley.  Cuenta con servicio de ruta. Interesados aplicar a la oferta.                    Reconocido mepresa requiere HOMBRES BACHILLERES PARA REALIZAR LABORES DE OFICIOS VARIOS  de manera urgente con 6 meses de experiencia en Aseo de las \u00e1reas sociales, oficinas, cuartos de ba\u00f1o. Turnos de 8:00 am a 5:00 pm. Salario: $ 828.116 + prestaciones de ley.  Cuenta con servicio de ruta. Interesados aplicar a la oferta.                            Auxiliar, asistencial y otros                            Media (10\u00b0 - 13\u00b0)            Bachillerato Acad\u00e9micoBachillerato ComercialBachillerato T\u00e9cnicoAuxiliar                1                Vacante            Competencias para la vacante                                            auuxiliar mantenimiento", "tipo_contrato": "", "nivel_educativo": "Media (10\u00b0 - 13\u00b0)", "categoria": "Auxiliar, asistencial y otros", "sector": "Vivienda \u2013 Inmobiliaria", "experiencia": "", "id_empleo": "1882538607", "competencias": "auuxiliar mantenimiento"}