{"url_empleo": "https://www.elempleo.com/co/ofertas-trabajo/auxiliar-cedi/1882852711", "fecha_recuperacion": "2021-03-01-22-15", "titulo_oferta": "Auxiliar cedi", "salario": "Menos de $1 mill\u00f3n", "ciudad": "Barranquilla", "fecha_publicacion": "Publicado 18 Feb 2021", "area": "Log\u00edstica y Distribuci\u00f3n", "num_vacantes": "1 Vacante", "profesion": "T\u00e9cnico en Log\u00edstica", "descripcion_general": "Descripci\u00f3n general                Importante empresa solicita Bachilleres , con experiencia m\u00ednima de 6 meses como Auxiliar Log\u00edstico, con disponibilidad de tiempo para laborar de acuerdo a los turnos que le correspondan  (no puede ser estudiante presencial debido a los horarios) , con documentaci\u00f3n al d\u00eda  Beneficios: Auxilio de alimentaci\u00f3n y ruta                    Importante empresa solicita Bachilleres , con experiencia m\u00ednima de 6 meses como Auxiliar Log\u00edstico, con disponibilidad de tiempo para laborar de acuerdo a los turnos que le correspondan  (no puede ser estudiante presencial debido a los horarios) , con documentaci\u00f3n al d\u00eda  Beneficios: Auxilio de alimentaci\u00f3n y ruta                            Auxiliar, asistencial y otros                            Media (10\u00b0 - 13\u00b0)            T\u00e9cnico en Log\u00edsticaOtrosMenos de un a\u00f1o de experienciaOperario                1                Vacante            Competencias para la vacante                                            bachiller                                                                                    auxiliar", "tipo_contrato": "Contrato Por obra o labor", "nivel_educativo": "Media (10\u00b0 - 13\u00b0)", "categoria": "Auxiliar, asistencial y otros", "sector": "Distribuci\u00f3n de productos farmac...", "experiencia": "Menos de un a\u00f1o de experiencia", "id_empleo": "1882852711", "competencias": "bachiller,auxiliar"}