{"url_empleo": "https://www.elempleo.com/co/ofertas-trabajo/auxiliar-de-enfermeria-hospitalizacion-cirugia-y-neurociencias/1882879900", "fecha_recuperacion": "2021-03-01-22-05", "titulo_oferta": "Auxiliar de enfermer\u00eda - hospitalizaci\u00f3n, cirug\u00eda y neurociencias", "salario": "$1 a $1,5 millones", "ciudad": "Bogot\u00e1", "fecha_publicacion": "Publicado 25 Feb 2021", "area": "Salud", "num_vacantes": "1 Vacante", "profesion": "Enfermer\u00eda", "descripcion_general": "Descripci\u00f3n general                Estamos en b\u00fasqueda de: T\u00e9cnico Auxiliar de Enfermer\u00eda, con experiencia asistencial m\u00ednima de 2 a\u00f1os posterior al grado, en \u00e1reas de hospitalizaci\u00f3n en instituciones de mediana o alta complejidad. Indispensable conocimientos en normatividad vigente en salud. Contrato directo, con disponibilidad para turnos rotativos, fijo o indefinido seg\u00fan requerimiento y todas las prestaciones de ley.                    Estamos en b\u00fasqueda de: T\u00e9cnico Auxiliar de Enfermer\u00eda, con experiencia asistencial m\u00ednima de 2 a\u00f1os posterior al grado, en \u00e1reas de hospitalizaci\u00f3n en instituciones de mediana o alta complejidad. Indispensable conocimientos en normatividad vigente en salud. Contrato directo, con disponibilidad para turnos rotativos, fijo o indefinido seg\u00fan requerimiento y todas las prestaciones de ley.                            Auxiliar, asistencial y otros                            T\u00e9cnico Laboral            Enfermer\u00eda1 a\u00f1o de experienciaT\u00e9cnico                1                Vacante            Competencias para la vacante                                            medicina interna                                                                                    hospitalizaci\u00f3n                                                                                    recuperaci\u00f3n                                                                                    neurocirug\u00eda                                                                                    asistencial", "tipo_contrato": "", "nivel_educativo": "T\u00e9cnico Laboral", "categoria": "Auxiliar, asistencial y otros", "sector": "Servicios hospitalarios, m\u00e9dicos...", "experiencia": "1 a\u00f1o de experiencia", "id_empleo": "1882879900", "competencias": "medicina interna,hospitalizaci\u00f3n,recuperaci\u00f3n,neurocirug\u00eda,asistencial"}