{"url_empleo": "https://www.elempleo.com/co/ofertas-trabajo/supervisores-de-produccion-para-trabajar-en-facatativa-o-sibate/1883940249", "fecha_recuperacion": "2021-03-01-22-04", "titulo_oferta": "Supervisores de producci\u00f3n  para trabajar en facatativa o sibate", "salario": "$1,5 a $2 millones", "ciudad": "Bogot\u00e1", "fecha_publicacion": "Publicado 26 Feb 2021", "area": "Producci\u00f3n", "num_vacantes": "1 Vacante", "profesion": "Otros", "descripcion_general": "Descripci\u00f3n general                Nuestra compa\u00f1\u00eda se encuentra en la b\u00fasqueda del mejor talento humano, por ello requerimos Supervisores de postcosecha: Bachilleres, t\u00e9cnicos o tecn\u00f3logos en carreras administrativas, con m\u00ednimo un a\u00f1o de experiencia como supervisores de producci\u00f3n  realizando funciones como: Administraci\u00f3n de Personal. Manejo T\u00e9cnico de procesos,  Reglamento Interno de Trabajo,Entre otros. Salario: $1.400.000 a $2.000.000 de acuerdo a experiencia con todas las prestaciones de ley. Importante disponibilidad para trabajar en Facatativ\u00e1 o sibate. Contrato inicialmente por temporada                    Nuestra compa\u00f1\u00eda se encuentra en la b\u00fasqueda del mejor talento humano, por ello requerimos Supervisores de postcosecha: Bachilleres, t\u00e9cnicos o tecn\u00f3logos en carreras administrativas, con m\u00ednimo un a\u00f1o de experiencia como supervisores de producci\u00f3n  realizando funciones como: Administraci\u00f3n de Personal. Manejo T\u00e9cnico de procesos,  Reglamento Interno de Trabajo,Entre otros. Salario: $1.400.000 a $2.000.000 de acuerdo a experiencia con todas las prestaciones de ley. Importante disponibilidad para trabajar en Facatativ\u00e1 o sibate. Contrato inicialmente por temporada                            Auxiliar, asistencial y otros                            Media (10\u00b0 - 13\u00b0)            Otros1 a\u00f1o de experienciaSupervisor                1                Vacante            Competencias para la vacante                                            supervisor", "tipo_contrato": "", "nivel_educativo": "Media (10\u00b0 - 13\u00b0)", "categoria": "Auxiliar, asistencial y otros", "sector": "Flores", "experiencia": "1 a\u00f1o de experiencia", "id_empleo": "1883940249", "competencias": "supervisor"}