{"url_empleo": "https://www.elempleo.com/co/ofertas-trabajo/qa-automation-architect/1883938029", "fecha_recuperacion": "2021-03-01-22-09", "titulo_oferta": "Qa automation architect", "salario": "$12,5 a $15 millones", "ciudad": "Bogot\u00e1\r\n /                \r\n                  Otras", "fecha_publicacion": "Publicado 23 Feb 2021", "area": "Sistemas y Tecnolog\u00eda", "num_vacantes": "1 Vacante", "profesion": "Ingenier\u00eda de sistemas  Computaci\u00f3n", "descripcion_general": "Descripci\u00f3n general                Zemoga.inc is an all-star digital firm with over 15 years of experience in the IT market. Leading the best software development projects with some of the top brands of retail, media, finance, and enternainment industries in the US. and we are currently looking for a QA ARCHITECT to come join our team  Your responsibilities will be distributed 50% in hands on technical challenges and 50% management activities, leading, growing and inspiring your team. Tackling three main areas: Client Facing, Technical Decision Making, and Team Management.  As a QA Architect your responsibilities will be: - Design the Quality Automation Architecture of our projects- Perform pre- sales and client approach, understanding the client needs and translating them into a digitial automated solution. - In turn, translate complex technical concepts to non technical stakeholders from our clients' side- Grow and develop internal talent by participating in the team career development, establishing clear career growth expectations and achievable yet appealing career paths to the colleagues under your supervision. - Embody a leadership culture of empowerment, trust, and approachability.                    Zemoga.inc is an all-star digital firm with over 15 years of experience in the IT market. Leading the best software development projects with some of the top brands of retail, media, finance, and enternainment industries in the US. and we are currently looking for a QA ARCHITECT to come join our team  Your responsibilities will be distributed 50% in hands on technical challenges and 50% management activities, leading, growing and inspiring your team. Tackling three main areas: Client Facing, Technical Decision Making, and Team Management.  As a QA Architect your responsibilities will be: - Design the Quality Automation Architecture of our projects- Perform pre- sales and client approach, understanding the client needs and translating them into a digitial automated solution. - In turn, translate complex technical concepts to non technical stakeholders from our clients' side- Grow and develop internal talent by participating in the team career development, establishing clear career growth expectations and achievable yet appealing career paths to the colleagues under your supervision. - Embody a leadership culture of empowerment, trust, and approachability.        - Preferably over 7 years working in automated testing- Proficient in english at an 80% (B2 minimum)- Experience using tools such as Selenium Web Driver, Appium, Test Ant, Jira, Junit, among others. - Strong programming experience in Java, Javascript, and/or .Net - Awareness of how to create a Test Approach, Test plan, and Test Strategy. - Experience working with clients in the US. - Experience leading and growing QA Automation teams is a big plus.                Profesional Senior                            Universitaria            Ingenier\u00eda de sistemas  Computaci\u00f3nIngenier\u00eda electr\u00f3nicaIngenier\u00eda mecatr\u00f3nicaIngenier\u00eda de redes y telecomunicaciones7 a\u00f1os de experienciaEjecutivoCoordinadorGerenteIngeniero                1                Vacante                            Requisitos para aplicar                                - Preferably over 7 years working in automated testing- Proficient in english at an 80% (B2 minimum)- Experience using tools such as Selenium Web Driver, Appium, Test Ant, Jira, Junit, among others. - Strong programming experience in Java, Javascript, and/or .Net - Awareness of how to create a Test Approach, Test plan, and Test Strategy. - Experience working with clients in the US. - Experience leading and growing QA Automation teams is a big plus.                Competencias para la vacante", "tipo_contrato": "Contrato Indefinido", "nivel_educativo": "Universitaria", "categoria": "Profesional Senior", "sector": "Productores y distribuidores de ...", "experiencia": "7 a\u00f1os de experiencia", "id_empleo": "1883938029", "competencias": ""}