{"url_empleo": "https://www.elempleo.com/co/ofertas-trabajo/auxiliar-de-enfermeria-bogota/1883495195", "fecha_recuperacion": "2021-03-01-22-16", "titulo_oferta": "Auxiliar de enfermer\u00eda - bogot\u00e1", "salario": "$1 a $1,5 millones", "ciudad": "Medell\u00edn", "fecha_publicacion": "Publicado 17 Feb 2021", "area": "Salud", "num_vacantes": "1 Vacante", "profesion": "Enfermer\u00eda", "descripcion_general": "Descripci\u00f3n general                Reconocido laboratorio farmac\u00e9utico requiere AUXILIAR DE ENFERMER\u00cdA, con experiencia  en el manejo de grupos de trabajo, capacitaci\u00f3n, estrategias de liderazgo y conocimiento de ventas, excelente presentaci\u00f3n, manejo de sistemas b\u00e1sico Excel, Outlook Power Point y Word. Disponibilidad de tiempo completo. Debe contar con m\u00ednimo 1 a\u00f1os de experiencia en cargos similares.FUNCIONES: Bajo su responsabilidad est\u00e1 la capacitaci\u00f3n de todo el equipo de trabajo y de los clientes que se manejan. SALARIO: $1.063.500 + prestaciones de leyHORARIO:Lunes a Viernes 8 am a 6 pm y S\u00e1bado 8 am a 12 pm Si te encuentras interesada y cumples con el perfil aplicar a la oferta.                    Reconocido laboratorio farmac\u00e9utico requiere AUXILIAR DE ENFERMER\u00cdA, con experiencia  en el manejo de grupos de trabajo, capacitaci\u00f3n, estrategias de liderazgo y conocimiento de ventas, excelente presentaci\u00f3n, manejo de sistemas b\u00e1sico Excel, Outlook Power Point y Word. Disponibilidad de tiempo completo. Debe contar con m\u00ednimo 1 a\u00f1os de experiencia en cargos similares.FUNCIONES: Bajo su responsabilidad est\u00e1 la capacitaci\u00f3n de todo el equipo de trabajo y de los clientes que se manejan. SALARIO: $1.063.500 + prestaciones de leyHORARIO:Lunes a Viernes 8 am a 6 pm y S\u00e1bado 8 am a 12 pm Si te encuentras interesada y cumples con el perfil aplicar a la oferta.                            Auxiliar, asistencial y otros                            T\u00e9cnico Laboral            Enfermer\u00eda2 a\u00f1os de experienciaAuxiliar                1                Vacante            Competencias para la vacante                                            enfermeria", "tipo_contrato": "", "nivel_educativo": "T\u00e9cnico Laboral", "categoria": "Auxiliar, asistencial y otros", "sector": "Laboratorios farmac\u00e9uticos y otros", "experiencia": "2 a\u00f1os de experiencia", "id_empleo": "1883495195", "competencias": "enfermeria"}