{"url_empleo": "https://www.elempleo.com/co/ofertas-trabajo/cajero-a-club-zona-norte/1883178282", "fecha_recuperacion": "2021-03-01-22-13", "titulo_oferta": "Cajero (a) - club zona norte", "salario": "Menos de $1 mill\u00f3n", "ciudad": "Medell\u00edn", "fecha_publicacion": "Publicado 19 Feb 2021", "area": "Servicio al Cliente", "num_vacantes": "1 Vacante", "profesion": "Bachillerato Acad\u00e9mico", "descripcion_general": "Descripci\u00f3n general                Reconocido Club requiere CAJERO (A) FIN DE SEMANA, personal  que cuenten con m\u00ednimo 1 a\u00f1o de experiencia en cargos similares.FUNCIONES: Servicio al cliente.SALARIO: s\u00e1bado $ 42.900, domingo y festivo $ 78.600 + prestaciones de ley                    Reconocido Club requiere CAJERO (A) FIN DE SEMANA, personal  que cuenten con m\u00ednimo 1 a\u00f1o de experiencia en cargos similares.FUNCIONES: Servicio al cliente.SALARIO: s\u00e1bado $ 42.900, domingo y festivo $ 78.600 + prestaciones de ley                            Auxiliar, asistencial y otros                            Media (10\u00b0 - 13\u00b0)            Bachillerato Acad\u00e9micoBachillerato ComercialBachillerato T\u00e9cnico1 a\u00f1o de experienciaAuxiliar                1                Vacante            Competencias para la vacante                                            CAJERO", "tipo_contrato": "Contrato Por obra o labor", "nivel_educativo": "Media (10\u00b0 - 13\u00b0)", "categoria": "Auxiliar, asistencial y otros", "sector": "Clubes", "experiencia": "1 a\u00f1o de experiencia", "id_empleo": "1883178282", "competencias": "CAJERO"}