{"url_empleo": "https://www.elempleo.com/co/ofertas-trabajo/operador-de-servicios-industriales-sesquile-cundinamarca/1883989395", "fecha_recuperacion": "2021-03-01-22-11", "titulo_oferta": "Operador de servicios industriales - sesquile cundinamarca", "salario": "$1,5 a $2 millones", "ciudad": "Bogot\u00e1", "fecha_publicacion": "Publicado 22 Feb 2021", "area": "Instalaci\u00f3n y Reparaciones T\u00e9cnicas", "num_vacantes": "1 Vacante", "profesion": "Tecnolog\u00eda en electr\u00f3nica", "descripcion_general": "Descripci\u00f3n general                Central cervecera de  Colombia requiere para su planta de producci\u00f3n ubicada en el municipio de Sesquil\u00e9, OPERARIO DE SERVICIOS INDUSTRIALES, con formaci\u00f3n t\u00e9cnico o tecnol\u00f3gica en procesos mec\u00e1nicos, el\u00e9ctricos y/o afines, con experiencia entre  2  a 3 a\u00f1os en el manejo de la correcta operaci\u00f3n y control de los equipos de Servicios Industriales (energ\u00eda el\u00e9ctrica, aire comprimido, refrigeraci\u00f3n, agua sobrecalentada, planta de recuperaci\u00f3n de CO2, calderas, en planta, utilizando eficientemente los recursos asignados con el fin de garantizar el cumplimiento de la normatividad legal vigente, los programas de producci\u00f3n, las especificaciones de calidad, el modelo TPM, los indicadores operativos y de productividad, financieros y de desarrollo de la capacidad organizacional. Horario: Rotativos 6am a 2pm - 2pm a 10pm - 10pm a 6am Domingo a DomingoSalario: 2.174.000 + Beneficios + Ruta + CasinoLugar de trabajo:  Sesquil\u00e9 CundinamarcaImportante vivir dentro de la regional                    Central cervecera de  Colombia requiere para su planta de producci\u00f3n ubicada en el municipio de Sesquil\u00e9, OPERARIO DE SERVICIOS INDUSTRIALES, con formaci\u00f3n t\u00e9cnico o tecnol\u00f3gica en procesos mec\u00e1nicos, el\u00e9ctricos y/o afines, con experiencia entre  2  a 3 a\u00f1os en el manejo de la correcta operaci\u00f3n y control de los equipos de Servicios Industriales (energ\u00eda el\u00e9ctrica, aire comprimido, refrigeraci\u00f3n, agua sobrecalentada, planta de recuperaci\u00f3n de CO2, calderas, en planta, utilizando eficientemente los recursos asignados con el fin de garantizar el cumplimiento de la normatividad legal vigente, los programas de producci\u00f3n, las especificaciones de calidad, el modelo TPM, los indicadores operativos y de productividad, financieros y de desarrollo de la capacidad organizacional. Horario: Rotativos 6am a 2pm - 2pm a 10pm - 10pm a 6am Domingo a DomingoSalario: 2.174.000 + Beneficios + Ruta + CasinoLugar de trabajo:  Sesquil\u00e9 CundinamarcaImportante vivir dentro de la regional                            Auxiliar, asistencial y otros                            T\u00e9cnico Laboral            Tecnolog\u00eda en electr\u00f3nicaTecn Mec\u00e1nicoTecn Electricista2 a\u00f1os de experienciaOperario                1                Vacante            Competencias para la vacante                                            Operador                                                                                    Servicios industriales                                                                                    Mantenimiento", "tipo_contrato": "Contrato Indefinido", "nivel_educativo": "T\u00e9cnico Laboral", "categoria": "Auxiliar, asistencial y otros", "sector": "Cerveza", "experiencia": "2 a\u00f1os de experiencia", "id_empleo": "1883989395", "competencias": "Operador,Servicios industriales,Mantenimiento"}