{"url_empleo": "https://www.elempleo.com/co/ofertas-trabajo/operario-del-lago-girardot/1883852134", "fecha_recuperacion": "2021-03-01-22-02", "titulo_oferta": "Operario del lago - girardot", "salario": "$1 a $1,5 millones", "ciudad": "Bogot\u00e1", "fecha_publicacion": "Publicado 1 Mar 2021", "area": "Operaciones y Procesos", "num_vacantes": "1 Vacante", "profesion": "Bachillerato Acad\u00e9mico", "descripcion_general": "Descripci\u00f3n general                Se requiere Operario del lago, personal bachiller que cuente con conocimientos y experiencia en cargos similares, mantenimiento y cueidado de los lagos.Salario: $908.526 + prestaciones de ley                    Se requiere Operario del lago, personal bachiller que cuente con conocimientos y experiencia en cargos similares, mantenimiento y cueidado de los lagos.Salario: $908.526 + prestaciones de ley                            Auxiliar, asistencial y otros                            Media (10\u00b0 - 13\u00b0)            Bachillerato Acad\u00e9micoBachillerato ComercialBachillerato T\u00e9cnico1 a\u00f1o de experienciaOperario                1                Vacante            Competencias para la vacante                                            operario", "tipo_contrato": "Contrato Por obra o labor", "nivel_educativo": "Media (10\u00b0 - 13\u00b0)", "categoria": "Auxiliar, asistencial y otros", "sector": "Clubes", "experiencia": "1 a\u00f1o de experiencia", "id_empleo": "1883852134", "competencias": "operario"}