{"url_empleo": "https://www.elempleo.com/co/ofertas-trabajo/consultor-crm-onpremise-y-dynamics-nube/1883943251", "fecha_recuperacion": "2021-03-01-22-02", "titulo_oferta": "Consultor crm onpremise y dynamics 365 (nube)", "salario": "Salario a convenir", "ciudad": "Bogot\u00e1", "fecha_publicacion": "Publicado 1 Mar 2021", "area": "Sistemas y Tecnolog\u00eda", "num_vacantes": "1 Vacante", "profesion": "Ingenier\u00eda de sistemas  Computaci\u00f3n", "descripcion_general": "Descripci\u00f3n general                Zemsania Global Group ofrece soluciones tecnol\u00f3gicas y outsourcing de todo tipo de servicios IT especialmente de administraci\u00f3n de sistemas, b\u00fasqueda y selecci\u00f3n de profesionales, dise\u00f1o y construcci\u00f3n de soluciones digitales y consultor\u00eda y acompa\u00f1amiento de empresas durante su Transformaci\u00f3n Digital.  Gracias a nuestros 15 a\u00f1os de experiencia somos capaces de aportar soluciones y servicios \u00e1giles y con un mayor grado de compromiso hacia las necesidades de nuestros clientes.                    Zemsania Global Group ofrece soluciones tecnol\u00f3gicas y outsourcing de todo tipo de servicios IT especialmente de administraci\u00f3n de sistemas, b\u00fasqueda y selecci\u00f3n de profesionales, dise\u00f1o y construcci\u00f3n de soluciones digitales y consultor\u00eda y acompa\u00f1amiento de empresas durante su Transformaci\u00f3n Digital.  Gracias a nuestros 15 a\u00f1os de experiencia somos capaces de aportar soluciones y servicios \u00e1giles y con un mayor grado de compromiso hacia las necesidades de nuestros clientes.        Importante Multinacional espa\u00f1ola est\u00e1 en b\u00fasqueda de Consultor CRM OnPremise y Dynamics 365 (nube)  Requisitos: Ingeniero de Sistema o afines.Experiencia de 3 a\u00f1os.Experiencia en migraci\u00f3n de un CRM 2016 OnPremise hacia un Dynamics 365 en la nube.Revisi\u00f3n de la soluci\u00f3n de CRM Actual.Elaboraci\u00f3n del documento de diagn\u00f3stico.Estimaci\u00f3n y elaboraci\u00f3n del plan de migraci\u00f3n.Entregables.Condiciones Laborales: Inicial por 3 meses.Persona capaz de ejecutar las actividades para poder entregarle finalmente al cliente un Cronograma con tareas y tiempos.                Profesional                            Universitaria            Ingenier\u00eda de sistemas  Computaci\u00f3n3 a\u00f1os de experienciaConsultor                1                Vacante                            Requisitos para aplicar                                Importante Multinacional espa\u00f1ola est\u00e1 en b\u00fasqueda de Consultor CRM OnPremise y Dynamics 365 (nube)  Requisitos: Ingeniero de Sistema o afines.Experiencia de 3 a\u00f1os.Experiencia en migraci\u00f3n de un CRM 2016 OnPremise hacia un Dynamics 365 en la nube.Revisi\u00f3n de la soluci\u00f3n de CRM Actual.Elaboraci\u00f3n del documento de diagn\u00f3stico.Estimaci\u00f3n y elaboraci\u00f3n del plan de migraci\u00f3n.Entregables.Condiciones Laborales: Inicial por 3 meses.Persona capaz de ejecutar las actividades para poder entregarle finalmente al cliente un Cronograma con tareas y tiempos.                Competencias para la vacante", "tipo_contrato": "Contrato Por obra o labor", "nivel_educativo": "Universitaria", "categoria": "Profesional", "sector": "Productores y distribuidores de ...", "experiencia": "3 a\u00f1os de experiencia", "id_empleo": "1883943251", "competencias": ""}