{"url_empleo": "https://www.elempleo.com/co/ofertas-trabajo/programador-php-senior/1883950327", "fecha_recuperacion": "2021-03-01-22-02", "titulo_oferta": "Programador php senior", "salario": "Salario a convenir", "ciudad": "Bogot\u00e1\r\n /                \r\n                  Otras", "fecha_publicacion": "Publicado 1 Mar 2021", "area": "Sistemas y Tecnolog\u00eda", "num_vacantes": "3 Vacantes", "profesion": "Ingenier\u00eda de sistemas  Computaci\u00f3n", "descripcion_general": "Descripci\u00f3n general                Multinacional espa\u00f1ola, esta en busqueda de Programador PHP Senior. Experiencia de 3 a\u00f1os. Oferta para Bogot\u00e1.                    Multinacional espa\u00f1ola, esta en busqueda de Programador PHP Senior. Experiencia de 3 a\u00f1os. Oferta para Bogot\u00e1.                            Profesional                            Universitaria            Ingenier\u00eda de sistemas  Computaci\u00f3nIngenier\u00eda de telecomunicacionesIngenier\u00eda de redes y telecomunicaciones3 a\u00f1os de experienciaProgramador                3                Vacantes            Competencias para la vacante", "tipo_contrato": "", "nivel_educativo": "Universitaria", "categoria": "Profesional", "sector": "Comercio de computadores", "experiencia": "3 a\u00f1os de experiencia", "id_empleo": "1883950327", "competencias": ""}