{"url_empleo": "https://www.elempleo.com/co/ofertas-trabajo/consultor-windows-directorio-activo-y-azure/1883943267", "fecha_recuperacion": "2021-03-01-22-02", "titulo_oferta": "Consultor windows, directorio activo y azure", "salario": "Salario a convenir", "ciudad": "Bogot\u00e1", "fecha_publicacion": "Publicado 1 Mar 2021", "area": "Sistemas y Tecnolog\u00eda", "num_vacantes": "1 Vacante", "profesion": "Ingenier\u00eda de sistemas  Computaci\u00f3n", "descripcion_general": "Descripci\u00f3n general                Zemsania Global Group ofrece soluciones tecnol\u00f3gicas y outsourcing de todo tipo de servicios IT especialmente de administraci\u00f3n de sistemas, b\u00fasqueda y selecci\u00f3n de profesionales, dise\u00f1o y construcci\u00f3n de soluciones digitales y consultor\u00eda y acompa\u00f1amiento de empresas durante su Transformaci\u00f3n Digital.  Gracias a nuestros 15 a\u00f1os de experiencia somos capaces de aportar soluciones y servicios \u00e1giles y con un mayor grado de compromiso hacia las necesidades de nuestros clientes.                    Zemsania Global Group ofrece soluciones tecnol\u00f3gicas y outsourcing de todo tipo de servicios IT especialmente de administraci\u00f3n de sistemas, b\u00fasqueda y selecci\u00f3n de profesionales, dise\u00f1o y construcci\u00f3n de soluciones digitales y consultor\u00eda y acompa\u00f1amiento de empresas durante su Transformaci\u00f3n Digital.  Gracias a nuestros 15 a\u00f1os de experiencia somos capaces de aportar soluciones y servicios \u00e1giles y con un mayor grado de compromiso hacia las necesidades de nuestros clientes.        Importante Multinacional espa\u00f1ola est\u00e1 en b\u00fasqueda de Consultor Windows, Directorio Activo y Azure  Requisitos: Ingeniero de Sistemas con tarjeta profesional.Experiencia de 3 a\u00f1os.Certificado MCSA en Windows 2012 o superior.Conocimeintos en: Implementaci\u00f3n, configuraci\u00f3n y administraci\u00f3n de la plataforma WSUS en clientes con sistemas operativo Windows y servidores con sistema operativo Windows Server 2012 y superior.Implementaci\u00f3n, configuraci\u00f3n y administraci\u00f3n de los servicios de Directorio Activo, incluyendo chequeos de salud y remediaci\u00f3n de los problemas encontrados.Implementaci\u00f3n, configuraci\u00f3n y administraci\u00f3n de la plataforma Azure incluyendo los servicios de Azure Active Directory, y replicaci\u00f3n de usuarios con AD Connect.Implementaci\u00f3n, configuraci\u00f3n y administraci\u00f3n de sistemas operativos Windows Server 2012 y superior, incluyendo los servicios de Directorio Activo, pol\u00edticas de grupo (GPOs), servicio DNS, servicio DHCP, servicio RADIUS, servicios de File Server (DFS, DFSR), y Failover Clustering.Migraci\u00f3n de componentes y servicios de Windows Server a otros servidores con la misma versi\u00f3n o superior.Implementaci\u00f3n, configuraci\u00f3n y administraci\u00f3n de tareas programadas en sistemas operativos Windows Server 2012 y superior.Monitoreo de sistemas operativos Windows Server 2012 y superior.Mantenimiento y revisi\u00f3n de registros de eventos de los servidores Windows Server 2012 y superior.Implementaci\u00f3n, configuraci\u00f3n y administraci\u00f3n de copias de seguridad (backup) y restauraci\u00f3n de servidores Windows Server 2012 y superior, incluyendo la revisi\u00f3n y ejecuci\u00f3n de pruebas de restauraci\u00f3n.Migraci\u00f3n de Controladores de Dominio con sistemas operativos Windows Server 2012 hacia Windows Server 2016.Condiciones Laborales: Proyecto por 9 meses.Enviar hoja de vida con los comprobantes solicitados a ********@********.***                Profesional                            Universitaria            Ingenier\u00eda de sistemas  Computaci\u00f3n3 a\u00f1os de experienciaConsultor                1                Vacante                            Requisitos para aplicar                                Importante Multinacional espa\u00f1ola est\u00e1 en b\u00fasqueda de Consultor Windows, Directorio Activo y Azure  Requisitos: Ingeniero de Sistemas con tarjeta profesional.Experiencia de 3 a\u00f1os.Certificado MCSA en Windows 2012 o superior.Conocimeintos en: Implementaci\u00f3n, configuraci\u00f3n y administraci\u00f3n de la plataforma WSUS en clientes con sistemas operativo Windows y servidores con sistema operativo Windows Server 2012 y superior.Implementaci\u00f3n, configuraci\u00f3n y administraci\u00f3n de los servicios de Directorio Activo, incluyendo chequeos de salud y remediaci\u00f3n de los problemas encontrados.Implementaci\u00f3n, configuraci\u00f3n y administraci\u00f3n de la plataforma Azure incluyendo los servicios de Azure Active Directory, y replicaci\u00f3n de usuarios con AD Connect.Implementaci\u00f3n, configuraci\u00f3n y administraci\u00f3n de sistemas operativos Windows Server 2012 y superior, incluyendo los servicios de Directorio Activo, pol\u00edticas de grupo (GPOs), servicio DNS, servicio DHCP, servicio RADIUS, servicios de File Server (DFS, DFSR), y Failover Clustering.Migraci\u00f3n de componentes y servicios de Windows Server a otros servidores con la misma versi\u00f3n o superior.Implementaci\u00f3n, configuraci\u00f3n y administraci\u00f3n de tareas programadas en sistemas operativos Windows Server 2012 y superior.Monitoreo de sistemas operativos Windows Server 2012 y superior.Mantenimiento y revisi\u00f3n de registros de eventos de los servidores Windows Server 2012 y superior.Implementaci\u00f3n, configuraci\u00f3n y administraci\u00f3n de copias de seguridad (backup) y restauraci\u00f3n de servidores Windows Server 2012 y superior, incluyendo la revisi\u00f3n y ejecuci\u00f3n de pruebas de restauraci\u00f3n.Migraci\u00f3n de Controladores de Dominio con sistemas operativos Windows Server 2012 hacia Windows Server 2016.Condiciones Laborales: Proyecto por 9 meses.Enviar hoja de vida con los comprobantes solicitados a ********@********.***Competencias para la vacante", "tipo_contrato": "Contrato Por obra o labor", "nivel_educativo": "Universitaria", "categoria": "Profesional", "sector": "Productores y distribuidores de ...", "experiencia": "3 a\u00f1os de experiencia", "id_empleo": "1883943267", "competencias": ""}