{"url_empleo": "https://www.elempleo.com/co/ofertas-trabajo/nutricionista-licencia-de-maternidad/1883987481", "fecha_recuperacion": "2021-03-01-22-04", "titulo_oferta": "Nutricionista / licencia de maternidad", "salario": "$2 a $2,5 millones", "ciudad": "Bogot\u00e1\r\n /                \r\n                  Otras", "fecha_publicacion": "Publicado 26 Feb 2021", "area": "Salud", "num_vacantes": "2 Vacantes", "profesion": "Nutrici\u00f3n y diet\u00e9tica", "descripcion_general": "Descripci\u00f3n general                Importante entidad de salud de IV nivel de atenci\u00f3n, requiere para conformar su equipo de trabajo profesional en nutrici\u00f3n. El objetivo del cargo es realizar intervenci\u00f3n nutricional  a los pacientes como parte del tratamiento integral y manejo multidisciplinario en los servicios de hospitalizaci\u00f3n asignados: -\tGrupo de Soporte Metab\u00f3lico y Nutricional-\tUnidad Neonatal-\tLactario-\tNutrici\u00f3n Cl\u00ednica (Servicios de hospitalizaci\u00f3n: pisos)-\tUnidades de Cuidado Intensivo e Intermedio -\tUrgencias,con el fin de brindar atenci\u00f3n nutricional integral de forma segura, oportuna y pertinente a los pacientes,  que contribuya a la recuperaci\u00f3n de su estado de salud durante el proceso de atenci\u00f3n m\u00e9dica.                    Importante entidad de salud de IV nivel de atenci\u00f3n, requiere para conformar su equipo de trabajo profesional en nutrici\u00f3n. El objetivo del cargo es realizar intervenci\u00f3n nutricional  a los pacientes como parte del tratamiento integral y manejo multidisciplinario en los servicios de hospitalizaci\u00f3n asignados: -\tGrupo de Soporte Metab\u00f3lico y Nutricional-\tUnidad Neonatal-\tLactario-\tNutrici\u00f3n Cl\u00ednica (Servicios de hospitalizaci\u00f3n: pisos)-\tUnidades de Cuidado Intensivo e Intermedio -\tUrgencias,con el fin de brindar atenci\u00f3n nutricional integral de forma segura, oportuna y pertinente a los pacientes,  que contribuya a la recuperaci\u00f3n de su estado de salud durante el proceso de atenci\u00f3n m\u00e9dica.        Profesional de nutrici\u00f3n con experiencia en hospitales                Profesional Junior                            Universitaria            Nutrici\u00f3n y diet\u00e9tica2 a\u00f1os de experienciaProfesional                2                Vacantes                            Requisitos para aplicar                                Profesional de nutrici\u00f3n con experiencia en hospitales                Competencias para la vacante", "tipo_contrato": "", "nivel_educativo": "Universitaria", "categoria": "Profesional Junior", "sector": "Servicios hospitalarios, m\u00e9dicos...", "experiencia": "2 a\u00f1os de experiencia", "id_empleo": "1883987481", "competencias": ""}