{"url_empleo": "https://www.elempleo.com/co/ofertas-trabajo/react-native-developer/1883967741", "fecha_recuperacion": "2021-03-01-22-09", "titulo_oferta": "React native developer", "salario": "$6 a $8 millones", "ciudad": "Bogot\u00e1\r\n /                \r\n                  Otras", "fecha_publicacion": "Publicado 23 Feb 2021", "area": "Sistemas y Tecnolog\u00eda", "num_vacantes": "1 Vacante", "profesion": "Ingenier\u00eda de sistemas  Computaci\u00f3n", "descripcion_general": "Descripci\u00f3n general                Zemoga.inc is an all-star digital firm with over 15 years of experience in the IT market. Leading the best software development projects with some of the top brands of retail, media, finance, and enternainment industries in the US. and we are currently looking for a REACT NATIVE DEVELOPER to come join our team  You will participate in the design and development of web and mobile platforms for one of our american clients in the Tourism industry. As member of the team, you will solve complex technical challenges, and generate proposals  on how to make the product more attractive, user friendly, and better than anything else in the market. Based on your previous experiences, you will have the chance to participate in the development of more junior colleagues, acquiring more exposure on technical decision-making and possibly participate in sales proposals.  We offer you the possibility of having exposure to world- class projects, negotiating face to face with international teams, and the opportunity to make your voice be heard, along with a very attractive compensation and benefits package.                    Zemoga.inc is an all-star digital firm with over 15 years of experience in the IT market. Leading the best software development projects with some of the top brands of retail, media, finance, and enternainment industries in the US. and we are currently looking for a REACT NATIVE DEVELOPER to come join our team  You will participate in the design and development of web and mobile platforms for one of our american clients in the Tourism industry. As member of the team, you will solve complex technical challenges, and generate proposals  on how to make the product more attractive, user friendly, and better than anything else in the market. Based on your previous experiences, you will have the chance to participate in the development of more junior colleagues, acquiring more exposure on technical decision-making and possibly participate in sales proposals.  We offer you the possibility of having exposure to world- class projects, negotiating face to face with international teams, and the opportunity to make your voice be heard, along with a very attractive compensation and benefits package.        - 5 years of professional experience in software development in frontend or mobile projects- Familiar with Javascript, CSS, and HTML. - Experience working in React, preferably React Native. - Having worked in projects for american clients is a plus.- Experience working in other mobile technologies is a plus.                Profesional Senior                            Universitaria            Ingenier\u00eda de sistemas  Computaci\u00f3nIngenier\u00eda electr\u00f3nicaIngenier\u00eda mecatr\u00f3nicaIngenier\u00eda de redes y telecomunicaciones5 a\u00f1os de experienciaAnalistaIngeniero                1                Vacante                            Requisitos para aplicar                                - 5 years of professional experience in software development in frontend or mobile projects- Familiar with Javascript, CSS, and HTML. - Experience working in React, preferably React Native. - Having worked in projects for american clients is a plus.- Experience working in other mobile technologies is a plus.                Competencias para la vacante", "tipo_contrato": "Contrato Indefinido", "nivel_educativo": "Universitaria", "categoria": "Profesional Senior", "sector": "Productores y distribuidores de ...", "experiencia": "5 a\u00f1os de experiencia", "id_empleo": "1883967741", "competencias": ""}