{"url_empleo": "https://www.elempleo.com/co/ofertas-trabajo/frontend-software-engineer/1883802122", "fecha_recuperacion": "2021-03-01-22-09", "titulo_oferta": "Front-end software engineer", "salario": "Salario a convenir", "ciudad": "Bogot\u00e1\r\n /                \r\n                  Otras", "fecha_publicacion": "Publicado 23 Feb 2021", "area": "Sistemas y Tecnolog\u00eda", "num_vacantes": "2 Vacantes", "profesion": "Ingenier\u00eda de sistemas  Computaci\u00f3n", "descripcion_general": "Descripci\u00f3n general                Contribuir al desarrollo de aplicaciones web utilizando JavaScript, HTML5, JQuery y frameworks de JS como Angular entre otras tecnolog\u00edas que permitan construir interfaces de usuario brindando soluciones tecnol\u00f3gicas de una manera visualmente atractiva y a la Vanguardia de las tecnolog\u00edas. Funciones: Construir aplicaciones Web. Generar de una manera innovadora nuevas soluciones. Seguir los est\u00e1ndares de documentaci\u00f3n y codificaci\u00f3n definidos por la compa\u00f1\u00eda. Realizar pruebas de concepto sobre nuevas tecnolog\u00edas y analizar c\u00f3mo podemos aplicarlas a los desarrollos existentes.                    Contribuir al desarrollo de aplicaciones web utilizando JavaScript, HTML5, JQuery y frameworks de JS como Angular entre otras tecnolog\u00edas que permitan construir interfaces de usuario brindando soluciones tecnol\u00f3gicas de una manera visualmente atractiva y a la Vanguardia de las tecnolog\u00edas. Funciones: Construir aplicaciones Web. Generar de una manera innovadora nuevas soluciones. Seguir los est\u00e1ndares de documentaci\u00f3n y codificaci\u00f3n definidos por la compa\u00f1\u00eda. Realizar pruebas de concepto sobre nuevas tecnolog\u00edas y analizar c\u00f3mo podemos aplicarlas a los desarrollos existentes.        Se requiere Ingeniero de Sistemas o afines, graduado con 2 a 4 a\u00f1os de experiencia. con conocimiento y experiencia en la construcci\u00f3n de sitios o aplicaciones web con: JavaScript, HTML5, CSS, Ajax, JSON, JQuery, JQuery-UI, JQuery-Mobile. con conocimiento y experiencia en alguno de los frameworks de MVC y MVVM como: Backbone, Knockout, Angular, Javascript MVC,                Profesional                            Universitaria            Ingenier\u00eda de sistemas  Computaci\u00f3nIngenier\u00eda electr\u00f3nicaIngenier\u00eda mecatr\u00f3nicaIngenier\u00eda telem\u00e1tica2 a\u00f1os de experienciaIngeniero                2                Vacantes                            Requisitos para aplicar                                Se requiere Ingeniero de Sistemas o afines, graduado con 2 a 4 a\u00f1os de experiencia. con conocimiento y experiencia en la construcci\u00f3n de sitios o aplicaciones web con: JavaScript, HTML5, CSS, Ajax, JSON, JQuery, JQuery-UI, JQuery-Mobile. con conocimiento y experiencia en alguno de los frameworks de MVC y MVVM como: Backbone, Knockout, Angular, Javascript MVC,                Competencias para la vacante", "tipo_contrato": "Contrato Indefinido", "nivel_educativo": "Universitaria", "categoria": "Profesional", "sector": "Productores y distribuidores de ...", "experiencia": "2 a\u00f1os de experiencia", "id_empleo": "1883802122", "competencias": ""}