{"url_empleo": "https://www.elempleo.com/co/ofertas-trabajo/auxiliar-de-cocina-junior-zona-norte-chia-cota-cajica-zipaquira-tocancipa/1883116555", "fecha_recuperacion": "2021-03-01-22-12", "titulo_oferta": "Auxiliar de cocina junior - zona norte, chia, cota, cajica, zipaquira, tocancipa", "salario": "Menos de $1 mill\u00f3n", "ciudad": "Bogot\u00e1", "fecha_publicacion": "Publicado 19 Feb 2021", "area": "Operaciones y Procesos", "num_vacantes": "1 Vacante", "profesion": "Profesional en Gastronom\u00eda", "descripcion_general": "Descripci\u00f3n general                Reconocida universidad requiere AUXILIAR DE COCINA JUNIOR personal que viva por la ZONA NORTE, CHIA, COTA, CAJICA, ZIPAQUIRA, TOCANCIPA. T\u00e9cnico o tecn\u00f3logo en gastronom\u00eda con m\u00ednimo 1 a\u00f1o de experiencia en cargos similares, con conocimientos en cocina. Si la persona no tiene el t\u00edtulo t\u00e9cnico sino bachillerato y experiencia, que sea m\u00ednimo 1 a\u00f1o y medio de experiencia. NO ESTUDIANTES. TENER CARNET DE MANIPULACI\u00d3N DE ALIMENTOS VIGENTEFUNCIONES: Apoyar los procesos de alistamiento y preparaci\u00f3n de los productos requeridos en los centros de producci\u00f3n y en los puntos de venta. Limpiar y desinfectar los utensilios, equipos y la zona de producci\u00f3n a su cargo.HORARIOS: Lunes a S\u00e1bado y 1 Domingo cada 15 d\u00edas.LUGAR DE TRABAJO: ChiaSALARIO: $ 877.803 + prestaciones de ley                    Reconocida universidad requiere AUXILIAR DE COCINA JUNIOR personal que viva por la ZONA NORTE, CHIA, COTA, CAJICA, ZIPAQUIRA, TOCANCIPA. T\u00e9cnico o tecn\u00f3logo en gastronom\u00eda con m\u00ednimo 1 a\u00f1o de experiencia en cargos similares, con conocimientos en cocina. Si la persona no tiene el t\u00edtulo t\u00e9cnico sino bachillerato y experiencia, que sea m\u00ednimo 1 a\u00f1o y medio de experiencia. NO ESTUDIANTES. TENER CARNET DE MANIPULACI\u00d3N DE ALIMENTOS VIGENTEFUNCIONES: Apoyar los procesos de alistamiento y preparaci\u00f3n de los productos requeridos en los centros de producci\u00f3n y en los puntos de venta. Limpiar y desinfectar los utensilios, equipos y la zona de producci\u00f3n a su cargo.HORARIOS: Lunes a S\u00e1bado y 1 Domingo cada 15 d\u00edas.LUGAR DE TRABAJO: ChiaSALARIO: $ 877.803 + prestaciones de ley                            Auxiliar, asistencial y otros                            T\u00e9cnico Laboral            Profesional en Gastronom\u00eda1 a\u00f1o de experienciaAuxiliar                1                Vacante            Competencias para la vacante                                            cocina", "tipo_contrato": "Contrato Por obra o labor", "nivel_educativo": "T\u00e9cnico Laboral", "categoria": "Auxiliar, asistencial y otros", "sector": "Universidades", "experiencia": "1 a\u00f1o de experiencia", "id_empleo": "1883116555", "competencias": "cocina"}