{"url_empleo": "https://www.elempleo.com/co/ofertas-trabajo/especialista-continuidad-del-negocio/1883957595", "fecha_recuperacion": "2021-03-01-22-16", "titulo_oferta": "Especialista continuidad del negocio", "salario": "$3 a $3,5 millones", "ciudad": "Bogot\u00e1\r\n /                \r\n                  Otras", "fecha_publicacion": "Publicado 17 Feb 2021", "area": "Calidad (aseguramiento, gesti\u00f3n ...", "num_vacantes": "1 Vacante", "profesion": "Administraci\u00f3n de empresas", "descripcion_general": "Descripci\u00f3n general                Estoy en b\u00fasqueda de un Especialista que se encargue de apoyar la administraci\u00f3n y mejoramiento del plan de continuidad de negocio de la compa\u00f1\u00eda cumpliendo con los requisitos normativos y mejores pr\u00e1cticas en la materia. Salario: $3.666.000Contrato: indefinido                    Estoy en b\u00fasqueda de un Especialista que se encargue de apoyar la administraci\u00f3n y mejoramiento del plan de continuidad de negocio de la compa\u00f1\u00eda cumpliendo con los requisitos normativos y mejores pr\u00e1cticas en la materia. Salario: $3.666.000Contrato: indefinido        3 a\u00f1os de experiencia relacionados con la administraci\u00f3n de la continuidad de negocio Profesional en Ingenier\u00eda de sistemas, administraci\u00f3n de empresas, ingenier\u00eda industrial o afines con especializaci\u00f3n preferiblemente en \u00e1reas relacionadas con control y/o administraci\u00f3n de riesgos.                Profesional                            Especializaci\u00f3n            Administraci\u00f3n de empresasProfesional                1                Vacante                            Requisitos para aplicar                                3 a\u00f1os de experiencia relacionados con la administraci\u00f3n de la continuidad de negocio Profesional en Ingenier\u00eda de sistemas, administraci\u00f3n de empresas, ingenier\u00eda industrial o afines con especializaci\u00f3n preferiblemente en \u00e1reas relacionadas con control y/o administraci\u00f3n de riesgos.                Competencias para la vacante", "tipo_contrato": "", "nivel_educativo": "Especializaci\u00f3n", "categoria": "Profesional", "sector": "Fiduciaria", "experiencia": "", "id_empleo": "1883957595", "competencias": ""}