{"url_empleo": "https://www.elempleo.com/co/ofertas-trabajo/desarrollador-net/1883948096", "fecha_recuperacion": "2021-03-01-22-00", "titulo_oferta": "Desarrollador .net", "salario": "$2,5 a $3 millones", "ciudad": "Bogot\u00e1", "fecha_publicacion": "Publicado 1 Mar 2021", "area": "Sistemas y Tecnolog\u00eda", "num_vacantes": "5 Vacantes", "profesion": "Ingenier\u00eda de sistemas  Computaci\u00f3n", "descripcion_general": "Descripci\u00f3n general                Zemsania Global Group ofrece soluciones tecnol\u00f3gicas y outsourcing de todo tipo de servicios IT especialmente de administraci\u00f3n de sistemas, b\u00fasqueda y selecci\u00f3n de profesionales, dise\u00f1o y construcci\u00f3n de soluciones digitales y consultor\u00eda y acompa\u00f1amiento de empresas durante su Transformaci\u00f3n Digital.  Gracias a nuestros 15 a\u00f1os de experiencia somos capaces de aportar soluciones y servicios \u00e1giles y con un mayor grado de compromiso hacia las necesidades de nuestros clientes.                    Zemsania Global Group ofrece soluciones tecnol\u00f3gicas y outsourcing de todo tipo de servicios IT especialmente de administraci\u00f3n de sistemas, b\u00fasqueda y selecci\u00f3n de profesionales, dise\u00f1o y construcci\u00f3n de soluciones digitales y consultor\u00eda y acompa\u00f1amiento de empresas durante su Transformaci\u00f3n Digital.  Gracias a nuestros 15 a\u00f1os de experiencia somos capaces de aportar soluciones y servicios \u00e1giles y con un mayor grado de compromiso hacia las necesidades de nuestros clientes.        Ingeniero de Sistema o afines.Experiencia de 2 a\u00f1os.Experiencia y conocimientos en .NET, MySQL, Manejo ETL\u00b4s.                Profesional                            Universitaria            Ingenier\u00eda de sistemas  Computaci\u00f3n2 a\u00f1os de experiencia(Otro)                5                Vacantes                            Requisitos para aplicar                                Ingeniero de Sistema o afines.Experiencia de 2 a\u00f1os.Experiencia y conocimientos en .NET, MySQL, Manejo ETL\u00b4s.                Competencias para la vacante", "tipo_contrato": "Contrato Por obra o labor", "nivel_educativo": "Universitaria", "categoria": "Profesional", "sector": "Productores y distribuidores de ...", "experiencia": "2 a\u00f1os de experiencia", "id_empleo": "1883948096", "competencias": ""}