{"url_empleo": "https://www.elempleo.com/co/ofertas-trabajo/jefe-de-logistica/1884460289", "fecha_recuperacion": "2021-03-01-22-05", "titulo_oferta": "Jefe de logistica", "salario": "$6 a $8 millones", "ciudad": "Bogot\u00e1", "fecha_publicacion": "Publicado 25 Feb 2021", "area": "Distribuci\u00f3n o log\u00edstica de Tran...", "num_vacantes": "1 Vacante", "profesion": "Econom\u00eda", "descripcion_general": "Descripci\u00f3n general                Multinacional del sector log\u00edstico y de transporte , busca agregar a su equipo de trabajo JEFE DE LOG\u00cdSTICA-TRANSPORTE, debe ser Profesional en administraci\u00f3n, ingenier\u00eda log\u00edstica o industrial y carreras afines a log\u00edstica / transporte y distribuci\u00f3n, contar con experiencia m\u00ednima de 3 a\u00f1os en procesos de distribuci\u00f3n como zonificaci\u00f3n, enrutamiento, seguimiento de pedidos, negociaci\u00f3n con transportadores, manejo de ruta propia y terceros, manejo de clientes y de personal (mas de 80 personas conductores, auxiliares de bodeda, calidad), conocimiento en almacenamiento de carga seca y en cuarto fr\u00edo (opcional), conocimiento en inventarios, manejo de indicadores e informes de gesti\u00f3n tanto a clientes como a   gerencias. Habilidades requeridas Liderazgo positivo, asertividad, trabajo en equipo, toma de decisi\u00f3n, capacidad de an\u00e1lisis, orientaci\u00f3n al logro. El reto principal que tendr\u00e1s es \u201cDirigir, coordinar y controlar las operaciones de log\u00edstica y distribuci\u00f3n con el fin de asegurar la satisfacci\u00f3n del cliente en cumplimiento de las promesas de servicio y haciendo uso eficiente de los recursos asignados al proceso\u201d.Debes contar con Conocimientos en transporte y distribuci\u00f3n, Seguridad vialHorarios adaptados al proceso log\u00edstico. Salario a definir dependiendo de experiencia + contrato indefinido. Crecimiento laboral y excelentes planes de bienestar. Si te encuentras interesado/a y cumples con todos los requisitos post\u00falate.                    Multinacional del sector log\u00edstico y de transporte , busca agregar a su equipo de trabajo JEFE DE LOG\u00cdSTICA-TRANSPORTE, debe ser Profesional en administraci\u00f3n, ingenier\u00eda log\u00edstica o industrial y carreras afines a log\u00edstica / transporte y distribuci\u00f3n, contar con experiencia m\u00ednima de 3 a\u00f1os en procesos de distribuci\u00f3n como zonificaci\u00f3n, enrutamiento, seguimiento de pedidos, negociaci\u00f3n con transportadores, manejo de ruta propia y terceros, manejo de clientes y de personal (mas de 80 personas conductores, auxiliares de bodeda, calidad), conocimiento en almacenamiento de carga seca y en cuarto fr\u00edo (opcional), conocimiento en inventarios, manejo de indicadores e informes de gesti\u00f3n tanto a clientes como a   gerencias. Habilidades requeridas Liderazgo positivo, asertividad, trabajo en equipo, toma de decisi\u00f3n, capacidad de an\u00e1lisis, orientaci\u00f3n al logro. El reto principal que tendr\u00e1s es \u201cDirigir, coordinar y controlar las operaciones de log\u00edstica y distribuci\u00f3n con el fin de asegurar la satisfacci\u00f3n del cliente en cumplimiento de las promesas de servicio y haciendo uso eficiente de los recursos asignados al proceso\u201d.Debes contar con Conocimientos en transporte y distribuci\u00f3n, Seguridad vialHorarios adaptados al proceso log\u00edstico. Salario a definir dependiendo de experiencia + contrato indefinido. Crecimiento laboral y excelentes planes de bienestar. Si te encuentras interesado/a y cumples con todos los requisitos post\u00falate.                            Profesional Senior                            Universitaria            Econom\u00edaIngenier\u00eda industrialAdministraci\u00f3n de empresasIngenier\u00eda de transportes y v\u00edas3 a\u00f1os de experiencia                1                Vacante            Competencias para la vacante                                            JEFE DE LOGISTICA", "tipo_contrato": "Contrato Indefinido", "nivel_educativo": "Universitaria", "categoria": "Profesional Senior", "sector": "Transporte", "experiencia": "3 a\u00f1os de experiencia", "id_empleo": "1884460289", "competencias": "JEFE DE LOGISTICA"}