{"url_empleo": "https://www.elempleo.com/co/ofertas-trabajo/it-project-manager/1884494050", "fecha_recuperacion": "2021-03-01-22-04", "titulo_oferta": "It project manager", "salario": "$5,5 a $6 millones", "ciudad": "Bogot\u00e1", "fecha_publicacion": "Publicado 25 Feb 2021", "area": "Sistemas y Tecnolog\u00eda", "num_vacantes": "1 Vacante", "profesion": "Ingenier\u00eda de sistemas  Computaci\u00f3n", "descripcion_general": "Descripci\u00f3n general                Descripci\u00f3n de la vacante: El especialista de seguridad en AWS estar\u00e1 a cargo, en compa\u00f1\u00eda de la direcci\u00f3n de ciberseguridad y de los arquitectos de seguridad de la definici\u00f3n de los controles propios a la nube y de liderar la implementaci\u00f3n de dichos controles. Debe garantizar que la organizaci\u00f3n tome las mejores decisiones en relaci\u00f3n al nivel de exposici\u00f3n de los riesgos cibern\u00e9ticos a los que se enfrenta, por medio de una metodolog\u00eda de identificaci\u00f3n, evaluaci\u00f3n, monitoreo y control de los riesgos tecnol\u00f3gicos asociados a debilidades en la seguridad en la nube. Actividades del cargo:-Dise\u00f1ar los modelos de seguridad en la nube que mapeen los requerimientos de compliance definidos en el    banco.-Definir e implementar los mecanismos que garanticen la adopci\u00f3n de dichos modelos en los diferentes proyectos, habilitando pr\u00e1cticas como Infraestructura como c\u00f3digo y CI/CD que incorporen los modelos de seguridad.-Definir e implementar mecanismos que permitan identificar el no cumplimiento de los modelos definidos y ejecutar las actividades de remediaci\u00f3n.-Acompa\u00f1ar a los arquitectos de seguridad en las etapas tempranas del dise\u00f1o para que los drafts de arquitectura reflejen los modelos de seguridad definidos. Habilidades necesarias:? Experto en AWS Secure? Seguridad de la informaci\u00f3n en la nube? CloudFormation? Cloud Security Habilidades deseadas:? Desarrollo en Python, Java o Javascript? Alta capacidad de aprendizaje.? Liderazgo personal, autogesti\u00f3n, proactividad.                    Descripci\u00f3n de la vacante: El especialista de seguridad en AWS estar\u00e1 a cargo, en compa\u00f1\u00eda de la direcci\u00f3n de ciberseguridad y de los arquitectos de seguridad de la definici\u00f3n de los controles propios a la nube y de liderar la implementaci\u00f3n de dichos controles. Debe garantizar que la organizaci\u00f3n tome las mejores decisiones en relaci\u00f3n al nivel de exposici\u00f3n de los riesgos cibern\u00e9ticos a los que se enfrenta, por medio de una metodolog\u00eda de identificaci\u00f3n, evaluaci\u00f3n, monitoreo y control de los riesgos tecnol\u00f3gicos asociados a debilidades en la seguridad en la nube. Actividades del cargo:-Dise\u00f1ar los modelos de seguridad en la nube que mapeen los requerimientos de compliance definidos en el    banco.-Definir e implementar los mecanismos que garanticen la adopci\u00f3n de dichos modelos en los diferentes proyectos, habilitando pr\u00e1cticas como Infraestructura como c\u00f3digo y CI/CD que incorporen los modelos de seguridad.-Definir e implementar mecanismos que permitan identificar el no cumplimiento de los modelos definidos y ejecutar las actividades de remediaci\u00f3n.-Acompa\u00f1ar a los arquitectos de seguridad en las etapas tempranas del dise\u00f1o para que los drafts de arquitectura reflejen los modelos de seguridad definidos. Habilidades necesarias:? Experto en AWS Secure? Seguridad de la informaci\u00f3n en la nube? CloudFormation? Cloud Security Habilidades deseadas:? Desarrollo en Python, Java o Javascript? Alta capacidad de aprendizaje.? Liderazgo personal, autogesti\u00f3n, proactividad.                            Profesional                            Universitaria            Ingenier\u00eda de sistemas  Computaci\u00f3nTecn Sistemas  Computaci\u00f3nT\u00e9cnico en desarrollo y mantenimiento de software                1                Vacante            Competencias para la vacante                                            project manager                                                                                    Gerente de proyectos", "tipo_contrato": "Contrato Indefinido", "nivel_educativo": "Universitaria", "categoria": "Profesional", "sector": "Inform\u00e1ticos", "experiencia": "", "id_empleo": "1884494050", "competencias": "project manager,Gerente de proyectos"}