{"url_empleo": "https://www.elempleo.com/co/ofertas-trabajo/auxiliar-de-informacion-futura-vacante/1884661114", "fecha_recuperacion": "2021-03-01-22-09", "titulo_oferta": "Auxiliar de informaci\u00f3n (futura vacante)", "salario": "Salario a convenir", "ciudad": "Cali", "fecha_publicacion": "Publicado 23 Feb 2021", "area": "Administrativa y Financiera", "num_vacantes": "1 Vacante", "profesion": "Ingenier\u00eda industrial", "descripcion_general": "Descripci\u00f3n general                En TQ buscamos Auxiliares de Informaci\u00f3n para FUTURAS VACANTES, que cuenten con el siguiente perfil: - Estudiantes de Ingenier\u00eda Industrial, Econom\u00eda, Mercadeo, Administraci\u00f3n de Empresas y Contadur\u00eda P\u00fablica que est\u00e9n cursando Tercer, Cuarto, Quinto, Sexto, S\u00e9ptimo y Octavo semestre en jornada nocturna, con experiencia m\u00ednima de 6 meses en an\u00e1lisis, procesamiento y verificaci\u00f3n de informaci\u00f3n a trav\u00e9s de Excel (intermedio), generaci\u00f3n de reportes e informes.- Disponibilidad para realizar el proceso de selecci\u00f3n de manera anticipada. Para tu bienestar TQ cuenta con casino, entre otros beneficios.                    En TQ buscamos Auxiliares de Informaci\u00f3n para FUTURAS VACANTES, que cuenten con el siguiente perfil: - Estudiantes de Ingenier\u00eda Industrial, Econom\u00eda, Mercadeo, Administraci\u00f3n de Empresas y Contadur\u00eda P\u00fablica que est\u00e9n cursando Tercer, Cuarto, Quinto, Sexto, S\u00e9ptimo y Octavo semestre en jornada nocturna, con experiencia m\u00ednima de 6 meses en an\u00e1lisis, procesamiento y verificaci\u00f3n de informaci\u00f3n a trav\u00e9s de Excel (intermedio), generaci\u00f3n de reportes e informes.- Disponibilidad para realizar el proceso de selecci\u00f3n de manera anticipada. Para tu bienestar TQ cuenta con casino, entre otros beneficios.                            Profesional                            Universitaria            Ingenier\u00eda industrial1 a\u00f1o de experiencia                1                Vacante            Competencias para la vacante                                            Estudiante de ingenier\u00eda industrial                                                                                    Estudiante de administraci\u00f3n de empresas                                                                                    Mercadeo                                                                                    Contadur\u00eda publica", "tipo_contrato": "", "nivel_educativo": "Universitaria", "categoria": "Profesional", "sector": "Laboratorios farmac\u00e9uticos y otros", "experiencia": "1 a\u00f1o de experiencia", "id_empleo": "1884661114", "competencias": "Estudiante de ingenier\u00eda industrial,Estudiante de administraci\u00f3n de empresas,Mercadeo,Contadur\u00eda publica"}