{"url_empleo": "https://www.elempleo.com/co/ofertas-trabajo/consultor-cuentas-corporativas-armenia-quindio/1884668158", "fecha_recuperacion": "2021-03-01-22-01", "titulo_oferta": "Consultor cuentas corporativas armenia quindio", "salario": "Salario a convenir", "ciudad": "Bogot\u00e1", "fecha_publicacion": "Publicado 1 Mar 2021", "area": "Comercial, Ventas y Telemercadeo", "num_vacantes": "1 Vacante", "profesion": "Comunicaci\u00f3n social y periodismo", "descripcion_general": "Descripci\u00f3n general                Controlar y representar de forma integral, todas las actividades relacionadas entre el cliente de \u00a0CLARO, dirigiendo las diferentes \u00e1reas de contacto que la interacci\u00f3n requiera, con el objetivo de incrementar el n\u00famero de l\u00edneas, productos y servicios que presta CLARO en cada una de las cuentas del segmento asignado, dando cumplimiento a la cuota asignada, generando mutua confianza hacia los clientes, negocios sostenibles y duraderos con un alto nivel de relacionamiento. Todo esto bajo las pol\u00edticas trazadas por la compa\u00f1\u00eda para obtener los mejores resultados, cumpliendo los est\u00e1ndares de servicio y calidad, fijados para \u00a0el mercado corporativo.                    Controlar y representar de forma integral, todas las actividades relacionadas entre el cliente de \u00a0CLARO, dirigiendo las diferentes \u00e1reas de contacto que la interacci\u00f3n requiera, con el objetivo de incrementar el n\u00famero de l\u00edneas, productos y servicios que presta CLARO en cada una de las cuentas del segmento asignado, dando cumplimiento a la cuota asignada, generando mutua confianza hacia los clientes, negocios sostenibles y duraderos con un alto nivel de relacionamiento. Todo esto bajo las pol\u00edticas trazadas por la compa\u00f1\u00eda para obtener los mejores resultados, cumpliendo los est\u00e1ndares de servicio y calidad, fijados para \u00a0el mercado corporativo.                            Profesional                            Universitaria            Comunicaci\u00f3n social y periodismoPublicidad y mercadeoAdministraci\u00f3n de empresasAdministraci\u00f3n de negocios3 a\u00f1os de experiencia                1                Vacante            Competencias para la vacante                                            consultores", "tipo_contrato": "Contrato Indefinido", "nivel_educativo": "Universitaria", "categoria": "Profesional", "sector": "Celulares", "experiencia": "3 a\u00f1os de experiencia", "id_empleo": "1884668158", "competencias": "consultores"}