{"url_empleo": "https://www.elempleo.com/co/ofertas-trabajo/conductor-de-ruta-escolar-zona-norte-chia-o-cajica/1884660139", "fecha_recuperacion": "2021-03-01-22-08", "titulo_oferta": "Conductor de ruta escolar - zona norte, chia o cajica", "salario": "$1 a $1,5 millones", "ciudad": "Bogot\u00e1", "fecha_publicacion": "Publicado 24 Feb 2021", "area": "Sin Definir", "num_vacantes": "1 Vacante", "profesion": "Sin Profesi\u00f3n", "descripcion_general": "Descripci\u00f3n general                Empresa de transporte escolar, busca conductor que viva en Norte, Ch\u00eda o Cajic\u00e1, si vive en otros sectores, deber\u00e1n llegar a Guaymaral por sus propios medios. Experiencia m\u00ednima de 2 a\u00f1os como conductor (Certificada) y con licencia de conducci\u00f3n de C2 vigente. Salario: Entre $1.150.000 y $1.250.000 (Dependiendo del veh\u00edculo asignado) + $102.854 de auxilio de transporte + prestaciones de ley + Beneficios corporativos.Horarios: Lunes a viernes de 4:45 a.m. a 8:30 a.m. y 2:00 p.m. a 6:00 p.m. S\u00e1bados: A necesidad de la empresa.                    Empresa de transporte escolar, busca conductor que viva en Norte, Ch\u00eda o Cajic\u00e1, si vive en otros sectores, deber\u00e1n llegar a Guaymaral por sus propios medios. Experiencia m\u00ednima de 2 a\u00f1os como conductor (Certificada) y con licencia de conducci\u00f3n de C2 vigente. Salario: Entre $1.150.000 y $1.250.000 (Dependiendo del veh\u00edculo asignado) + $102.854 de auxilio de transporte + prestaciones de ley + Beneficios corporativos.Horarios: Lunes a viernes de 4:45 a.m. a 8:30 a.m. y 2:00 p.m. a 6:00 p.m. S\u00e1bados: A necesidad de la empresa.                            Auxiliar, asistencial y otros                            B\u00e1sica Primaria (1\u00b0 - 5\u00b0)            Sin Profesi\u00f3n2 a\u00f1os de experiencia                1                Vacante            Competencias para la vacante                                            Conductor", "tipo_contrato": "Contrato Por obra o labor", "nivel_educativo": "B\u00e1sica Primaria (1\u00b0 - 5\u00b0)", "categoria": "Auxiliar, asistencial y otros", "sector": "Transporte", "experiencia": "2 a\u00f1os de experiencia", "id_empleo": "1884660139", "competencias": "Conductor"}