{"url_empleo": "https://www.elempleo.com/co/ofertas-trabajo/practicante-de-ingenieria-ambiental/1884503959", "fecha_recuperacion": "2021-03-01-22-09", "titulo_oferta": "Practicante de ingenier\u00eda ambiental", "salario": "Menos de $1 mill\u00f3n", "ciudad": "Medell\u00edn", "fecha_publicacion": "Publicado 23 Feb 2021", "area": "Seguridad Industrial, Ambiental ...", "num_vacantes": "1 Vacante", "profesion": "Ingenier\u00eda ambiental  Forestal", "descripcion_general": "Descripci\u00f3n general                Se requiere un practicante de ingenier\u00eda ambiental , se ofrece el SMLV y auxilio de alimentaci\u00f3n, para realizar:  MISI\u00d3N DEL CARGO:\u2022\tApoyar en el dise\u00f1o del programa de vertimientos industriales.\u2022\tApoyar en el dise\u00f1o del programa de emisiones por fuentes fijas\u2022\tApoyar en la caracterizaci\u00f3n de qu\u00edmicos basado en el sistema globalmente armonizado\u2022\tApoyo en RUA\u2022\tApoyo en log\u00edstica de la conformaci\u00f3n del DGA  decreto 1299/2008 Funciones del cargo ?\tApoyo en la construcci\u00f3n de la Matriz de aspectos e impactos ?\tCaracterizaci\u00f3n de vertimientos, manejo, plan de acci\u00f3n e inspecciones?\tCaracterizaci\u00f3n de fuentes fijas, manejo, plan de acci\u00f3n e inspecciones?\tCaracterizaci\u00f3n de qu\u00edmicos basado en el sistema globalmente armonizado ( clasificaci\u00f3n, etiquetado, matriz de compatibilidad, almacenamiento, disposici\u00f3n de residuos)?\tInscripci\u00f3n RUA (Registro \u00fanico ambiental)?\tDiagnostico ambiental?\tEntre otras de apoyo e la gesti\u00f3n ambiental                    Se requiere un practicante de ingenier\u00eda ambiental , se ofrece el SMLV y auxilio de alimentaci\u00f3n, para realizar:  MISI\u00d3N DEL CARGO:\u2022\tApoyar en el dise\u00f1o del programa de vertimientos industriales.\u2022\tApoyar en el dise\u00f1o del programa de emisiones por fuentes fijas\u2022\tApoyar en la caracterizaci\u00f3n de qu\u00edmicos basado en el sistema globalmente armonizado\u2022\tApoyo en RUA\u2022\tApoyo en log\u00edstica de la conformaci\u00f3n del DGA  decreto 1299/2008 Funciones del cargo ?\tApoyo en la construcci\u00f3n de la Matriz de aspectos e impactos ?\tCaracterizaci\u00f3n de vertimientos, manejo, plan de acci\u00f3n e inspecciones?\tCaracterizaci\u00f3n de fuentes fijas, manejo, plan de acci\u00f3n e inspecciones?\tCaracterizaci\u00f3n de qu\u00edmicos basado en el sistema globalmente armonizado ( clasificaci\u00f3n, etiquetado, matriz de compatibilidad, almacenamiento, disposici\u00f3n de residuos)?\tInscripci\u00f3n RUA (Registro \u00fanico ambiental)?\tDiagnostico ambiental?\tEntre otras de apoyo e la gesti\u00f3n ambiental                            Profesional                            Universitaria            Ingenier\u00eda ambiental  Forestal                1                Vacante            Competencias para la vacante                                            practicante                                                                                    ingenieria                                                                                    ambiental", "tipo_contrato": "Contrato Contrato de aprendizaje", "nivel_educativo": "Universitaria", "categoria": "Profesional", "sector": "Consumo masivo", "experiencia": "", "id_empleo": "1884503959", "competencias": "practicante,ingenieria,ambiental"}