{"url_empleo": "https://www.elempleo.com/co/ofertas-trabajo/atencion-al-usuario-medellin/1884644368", "fecha_recuperacion": "2021-03-01-22-12", "titulo_oferta": "Atenci\u00f3n al usuario medell\u00edn", "salario": "$1 a $1,5 millones", "ciudad": "Medell\u00edn", "fecha_publicacion": "Publicado 21 Feb 2021", "area": "Salud", "num_vacantes": "1 Vacante", "profesion": "Tecnolog\u00eda en Gesti\u00f3n Administra...", "descripcion_general": "Descripci\u00f3n general                Importante instituci\u00f3n requiere para su equipo de trabajo AUXILIAR DE ATENCI\u00d3N AL USUARIO/AUXILIAR DE ADMISIONES,  con experiencia  de servicio al usuario  y conocimientos  de  Ley 100.Salario: 1.300.000.Disponibilidad inmediata.                    Importante instituci\u00f3n requiere para su equipo de trabajo AUXILIAR DE ATENCI\u00d3N AL USUARIO/AUXILIAR DE ADMISIONES,  con experiencia  de servicio al usuario  y conocimientos  de  Ley 100.Salario: 1.300.000.Disponibilidad inmediata.                            Auxiliar, asistencial y otros                            Tecnol\u00f3gica            Tecnolog\u00eda en Gesti\u00f3n Administrativa1 a\u00f1o de experiencia                1                Vacante            Competencias para la vacante                                            MEDELLIN                                                                                    AUXILIAR DE ADMISIONES                                                                                    CONOCIMIENTO EN LEY 100                                                                                    EXPERIENCIA EN ATENCI\u00d3N AL USUARIO", "tipo_contrato": "", "nivel_educativo": "Tecnol\u00f3gica", "categoria": "Auxiliar, asistencial y otros", "sector": "Salud, trabajo y seguridad social", "experiencia": "1 a\u00f1o de experiencia", "id_empleo": "1884644368", "competencias": "MEDELLIN,AUXILIAR DE ADMISIONES,CONOCIMIENTO EN LEY 100,EXPERIENCIA EN ATENCI\u00d3N AL USUARIO"}