{"url_empleo": "https://www.elempleo.com/co/ofertas-trabajo/analista-de-riesgos-seguridad-privada/1884656643", "fecha_recuperacion": "2021-03-01-22-07", "titulo_oferta": "Analista de riesgos seguridad privada", "salario": "$1,5 a $2 millones", "ciudad": "Bogot\u00e1", "fecha_publicacion": "Publicado 24 Feb 2021", "area": "Servicios Generales, Aseo y Vigi...", "num_vacantes": "1 Vacante", "profesion": "Investigaci\u00f3n Judicial y Crimina...", "descripcion_general": "Descripci\u00f3n general                Empresa de seguridad requiere profesional en Administraci\u00f3n de empresas, ingenier\u00eda industrial, ciencias militares o policiales o carreras afines. Experiencia y conocimientos  realizando Asesor\u00eda,  consultoria e investigaci\u00f3n en an\u00e1lisis de riesgos en seguridad f\u00edsica, metodolog\u00edas del riesgo, conocimiento en normas BASC, ISO 9001, ISO 14001, ISO 31000, matriz RAM, estudios de seguridad, an\u00e1lisis y gesti\u00f3n de vulnerabilidades, visitas t\u00e9cnicas.  Manejo de labores administrativas y operativas, excelente presentaci\u00f3n personal, manejo de clientes corporativos, actitud de servicio al cliente y compromiso.  Si cumples con la totalidad de perfil postulate a la vacante.                    Empresa de seguridad requiere profesional en Administraci\u00f3n de empresas, ingenier\u00eda industrial, ciencias militares o policiales o carreras afines. Experiencia y conocimientos  realizando Asesor\u00eda,  consultoria e investigaci\u00f3n en an\u00e1lisis de riesgos en seguridad f\u00edsica, metodolog\u00edas del riesgo, conocimiento en normas BASC, ISO 9001, ISO 14001, ISO 31000, matriz RAM, estudios de seguridad, an\u00e1lisis y gesti\u00f3n de vulnerabilidades, visitas t\u00e9cnicas.  Manejo de labores administrativas y operativas, excelente presentaci\u00f3n personal, manejo de clientes corporativos, actitud de servicio al cliente y compromiso.  Si cumples con la totalidad de perfil postulate a la vacante.                            Profesional                            Universitaria            Investigaci\u00f3n Judicial y Criminal\u00edstica2 a\u00f1os de experiencia                1                Vacante            Competencias para la vacante                                            consultor                                                                                    seguridad privada", "tipo_contrato": "Contrato Definido", "nivel_educativo": "Universitaria", "categoria": "Profesional", "sector": "Vigilancia y seguridad", "experiencia": "2 a\u00f1os de experiencia", "id_empleo": "1884656643", "competencias": "consultor,seguridad privada"}