{"url_empleo": "https://www.elempleo.com/co/ofertas-trabajo/auxiliar-de-vestier-club-zona-norte/1884257273", "fecha_recuperacion": "2021-03-01-22-09", "titulo_oferta": "Auxiliar de vestier - club zona norte", "salario": "Menos de $1 mill\u00f3n", "ciudad": "Bogot\u00e1", "fecha_publicacion": "Publicado 23 Feb 2021", "area": "Operaciones y Procesos", "num_vacantes": "1 Vacante", "profesion": "Bachillerato Acad\u00e9mico", "descripcion_general": "Descripci\u00f3n general                Club social requiere  AUXILIAR DE VESTIER , personal bachiller, t\u00e9cnico o tecnologo en \u00e1reas de servicio al cliente o estudiantes que deseen trabajar los fds y cuenten con un buen servicio al cliente,  con conocimientos en servicio al cliente y herramientas ofim\u00e1ticas. Funciones: Garantizar la oportuna atenci\u00f3n al socio. Atender a las socias e invitadas.Velar por la seguridad de los implementos de cada una de ellas. Brindar el servicio de duchas suministr\u00e1ndole los implementos necesarios.  Atender las sugerencias e inquietudes de las socias para mejorar el servicio. Contar con m\u00ednimo 6 meses de experiencia en temas afines o cargos similares.SALARIO: 1.050.000 + prestaciones de leyHORARIOS: FINES DE SEMANA DE 7:00 AM A 4:00 PM, con beneficios de alimentaci\u00f3n dependiendo del horario de ingreso.                    Club social requiere  AUXILIAR DE VESTIER , personal bachiller, t\u00e9cnico o tecnologo en \u00e1reas de servicio al cliente o estudiantes que deseen trabajar los fds y cuenten con un buen servicio al cliente,  con conocimientos en servicio al cliente y herramientas ofim\u00e1ticas. Funciones: Garantizar la oportuna atenci\u00f3n al socio. Atender a las socias e invitadas.Velar por la seguridad de los implementos de cada una de ellas. Brindar el servicio de duchas suministr\u00e1ndole los implementos necesarios.  Atender las sugerencias e inquietudes de las socias para mejorar el servicio. Contar con m\u00ednimo 6 meses de experiencia en temas afines o cargos similares.SALARIO: 1.050.000 + prestaciones de leyHORARIOS: FINES DE SEMANA DE 7:00 AM A 4:00 PM, con beneficios de alimentaci\u00f3n dependiendo del horario de ingreso.                            Auxiliar, asistencial y otros                            Media (10\u00b0 - 13\u00b0)            Bachillerato Acad\u00e9micoBachillerato ComercialBachillerato T\u00e9cnicoMenos de un a\u00f1o de experiencia                1                Vacante            Competencias para la vacante                                            auxiliar vestir", "tipo_contrato": "Contrato Por obra o labor", "nivel_educativo": "Media (10\u00b0 - 13\u00b0)", "categoria": "Auxiliar, asistencial y otros", "sector": "Clubes", "experiencia": "Menos de un a\u00f1o de experiencia", "id_empleo": "1884257273", "competencias": "auxiliar vestir"}