{"url_empleo": "https://www.elempleo.com/co/ofertas-trabajo/contador-de-consorcios-y-uniones-temporales/1884665476", "fecha_recuperacion": "2021-03-01-22-16", "titulo_oferta": "Contador de consorcios y uniones temporales", "salario": "$2,5 a $3 millones", "ciudad": "Bogot\u00e1", "fecha_publicacion": "Publicado 18 Feb 2021", "area": "Administrativa y Financiera", "num_vacantes": "1 Vacante", "profesion": "Contadur\u00eda", "descripcion_general": "Descripci\u00f3n general                Empresa del sector construcci\u00f3n de obras civiles y fabricaci\u00f3n de estructuras met\u00e1licas requiere profesional en Contaduria Publica con experiencia expecifica en Consorcios y Uniones temporales. Ubicacion Fontibon. Horario de lunes a viernes 7 am a 5 pm.                    Empresa del sector construcci\u00f3n de obras civiles y fabricaci\u00f3n de estructuras met\u00e1licas requiere profesional en Contaduria Publica con experiencia expecifica en Consorcios y Uniones temporales. Ubicacion Fontibon. Horario de lunes a viernes 7 am a 5 pm.                            Profesional                            Universitaria            Contadur\u00eda3 a\u00f1os de experiencia                1                Vacante            Competencias para la vacante                                            CONSORCIOS                                                                                    UT                                                                                    CONTADOR", "tipo_contrato": "", "nivel_educativo": "Universitaria", "categoria": "Profesional", "sector": "Construcci\u00f3n", "experiencia": "3 a\u00f1os de experiencia", "id_empleo": "1884665476", "competencias": "CONSORCIOS,UT,CONTADOR"}