{"url_empleo": "https://www.elempleo.com/co/ofertas-trabajo/asesor-comercial-ibague/1884635243", "fecha_recuperacion": "2021-03-01-22-01", "titulo_oferta": "Asesor comercial ibague", "salario": "$1 a $1,5 millones", "ciudad": "Bogot\u00e1", "fecha_publicacion": "Publicado 1 Mar 2021", "area": "Ventas", "num_vacantes": "1 Vacante", "profesion": "Administraci\u00f3n de empresas", "descripcion_general": "Descripci\u00f3n general                POR CRECIMIENTO SE APERTURA 10 VACANTES DE (ASESORES COMERCIALES) EN UNA PRESTIGIOSA Y  RECONOCIDA EMPRESA DE TELECOMUNICACIONES LLAMADA CLARO. REQUISITOS:1. EXPERIENCIA M\u00cdNIMO 2 A\u00d1OS NETAMENTE COMERCIAL2. ESTUDIOS: T\u00c9CNICOS O  TECNOLOGICOS (CARRERAS COMERCIALES y/o CARRERAS A FINES)3. DISPONIBILIDAD TIEMPO COMPLETO CARACTER\u00cdSTICAS DEL CARGO: *SE TRABAJA EN NUESTROS PUNTOS DE VENTA (CENTROS COMERCIALES)*HORARIOS DE LUNES A S\u00c1BADO 2 DOMINGOS AL MES*D\u00cdA COMPENSATORIO ENTRE SEMANA *HORARIOS ROTATIVOS 8 HORAS OBJETIVO: OFRECER NUESTROS PRODUCTOS FIJO, M\u00d3VIL Y  ACCESORIOS  NO SOMOS UNA TEMPORAL, CONTRATACI\u00d3N INMEDIATA Y TERMINO INDEFINIDONO TE PIERDAS LA OPORTUNIDAD DE TENER CON NOSOTROS ESTA GRANDIOSA OPORTUNIDAD DE ESTAR ESTABLEMENTE LABORAL                    POR CRECIMIENTO SE APERTURA 10 VACANTES DE (ASESORES COMERCIALES) EN UNA PRESTIGIOSA Y  RECONOCIDA EMPRESA DE TELECOMUNICACIONES LLAMADA CLARO. REQUISITOS:1. EXPERIENCIA M\u00cdNIMO 2 A\u00d1OS NETAMENTE COMERCIAL2. ESTUDIOS: T\u00c9CNICOS O  TECNOLOGICOS (CARRERAS COMERCIALES y/o CARRERAS A FINES)3. DISPONIBILIDAD TIEMPO COMPLETO CARACTER\u00cdSTICAS DEL CARGO: *SE TRABAJA EN NUESTROS PUNTOS DE VENTA (CENTROS COMERCIALES)*HORARIOS DE LUNES A S\u00c1BADO 2 DOMINGOS AL MES*D\u00cdA COMPENSATORIO ENTRE SEMANA *HORARIOS ROTATIVOS 8 HORAS OBJETIVO: OFRECER NUESTROS PRODUCTOS FIJO, M\u00d3VIL Y  ACCESORIOS  NO SOMOS UNA TEMPORAL, CONTRATACI\u00d3N INMEDIATA Y TERMINO INDEFINIDONO TE PIERDAS LA OPORTUNIDAD DE TENER CON NOSOTROS ESTA GRANDIOSA OPORTUNIDAD DE ESTAR ESTABLEMENTE LABORAL                            Auxiliar, asistencial y otros                            T\u00e9cnico Laboral            Administraci\u00f3n de empresas2 a\u00f1os de experiencia                1                Vacante            Competencias para la vacante                                            IBAGUE                                                                                    ASESOR                                                                                    VENTAS", "tipo_contrato": "Contrato Indefinido", "nivel_educativo": "T\u00e9cnico Laboral", "categoria": "Auxiliar, asistencial y otros", "sector": "Equipos de telecomunicaciones", "experiencia": "2 a\u00f1os de experiencia", "id_empleo": "1884635243", "competencias": "IBAGUE,ASESOR,VENTAS"}