{"url_empleo": "https://www.elempleo.com/co/ofertas-trabajo/enfermero-servicio-de-ginecologia-y-obstetricia/1884462582", "fecha_recuperacion": "2021-03-01-22-05", "titulo_oferta": "Enfermero servicio de ginecolog\u00eda y obstetricia", "salario": "$2,5 a $3 millones", "ciudad": "Bogot\u00e1", "fecha_publicacion": "Publicado 25 Feb 2021", "area": "Salud", "num_vacantes": "1 Vacante", "profesion": "Enfermer\u00eda", "descripcion_general": "Descripci\u00f3n general                Estamos en b\u00fasqueda de:  Profesional de Enfermer\u00eda, con experiencia m\u00ednima de 1 a\u00f1o en el servicio de ginecolog\u00eda y obstetricia, sala de partos o urgencias de ginecobstetricia. Indispensable contar con certificado  en c\u00f3digo azul, c\u00f3digo rojo obst\u00e9trico y soporte vital b\u00e1sico. Contrato directo, con disponibilidad para turnos rotativos, fijo de 3 a 6 meses seg\u00fan requerimiento y todas las prestaciones de ley.                    Estamos en b\u00fasqueda de:  Profesional de Enfermer\u00eda, con experiencia m\u00ednima de 1 a\u00f1o en el servicio de ginecolog\u00eda y obstetricia, sala de partos o urgencias de ginecobstetricia. Indispensable contar con certificado  en c\u00f3digo azul, c\u00f3digo rojo obst\u00e9trico y soporte vital b\u00e1sico. Contrato directo, con disponibilidad para turnos rotativos, fijo de 3 a 6 meses seg\u00fan requerimiento y todas las prestaciones de ley.                            Profesional                            Universitaria            Enfermer\u00eda1 a\u00f1o de experiencia                1                Vacante            Competencias para la vacante                                            ginecolog\u00eda                                                                                    obstetricia                                                                                    sala de partos", "tipo_contrato": "", "nivel_educativo": "Universitaria", "categoria": "Profesional", "sector": "Servicios hospitalarios, m\u00e9dicos...", "experiencia": "1 a\u00f1o de experiencia", "id_empleo": "1884462582", "competencias": "ginecolog\u00eda,obstetricia,sala de partos"}