{"url_empleo": "https://www.elempleo.com/co/ofertas-trabajo/medico-general-hrs-ampm-cali/1884672777", "fecha_recuperacion": "2021-03-01-22-15", "titulo_oferta": "M\u00e9dico general 132 hrs am/pm - cali", "salario": "$2,5 a $3 millones", "ciudad": "Cali", "fecha_publicacion": "Publicado 18 Feb 2021", "area": "Salud", "num_vacantes": "1 Vacante", "profesion": "Medicina", "descripcion_general": "Descripci\u00f3n general                Nos encontramos en la b\u00fasqueda de MEDICO GENERAL quien trabajar\u00e1 en nuestro nuevo centro m\u00e9dico ubicado en la ciudad de Cali, con atenci\u00f3n a pacientes de Plan Obligatorio de Salud.  El enfoque del cargo consiste en garantizar la atenci\u00f3n humana, resolutiva y oportuna de nuestros pacientes de consulta externa. Disponibilidad de medio tiempo (6 horas) en jornada AM o PM de lunes a viernes y un s\u00e1bado cada 15 d\u00edas de 7:00 a.m. a 1:00 p.m. Contrato laboral directo con la fundaci\u00f3n a t\u00e9rmino indefinido. Asignaci\u00f3n salarial de $2.975.798 + Prestaciones de ley + Plan de beneficios no salariales.  REQUISITOS:-M\u00e9dico General graduado con experiencia m\u00ednima de 1 a\u00f1o realizando Consulta externa.                    Nos encontramos en la b\u00fasqueda de MEDICO GENERAL quien trabajar\u00e1 en nuestro nuevo centro m\u00e9dico ubicado en la ciudad de Cali, con atenci\u00f3n a pacientes de Plan Obligatorio de Salud.  El enfoque del cargo consiste en garantizar la atenci\u00f3n humana, resolutiva y oportuna de nuestros pacientes de consulta externa. Disponibilidad de medio tiempo (6 horas) en jornada AM o PM de lunes a viernes y un s\u00e1bado cada 15 d\u00edas de 7:00 a.m. a 1:00 p.m. Contrato laboral directo con la fundaci\u00f3n a t\u00e9rmino indefinido. Asignaci\u00f3n salarial de $2.975.798 + Prestaciones de ley + Plan de beneficios no salariales.  REQUISITOS:-M\u00e9dico General graduado con experiencia m\u00ednima de 1 a\u00f1o realizando Consulta externa.                            Profesional                            Universitaria            Medicina1 a\u00f1o de experiencia                1                Vacante            Competencias para la vacante                                            Medico general                                                                                    Medicina general                                                                                    Salud                                                                                    medico", "tipo_contrato": "Contrato Indefinido", "nivel_educativo": "Universitaria", "categoria": "Profesional", "sector": "Salud, trabajo y seguridad social", "experiencia": "1 a\u00f1o de experiencia", "id_empleo": "1884672777", "competencias": "Medico general,Medicina general,Salud,medico"}