{"url_empleo": "https://www.elempleo.com/co/ofertas-trabajo/devops-ingenier/1884612417", "fecha_recuperacion": "2021-03-01-22-11", "titulo_oferta": "Devops - ingenier@", "salario": "$10 a $12,5 millones", "ciudad": "Bogot\u00e1", "fecha_publicacion": "Publicado 22 Feb 2021", "area": "Auditor\u00eda, Contralor\u00eda e Interve...", "num_vacantes": "1 Vacante", "profesion": "Ingenier\u00eda el\u00e9ctrica", "descripcion_general": "Descripci\u00f3n general                En la Bolsa Mercantil de Colombia, estamos buscando INGENIER@S DEVOPS, preferiblemente certificados en AWS (Solutions Architect, SysOps, Developer); con amplios conocimientos en:\u2022\tTecnolog\u00edas de aplicaciones web como: Nginx, Apache, IIS, proxies, proxies reversos, CDNs; \u2022\tRedes, tcp/ip, seguridad y file systems. \u2022\tAutomatizaci\u00f3n de tareas rutinarias, debug de c\u00f3digo, herramientas de monitoreo.M\u00e1s de 6 a\u00f1os de experiencia, de los cuales m\u00ednimo 3 sean en:\u2022\tAdministraci\u00f3n de infraestructura en Cloud.\u2022\tAdministraci\u00f3n de servidores linux (centos, amazon linux, redhat, suse) y windows \u2022\tDocker y orquestaci\u00f3n de aplicaciones en contenedores usando kubernetes\u2022\tFrameworks \u00e1giles, scrum, Kanban\u2022\tAdministraci\u00f3n de bases de datos SQL / NoSQL.Su principal responsabilidad ser\u00e1 participar en la definici\u00f3n e implementaci\u00f3n de proyectos relacionados con la creaci\u00f3n y despliegue de arquitecturas en Cloud, con enfoque de microservicios, implementaci\u00f3n de despliegues basados en CI/CD, automatizaci\u00f3n de infraestructura y despliegue de aplicaciones.                    En la Bolsa Mercantil de Colombia, estamos buscando INGENIER@S DEVOPS, preferiblemente certificados en AWS (Solutions Architect, SysOps, Developer); con amplios conocimientos en:\u2022\tTecnolog\u00edas de aplicaciones web como: Nginx, Apache, IIS, proxies, proxies reversos, CDNs; \u2022\tRedes, tcp/ip, seguridad y file systems. \u2022\tAutomatizaci\u00f3n de tareas rutinarias, debug de c\u00f3digo, herramientas de monitoreo.M\u00e1s de 6 a\u00f1os de experiencia, de los cuales m\u00ednimo 3 sean en:\u2022\tAdministraci\u00f3n de infraestructura en Cloud.\u2022\tAdministraci\u00f3n de servidores linux (centos, amazon linux, redhat, suse) y windows \u2022\tDocker y orquestaci\u00f3n de aplicaciones en contenedores usando kubernetes\u2022\tFrameworks \u00e1giles, scrum, Kanban\u2022\tAdministraci\u00f3n de bases de datos SQL / NoSQL.Su principal responsabilidad ser\u00e1 participar en la definici\u00f3n e implementaci\u00f3n de proyectos relacionados con la creaci\u00f3n y despliegue de arquitecturas en Cloud, con enfoque de microservicios, implementaci\u00f3n de despliegues basados en CI/CD, automatizaci\u00f3n de infraestructura y despliegue de aplicaciones.                            Profesional Senior                            Universitaria            Ingenier\u00eda el\u00e9ctricaIngenier\u00eda industrialIngenier\u00eda electr\u00f3nicaIngenier\u00eda de telecomunicacionesIngenier\u00eda de redes y telecomunicaciones6 a\u00f1os de experiencia                1                Vacante            Competencias para la vacante                                            Nginx                                                                                    proxies                                                                                    proxies reversos                                                                                    CDNs                                                                                    redes                                                                                    file systems                                                                                    Automatizaci\u00f3n de tareas rutinarias                                                                                    Administraci\u00f3n de servidores                                                                                    Administraci\u00f3n de bases de datos                                                                                    Docker", "tipo_contrato": "Contrato Por obra o labor", "nivel_educativo": "Universitaria", "categoria": "Profesional Senior", "sector": "Ciencia y tecnolog\u00eda", "experiencia": "6 a\u00f1os de experiencia", "id_empleo": "1884612417", "competencias": "Nginx,proxies,proxies reversos,CDNs,redes,file systems,Automatizaci\u00f3n de tareas rutinarias,Administraci\u00f3n de servidores,Administraci\u00f3n de bases de datos,Docker"}