{"url_empleo": "https://www.elempleo.com/co/ofertas-trabajo/volanteros-administrativos/1884553506", "fecha_recuperacion": "2021-03-01-22-17", "titulo_oferta": "Volanteros - administrativos", "salario": "$1 a $1,5 millones", "ciudad": "Bogot\u00e1", "fecha_publicacion": "Publicado 17 Feb 2021", "area": "Salud", "num_vacantes": "1 Vacante", "profesion": "Tecnolog\u00eda en Gesti\u00f3n Administra...", "descripcion_general": "Descripci\u00f3n general                Empresa del sector salud busca para su equipo de trabajo , personas din\u00e1micas que quieran ser parte de este gran equipo laboral.Debe contar con un t\u00e9cnico en salud, para realizar funciones de autorizaciones, cuentas medicas, admisiones, recobros, atenci\u00f3n al usuario y procesos de salud.Salario 1.500.000Contrato 6 mesesHorario: Lunes a Viernes 240 horas al mes \u00a1 Si estas interesado en la oferta y cumples con el perfil postulate!No postularse si no cumple o no esta de acuerdo con las condiciones laborales ya que no sera tenida en cuenta su hoja de vida.                    Empresa del sector salud busca para su equipo de trabajo , personas din\u00e1micas que quieran ser parte de este gran equipo laboral.Debe contar con un t\u00e9cnico en salud, para realizar funciones de autorizaciones, cuentas medicas, admisiones, recobros, atenci\u00f3n al usuario y procesos de salud.Salario 1.500.000Contrato 6 mesesHorario: Lunes a Viernes 240 horas al mes \u00a1 Si estas interesado en la oferta y cumples con el perfil postulate!No postularse si no cumple o no esta de acuerdo con las condiciones laborales ya que no sera tenida en cuenta su hoja de vida.                            Auxiliar, asistencial y otros                            T\u00e9cnico Laboral            Tecnolog\u00eda en Gesti\u00f3n Administrativa1 a\u00f1o de experiencia                1                Vacante            Competencias para la vacante                                            auxiliar administrativo                                                                                    administrador en salud                                                                                    asistente en salud", "tipo_contrato": "Contrato Definido", "nivel_educativo": "T\u00e9cnico Laboral", "categoria": "Auxiliar, asistencial y otros", "sector": "EPS", "experiencia": "1 a\u00f1o de experiencia", "id_empleo": "1884553506", "competencias": "auxiliar administrativo,administrador en salud,asistente en salud"}