{"url_empleo": "https://www.elempleo.com/co/ofertas-trabajo/ingeniero-sr-de-desarrollo/1884624128", "fecha_recuperacion": "2021-03-01-22-12", "titulo_oferta": "Ingeniero sr. de desarrollo", "salario": "$4 a $4,5 millones", "ciudad": "Cali", "fecha_publicacion": "Publicado 22 Feb 2021", "area": "Sistemas y Tecnolog\u00eda", "num_vacantes": "1 Vacante", "profesion": "Ingenier\u00eda de sistemas  Computaci\u00f3n", "descripcion_general": "Descripci\u00f3n general                Importante empresa requiere para su equipo de trabajo profesional en Ingenieria de sistemas o carreras a fines con experiencia en desarrollo Java, .NET, Angular y manejo de equipos de trabajo, con competencias para el trabajo en equipo y liderazgo  deseable conocimientos en  SPRING BOOT, Proyectos en la Nube y trabajo de microservicios.                    Importante empresa requiere para su equipo de trabajo profesional en Ingenieria de sistemas o carreras a fines con experiencia en desarrollo Java, .NET, Angular y manejo de equipos de trabajo, con competencias para el trabajo en equipo y liderazgo  deseable conocimientos en  SPRING BOOT, Proyectos en la Nube y trabajo de microservicios.                            Profesional Senior                            Universitaria            Ingenier\u00eda de sistemas  Computaci\u00f3n3 a\u00f1os de experiencia                1                Vacante            Competencias para la vacante                                            desarrollo                                                                                    sistemas                                                                                    java                                                                                    .net                                                                                    angular                                                                                    nube                                                                                    AWS", "tipo_contrato": "Contrato Indefinido", "nivel_educativo": "Universitaria", "categoria": "Profesional Senior", "sector": "Ciencia y tecnolog\u00eda", "experiencia": "3 a\u00f1os de experiencia", "id_empleo": "1884624128", "competencias": "desarrollo,sistemas,java,.net,angular,nube,AWS"}