{"url_empleo": "https://www.elempleo.com/co/ofertas-trabajo/ejecutivos-comerciales-externos-antioquia/1884664417", "fecha_recuperacion": "2021-03-01-22-09", "titulo_oferta": "Ejecutivos comerciales externos antioquia", "salario": "$1,5 a $2 millones", "ciudad": "Medell\u00edn", "fecha_publicacion": "Publicado 23 Feb 2021", "area": "Comercial, Ventas y Telemercadeo", "num_vacantes": "1 Vacante", "profesion": "Administraci\u00f3n de empresas", "descripcion_general": "Descripci\u00f3n general                Importante academia de idiomas Smart  requiere Ejecutivos comerciales externos. Experiencia m\u00ednima de 1 a\u00f1o en el \u00e1rea comercial en  venta de seguros, productos financieros servicios de salud, exequiales, tat.servicios intangibles, telecomunicaciones. gestion de telemercadeo   Formacion academica Bachiller, t\u00e9cnicos y/o tecn\u00f3logos en carreras administrativas o afinesCondiciones laborales:Contrato termino indefinido -Salario B\u00e1sico 1.000.000 con prestaciones de ley + bonificaciones prestacionales sin techo + Beneficio de Beca 100% para fortalecer habilidades en el idioma Ingl\u00e9s o Franc\u00e9s + Plan de Beneficios institucionales.INTERESADOS ESCRIBIR AL WHT  3138752019.                    Importante academia de idiomas Smart  requiere Ejecutivos comerciales externos. Experiencia m\u00ednima de 1 a\u00f1o en el \u00e1rea comercial en  venta de seguros, productos financieros servicios de salud, exequiales, tat.servicios intangibles, telecomunicaciones. gestion de telemercadeo   Formacion academica Bachiller, t\u00e9cnicos y/o tecn\u00f3logos en carreras administrativas o afinesCondiciones laborales:Contrato termino indefinido -Salario B\u00e1sico 1.000.000 con prestaciones de ley + bonificaciones prestacionales sin techo + Beneficio de Beca 100% para fortalecer habilidades en el idioma Ingl\u00e9s o Franc\u00e9s + Plan de Beneficios institucionales.INTERESADOS ESCRIBIR AL WHT  3138752019.                            Auxiliar, asistencial y otros                            Media (10\u00b0 - 13\u00b0)            Administraci\u00f3n de empresasAdministraci\u00f3n de bienes ra\u00edcesMenos de un a\u00f1o de experiencia                1                Vacante            Competencias para la vacante                                            ventas                                                                                    financieros                                                                                    tat                                                                                    crm                                                                                    libranza", "tipo_contrato": "Contrato Indefinido", "nivel_educativo": "Media (10\u00b0 - 13\u00b0)", "categoria": "Auxiliar, asistencial y otros", "sector": "Educaci\u00f3n, cultura y turismo", "experiencia": "Menos de un a\u00f1o de experiencia", "id_empleo": "1884664417", "competencias": "ventas,financieros,tat,crm,libranza"}