{"url_empleo": "https://www.elempleo.com/co/ofertas-trabajo/asesor-comercial-libranza-barranquilla/1884047180", "fecha_recuperacion": "2021-03-01-22-09", "titulo_oferta": "Asesor comercial libranza  - barranquilla", "salario": "$3 a $3,5 millones", "ciudad": "Barranquilla", "fecha_publicacion": "Publicado 23 Feb 2021", "area": "Comercial, Ventas y Telemercadeo", "num_vacantes": "1 Vacante", "profesion": "Bachillerato Acad\u00e9mico", "descripcion_general": "Descripci\u00f3n general                Nos encontramos en la b\u00fasqueda del mejor talento para la ciudad de Barranquilla, requerimos ejecutivos comerciales; personas din\u00e1micas, con orientaci\u00f3n a resultados, excelente servicio al cliente  y 100% comercial . Debe contar con experiencia m\u00ednimo de 1 a\u00f1o en venta de LIBRANZA de forma externa  Condiciones:Horario de lunes a viernes Salario  b\u00e1sico + prestaciones de ley, + aux rodamiento + excelente tabla de comisiones  100 prestacionales. SIN TECHO+  incentivos 100% + beneficios Si cumples con el perfil 100%, postula t\u00fa hoja de vida.                    Nos encontramos en la b\u00fasqueda del mejor talento para la ciudad de Barranquilla, requerimos ejecutivos comerciales; personas din\u00e1micas, con orientaci\u00f3n a resultados, excelente servicio al cliente  y 100% comercial . Debe contar con experiencia m\u00ednimo de 1 a\u00f1o en venta de LIBRANZA de forma externa  Condiciones:Horario de lunes a viernes Salario  b\u00e1sico + prestaciones de ley, + aux rodamiento + excelente tabla de comisiones  100 prestacionales. SIN TECHO+  incentivos 100% + beneficios Si cumples con el perfil 100%, postula t\u00fa hoja de vida.                            Auxiliar, asistencial y otros                            Media (10\u00b0 - 13\u00b0)            Bachillerato Acad\u00e9micoBachillerato ComercialBachillerato T\u00e9cnico1 a\u00f1o de experienciaAsesor                1                Vacante            Competencias para la vacante                                            ventas                                                                                    Libranza                                                                                    Comercial                                                                                    ejecutivo                                                                                    barranquilla", "tipo_contrato": "Contrato Indefinido", "nivel_educativo": "Media (10\u00b0 - 13\u00b0)", "categoria": "Auxiliar, asistencial y otros", "sector": "Banca", "experiencia": "1 a\u00f1o de experiencia", "id_empleo": "1884047180", "competencias": "ventas,Libranza,Comercial,ejecutivo,barranquilla"}