{"url_empleo": "https://www.elempleo.com/co/ofertas-trabajo/auxiliar-de-servicios-generales/1884487048", "fecha_recuperacion": "2021-03-01-22-13", "titulo_oferta": "Auxiliar de servicios generales", "salario": "Menos de $1 mill\u00f3n", "ciudad": "Bogot\u00e1", "fecha_publicacion": "Publicado 19 Feb 2021", "area": "Servicios Generales, Aseo y Vigi...", "num_vacantes": "1 Vacante", "profesion": "Bachillerato T\u00e9cnico", "descripcion_general": "Descripci\u00f3n general                GRAN CONVOCATORIA Reconocida empresa, requiere AUXILIAR DE SERVICIOS GENERALES, bachiller, con conocimientos en atenci\u00f3n al usuario, manejo de rutinas  de aseo y cargue y descargue. Contar con m\u00ednimo 6 meses de experiencia en el cargo. FUNCIONES: Asear las \u00e1reas asignadas, antes del ingreso de los funcionarios y velar que se mantengan aseadas. Mantener los ba\u00f1os y lavamanos en perfectas condiciones de aseo y limpieza. Clasificar la basura empacando desechos org\u00e1nicos, papeles y materiales s\u00f3lidos en bolsas separadas. Colaborar con el cargue y descargue de camiones. HORARIO: Lunes a Viernes de 7 am a 5:30 pm y S\u00e1bados ocasionalmente. SALARIO: $ 1.030.000  +  horas extras.                    GRAN CONVOCATORIA Reconocida empresa, requiere AUXILIAR DE SERVICIOS GENERALES, bachiller, con conocimientos en atenci\u00f3n al usuario, manejo de rutinas  de aseo y cargue y descargue. Contar con m\u00ednimo 6 meses de experiencia en el cargo. FUNCIONES: Asear las \u00e1reas asignadas, antes del ingreso de los funcionarios y velar que se mantengan aseadas. Mantener los ba\u00f1os y lavamanos en perfectas condiciones de aseo y limpieza. Clasificar la basura empacando desechos org\u00e1nicos, papeles y materiales s\u00f3lidos en bolsas separadas. Colaborar con el cargue y descargue de camiones. HORARIO: Lunes a Viernes de 7 am a 5:30 pm y S\u00e1bados ocasionalmente. SALARIO: $ 1.030.000  +  horas extras.                            Auxiliar, asistencial y otros                            Media (10\u00b0 - 13\u00b0)            Bachillerato T\u00e9cnicoMenos de un a\u00f1o de experiencia                1                Vacante            Competencias para la vacante                                            servicios generales                                                                                    oficios varios", "tipo_contrato": "", "nivel_educativo": "Media (10\u00b0 - 13\u00b0)", "categoria": "Auxiliar, asistencial y otros", "sector": "Otros servicios", "experiencia": "Menos de un a\u00f1o de experiencia", "id_empleo": "1884487048", "competencias": "servicios generales,oficios varios"}