{"url_empleo": "https://www.elempleo.com/co/ofertas-trabajo/analista-de-riesgo-de-credito/1884665944", "fecha_recuperacion": "2021-03-01-22-16", "titulo_oferta": "Analista de riesgo de cr\u00e9dito", "salario": "$3 a $3,5 millones", "ciudad": "Medell\u00edn", "fecha_publicacion": "Publicado 17 Feb 2021", "area": "Administrativa y Financiera", "num_vacantes": "1 Vacante", "profesion": "Administraci\u00f3n financiera", "descripcion_general": "Descripci\u00f3n general                En Tuya buscamos para la ciudad de Medell\u00edn un Analista de Riesgo de Cr\u00e9dito, su misi\u00f3n ser\u00e1 desarrollar las actividades tendientes a apoyar al Jefe de Riesgo Crediticio en la definici\u00f3n y aplicaci\u00f3n de herramientas, de acuerdo con las directrices dadas por la Compa\u00f1\u00eda y las normas legales, que ayuden a medir y cuantificar el grado de riesgo que se est\u00e1 asumiendo y si este es acorde con la pol\u00edtica definida por la Compa\u00f1\u00eda. Debe ser Profesional en Carreras administrativas, Ingenier\u00edas, Estad\u00edstica o afines y tener m\u00ednimo 2 a\u00f1os de experiencia desempe\u00f1ando cargos similares.                    En Tuya buscamos para la ciudad de Medell\u00edn un Analista de Riesgo de Cr\u00e9dito, su misi\u00f3n ser\u00e1 desarrollar las actividades tendientes a apoyar al Jefe de Riesgo Crediticio en la definici\u00f3n y aplicaci\u00f3n de herramientas, de acuerdo con las directrices dadas por la Compa\u00f1\u00eda y las normas legales, que ayuden a medir y cuantificar el grado de riesgo que se est\u00e1 asumiendo y si este es acorde con la pol\u00edtica definida por la Compa\u00f1\u00eda. Debe ser Profesional en Carreras administrativas, Ingenier\u00edas, Estad\u00edstica o afines y tener m\u00ednimo 2 a\u00f1os de experiencia desempe\u00f1ando cargos similares.                            Profesional                            Universitaria            Administraci\u00f3n financieraEstadista2 a\u00f1os de experiencia                1                Vacante            Competencias para la vacante                                            riesgos", "tipo_contrato": "Contrato Indefinido", "nivel_educativo": "Universitaria", "categoria": "Profesional", "sector": "Compa\u00f1\u00edas de financiamiento", "experiencia": "2 a\u00f1os de experiencia", "id_empleo": "1884665944", "competencias": "riesgos"}