{"url_empleo": "https://www.elempleo.com/co/ofertas-trabajo/geologo-de-exploracion/1884671328", "fecha_recuperacion": "2021-03-01-22-11", "titulo_oferta": "Ge\u00f3logo de exploraci\u00f3n", "salario": "Salario a convenir", "ciudad": "Buritic\u00e1", "fecha_publicacion": "Publicado 22 Feb 2021", "area": "Operaciones y Procesos", "num_vacantes": "1 Vacante", "profesion": "Geolog\u00eda", "descripcion_general": "Descripci\u00f3n general                Ge\u00f3logo o ingeniero ge\u00f3logo con experiencia superior a 5 a\u00f1os en Exploraci\u00f3n y en trabajos de superficie, logueo y perforaci\u00f3n superior a 3 a\u00f1os, con \u00e9nfasis en QA/QC. Encargado de recolectar, procesar, interpretar informaci\u00f3n adquirida durante el desarrollo de trabajos de campo en superficie, subterr\u00e1neo y logueo, adelantados en las diferentes licencias de la compa\u00f1\u00eda, proponer continuidad o suspensi\u00f3n de actividades de acuerdo con el an\u00e1lisis de los resultados.                    Ge\u00f3logo o ingeniero ge\u00f3logo con experiencia superior a 5 a\u00f1os en Exploraci\u00f3n y en trabajos de superficie, logueo y perforaci\u00f3n superior a 3 a\u00f1os, con \u00e9nfasis en QA/QC. Encargado de recolectar, procesar, interpretar informaci\u00f3n adquirida durante el desarrollo de trabajos de campo en superficie, subterr\u00e1neo y logueo, adelantados en las diferentes licencias de la compa\u00f1\u00eda, proponer continuidad o suspensi\u00f3n de actividades de acuerdo con el an\u00e1lisis de los resultados.                            Profesional Senior                            Universitaria            Geolog\u00eda5 a\u00f1os de experiencia                1                Vacante            Competencias para la vacante                                            exploracion                                                                                    geologia", "tipo_contrato": "Contrato Indefinido", "nivel_educativo": "Universitaria", "categoria": "Profesional Senior", "sector": "Metales no ferrosos", "experiencia": "5 a\u00f1os de experiencia", "id_empleo": "1884671328", "competencias": "exploracion,geologia"}