{"url_empleo": "https://www.elempleo.com/co/ofertas-trabajo/visitador-de-farmacias-barranquilla/1884664700", "fecha_recuperacion": "2021-03-01-22-09", "titulo_oferta": "Visitador de farmacias barranquilla", "salario": "Salario a convenir", "ciudad": "Bogot\u00e1", "fecha_publicacion": "Publicado 23 Feb 2021", "area": "Comercial, Ventas y Telemercadeo", "num_vacantes": "1 Vacante", "profesion": "Administraci\u00f3n de empresas", "descripcion_general": "Descripci\u00f3n general                Importante empresa de la Industria Farmac\u00e9utica  requiere un visitador de farmacias, persona profesional con experiencia m\u00ednima de 2 a\u00f1os en el rol, debe tener excelentes habilidades comerciales, orientado a cumplir metas y presupuestos, excelentes habilidades comunicativas y capacidad de aprendizaje. Sus principales funciones son realizar visita a las farmacias, dando a conocer el portafolio de productos y servicios, servir de canal de comunicaci\u00f3n entre los clientes y la compa\u00f1\u00eda,  cumplir con las metas de ventas y recaudo asignadas, y realizar los informes de visitas diarias y pedidos y dem\u00e1s funciones inherentes al cargo.                    Importante empresa de la Industria Farmac\u00e9utica  requiere un visitador de farmacias, persona profesional con experiencia m\u00ednima de 2 a\u00f1os en el rol, debe tener excelentes habilidades comerciales, orientado a cumplir metas y presupuestos, excelentes habilidades comunicativas y capacidad de aprendizaje. Sus principales funciones son realizar visita a las farmacias, dando a conocer el portafolio de productos y servicios, servir de canal de comunicaci\u00f3n entre los clientes y la compa\u00f1\u00eda,  cumplir con las metas de ventas y recaudo asignadas, y realizar los informes de visitas diarias y pedidos y dem\u00e1s funciones inherentes al cargo.                            Profesional                            Universitaria            Administraci\u00f3n de empresas2 a\u00f1os de experiencia                1                Vacante            Competencias para la vacante                                            visitador", "tipo_contrato": "", "nivel_educativo": "Universitaria", "categoria": "Profesional", "sector": "Laboratorios farmac\u00e9uticos y otros", "experiencia": "2 a\u00f1os de experiencia", "id_empleo": "1884664700", "competencias": "visitador"}