{"url_empleo": "https://www.elempleo.com/co/ofertas-trabajo/tecnico-de-instalaciones-en-medellin-y-rionegro/1884614145", "fecha_recuperacion": "2021-03-01-22-16", "titulo_oferta": "Tecnico de instalaciones en medellin y rionegro", "salario": "Salario a convenir", "ciudad": "Bogot\u00e1", "fecha_publicacion": "Publicado 17 Feb 2021", "area": "Sistemas y Tecnolog\u00eda", "num_vacantes": "1 Vacante", "profesion": "Tecn Sistemas  Computaci\u00f3n", "descripcion_general": "Descripci\u00f3n general                Reconocida compa\u00f1\u00eda requiere  T\u00e9cnicos en sistemas, electr\u00f3nica, con experiencia m\u00ednima de 3 a\u00f1os en soporte t\u00e9cnico hadware y software. Contrato obra o labor. Salario $ 1.100.000 Ciudad Medellin                    Reconocida compa\u00f1\u00eda requiere  T\u00e9cnicos en sistemas, electr\u00f3nica, con experiencia m\u00ednima de 3 a\u00f1os en soporte t\u00e9cnico hadware y software. Contrato obra o labor. Salario $ 1.100.000 Ciudad Medellin                            Auxiliar, asistencial y otros                            T\u00e9cnico Laboral            Tecn Sistemas  Computaci\u00f3nTecn Electr\u00f3nico1 a\u00f1o de experiencia                1                Vacante            Competencias para la vacante                                            soporte                                                                                    tecnico en instalaciones", "tipo_contrato": "Contrato Por obra o labor", "nivel_educativo": "T\u00e9cnico Laboral", "categoria": "Auxiliar, asistencial y otros", "sector": "Servicios de telecomunicaciones", "experiencia": "1 a\u00f1o de experiencia", "id_empleo": "1884614145", "competencias": "soporte,tecnico en instalaciones"}