{"url_empleo": "https://www.elempleo.com/co/ofertas-trabajo/impulsadoras-bogota/1884644410", "fecha_recuperacion": "2021-03-01-22-16", "titulo_oferta": "Impulsadoras - bogot\u00e1", "salario": "$1 a $1,5 millones", "ciudad": "Bogot\u00e1", "fecha_publicacion": "Publicado 17 Feb 2021", "area": "Comercial, Ventas y Telemercadeo", "num_vacantes": "1 Vacante", "profesion": "Bachillerato Acad\u00e9mico", "descripcion_general": "Descripci\u00f3n general                Reconocido laboratorio farmac\u00e9utico requiere para su equipo Comercial, bachiller o t\u00e9cnico en mercadeo o carreras afines, No estudiantes (excluyente para el proceso) residente en la ciudad de Bogota, experiencia de un a\u00f1o en el \u00e1rea comercial preferiblemente en  Laboratorios, Empresas de Productos Naturales, Alimentos, Productos de Belleza, Productos de Aseo o Telecomunicaciones. Horarios: Lunes a S\u00e1bado, turnos 8 horas seg\u00fan el punto de trabajo y Domingos ocasionales. Promedio Salarial de $ 1.250.000 a $ 1.900.000, contando con Basico,  Excelentes comisiones y Prestaciones de ley. Interesados postular HV a la vacante.                    Reconocido laboratorio farmac\u00e9utico requiere para su equipo Comercial, bachiller o t\u00e9cnico en mercadeo o carreras afines, No estudiantes (excluyente para el proceso) residente en la ciudad de Bogota, experiencia de un a\u00f1o en el \u00e1rea comercial preferiblemente en  Laboratorios, Empresas de Productos Naturales, Alimentos, Productos de Belleza, Productos de Aseo o Telecomunicaciones. Horarios: Lunes a S\u00e1bado, turnos 8 horas seg\u00fan el punto de trabajo y Domingos ocasionales. Promedio Salarial de $ 1.250.000 a $ 1.900.000, contando con Basico,  Excelentes comisiones y Prestaciones de ley. Interesados postular HV a la vacante.                            Auxiliar, asistencial y otros                            Media (10\u00b0 - 13\u00b0)            Bachillerato Acad\u00e9micoBachillerato ComercialBachillerato T\u00e9cnicoOtros1 a\u00f1o de experiencia                1                Vacante            Competencias para la vacante                                            impulsadora", "tipo_contrato": "Contrato Por obra o labor", "nivel_educativo": "Media (10\u00b0 - 13\u00b0)", "categoria": "Auxiliar, asistencial y otros", "sector": "Laboratorios farmac\u00e9uticos y otros", "experiencia": "1 a\u00f1o de experiencia", "id_empleo": "1884644410", "competencias": "impulsadora"}