{"url_empleo": "https://www.elempleo.com/co/ofertas-trabajo/auxiliar-de-enfermeria-pyp-comercial-pereira/1884607917", "fecha_recuperacion": "2021-03-01-22-02", "titulo_oferta": "Auxiliar de enfermeria pyp comercial - 1020506- pereira", "salario": "$1 a $1,5 millones", "ciudad": "Pereira", "fecha_publicacion": "Publicado 28 Feb 2021", "area": "Salud", "num_vacantes": "1 Vacante", "profesion": "Enfermer\u00eda", "descripcion_general": "Descripci\u00f3n general                Importante Empresa del Sector Salud requiere T\u00e9cnico auxiliar de enfermer\u00eda o tercer semestre de enfermer\u00eda culminado. Experiencia m\u00ednima de seis (6) Experiencia en el desarrollo de capacitaciones, manejo de grupos, capacidad para comunicarse asertivamente con grupos de inter\u00e9s, desarrollo de actividades asistenciales de promoci\u00f3n y prevenci\u00f3n. Debe contar con conocimientos en orientaci\u00f3n al servicio al cliente y comercial, generaci\u00f3n de informes, manejo de Office (Excel, Word), excelente atenci\u00f3n al cliente interno y externo y conocimiento en programas de P y P (Promoci\u00f3n y Prevenci\u00f3n). Tipo de contrato: indefinido, directamente por la empresa.                    Importante Empresa del Sector Salud requiere T\u00e9cnico auxiliar de enfermer\u00eda o tercer semestre de enfermer\u00eda culminado. Experiencia m\u00ednima de seis (6) Experiencia en el desarrollo de capacitaciones, manejo de grupos, capacidad para comunicarse asertivamente con grupos de inter\u00e9s, desarrollo de actividades asistenciales de promoci\u00f3n y prevenci\u00f3n. Debe contar con conocimientos en orientaci\u00f3n al servicio al cliente y comercial, generaci\u00f3n de informes, manejo de Office (Excel, Word), excelente atenci\u00f3n al cliente interno y externo y conocimiento en programas de P y P (Promoci\u00f3n y Prevenci\u00f3n). Tipo de contrato: indefinido, directamente por la empresa.                            Auxiliar, asistencial y otros                            T\u00e9cnico Laboral            Enfermer\u00edaMenos de un a\u00f1o de experiencia                1                Vacante            Competencias para la vacante                                            AUXILIAR DE PYP                                                                                    AUXILIAR                                                                                    enfermeria", "tipo_contrato": "Contrato Indefinido", "nivel_educativo": "T\u00e9cnico Laboral", "categoria": "Auxiliar, asistencial y otros", "sector": "EPS", "experiencia": "Menos de un a\u00f1o de experiencia", "id_empleo": "1884607917", "competencias": "AUXILIAR DE PYP,AUXILIAR,enfermeria"}