{"url_empleo": "https://www.elempleo.com/co/ofertas-trabajo/asesor-comercial-medellin/1884605364", "fecha_recuperacion": "2021-03-01-22-06", "titulo_oferta": "Asesor comercial medellin", "salario": "$1 a $1,5 millones", "ciudad": "Medell\u00edn", "fecha_publicacion": "Publicado 24 Feb 2021", "area": "Comercial, Ventas y Telemercadeo", "num_vacantes": "1 Vacante", "profesion": "Ingenier\u00eda industrial", "descripcion_general": "Descripci\u00f3n general                Empresa distribuidora y comercializadora del sector industrial, requiere para su equipo de trabajo ASESORES COMERCIALES para la ciudad de Medell\u00edn,  debe ser profesional en ingenier\u00eda industrial, tecn\u00f3logo o t\u00e9cnico en seguridad industrial o SST  y/o carreras administrativas afines tales como carreras comerciales.  Deseable contar con cursos de trabajo en alturas y todos aquellos relacionadas con el \u00e1rea comercial.    Experiencia m\u00ednima de tres  (3) a\u00f1os en el cargo, exclusivamente en ferreter\u00edas y/o empresas del sector industrial y construcci\u00f3n.      Experiencia certificada en el manejo de presupuestos de venta de m\u00e1s de 100 millones de pesos mensuales.     Salario b\u00e1sico: $1.200.000 +  comisiones por ventas + comisiones por recaudo de cartera no superior a 90 d\u00edas + Bonificaci\u00f3n por cumplimiento del presupuesto de ventas (las comisiones no tiene techo) + auxilio de movilizaci\u00f3n $350,000.  Garantizado de $500.000 los tres primeros meses de la contrataci\u00f3n.Ofrecemos estabilidad laboral por medio de contrato a termino indefinido directo con la compa\u00f1\u00eda.  Indispensable contar con veh\u00edculo y  computador port\u00e1til.                    Empresa distribuidora y comercializadora del sector industrial, requiere para su equipo de trabajo ASESORES COMERCIALES para la ciudad de Medell\u00edn,  debe ser profesional en ingenier\u00eda industrial, tecn\u00f3logo o t\u00e9cnico en seguridad industrial o SST  y/o carreras administrativas afines tales como carreras comerciales.  Deseable contar con cursos de trabajo en alturas y todos aquellos relacionadas con el \u00e1rea comercial.    Experiencia m\u00ednima de tres  (3) a\u00f1os en el cargo, exclusivamente en ferreter\u00edas y/o empresas del sector industrial y construcci\u00f3n.      Experiencia certificada en el manejo de presupuestos de venta de m\u00e1s de 100 millones de pesos mensuales.     Salario b\u00e1sico: $1.200.000 +  comisiones por ventas + comisiones por recaudo de cartera no superior a 90 d\u00edas + Bonificaci\u00f3n por cumplimiento del presupuesto de ventas (las comisiones no tiene techo) + auxilio de movilizaci\u00f3n $350,000.  Garantizado de $500.000 los tres primeros meses de la contrataci\u00f3n.Ofrecemos estabilidad laboral por medio de contrato a termino indefinido directo con la compa\u00f1\u00eda.  Indispensable contar con veh\u00edculo y  computador port\u00e1til.                            Profesional                            Tecnol\u00f3gica            Ingenier\u00eda industrialAdministraci\u00f3n de empresasTecn Seguridad industrialMercadeoIngenier\u00eda Comercial3 a\u00f1os de experiencia                1                Vacante            Competencias para la vacante                                            ASESOR                                                                                    SEGURIDAD INDUSTRIAL                                                                                    COMERCIAL                                                                                    VENTAS", "tipo_contrato": "Contrato Indefinido", "nivel_educativo": "Tecnol\u00f3gica", "categoria": "Profesional", "sector": "Otros", "experiencia": "3 a\u00f1os de experiencia", "id_empleo": "1884605364", "competencias": "ASESOR,SEGURIDAD INDUSTRIAL,COMERCIAL,VENTAS"}