{"url_empleo": "https://www.elempleo.com/co/ofertas-trabajo/desarrollador-ios/1884139827", "fecha_recuperacion": "2021-03-01-22-05", "titulo_oferta": "Desarrollador ios", "salario": "$5,5 a $6 millones", "ciudad": "Bogot\u00e1\r\n /                \r\n                  Otras", "fecha_publicacion": "Publicado 25 Feb 2021", "area": "Sistemas y Tecnolog\u00eda", "num_vacantes": "2 Vacantes", "profesion": "Ingenier\u00eda de sistemas  Computaci\u00f3n", "descripcion_general": "Descripci\u00f3n general                Se requiere profesional con experiencia desarrollando soluciones de software en lenguaje iOS                    Se requiere profesional con experiencia desarrollando soluciones de software en lenguaje iOS        El salario depender\u00e1 delos a\u00f1os de experiencia y de los conocimientos que se demuestren en las pruebas y entrevistas t\u00e9cnicas, sin embargo se espera una experiencia de aproximadamente 3 a\u00f1os                Profesional                            Universitaria            Ingenier\u00eda de sistemas  Computaci\u00f3nIngenier\u00eda electr\u00f3nica3 a\u00f1os de experienciaIngeniero                2                Vacantes                            Requisitos para aplicar                                El salario depender\u00e1 delos a\u00f1os de experiencia y de los conocimientos que se demuestren en las pruebas y entrevistas t\u00e9cnicas, sin embargo se espera una experiencia de aproximadamente 3 a\u00f1os                Competencias para la vacante", "tipo_contrato": "Contrato Indefinido", "nivel_educativo": "Universitaria", "categoria": "Profesional", "sector": "Banca", "experiencia": "3 a\u00f1os de experiencia", "id_empleo": "1884139827", "competencias": ""}