{"url_empleo": "https://www.elempleo.com/co/ofertas-trabajo/docente-/1884651406", "fecha_recuperacion": "2021-03-01-22-03", "titulo_oferta": "Docente -43", "salario": "Salario a convenir", "ciudad": "Bucaramanga", "fecha_publicacion": "Publicado 26 Feb 2021", "area": "Docencia", "num_vacantes": "1 Vacante", "profesion": "Enfermer\u00eda", "descripcion_general": "Descripci\u00f3n general                Importante Instituci\u00f3n de Educaci\u00f3n Superior busca para su banco de hojas de vida para completar su planta docente para el a\u00f1o 2021 en la ciudad de Bucaramanga. Enfermera (o) Docente TC para el programa de enfermer\u00eda en el \u00e1rea de cuidado cr\u00edtico.  Especialista en Cuidado Cr\u00edtico y/o \u00e1reas afines. Maestr\u00eda  en Cuidado Cr\u00edtico y/o \u00e1reas afines. Experiencia en \u00e1rea cl\u00ednica : urgencias , cuidado cr\u00edtico , salas de cirug\u00eda , adulto cr\u00f3nico , salud cardiovascular de 3 a\u00f1os m\u00ednimo y 2 a\u00f1os de experiencia docente.                    Importante Instituci\u00f3n de Educaci\u00f3n Superior busca para su banco de hojas de vida para completar su planta docente para el a\u00f1o 2021 en la ciudad de Bucaramanga. Enfermera (o) Docente TC para el programa de enfermer\u00eda en el \u00e1rea de cuidado cr\u00edtico.  Especialista en Cuidado Cr\u00edtico y/o \u00e1reas afines. Maestr\u00eda  en Cuidado Cr\u00edtico y/o \u00e1reas afines. Experiencia en \u00e1rea cl\u00ednica : urgencias , cuidado cr\u00edtico , salas de cirug\u00eda , adulto cr\u00f3nico , salud cardiovascular de 3 a\u00f1os m\u00ednimo y 2 a\u00f1os de experiencia docente.                            Profesional                            Especializaci\u00f3n            Enfermer\u00edaDocente2 a\u00f1os de experiencia                1                Vacante            Competencias para la vacante                                            docente                                                                                    enfermeras", "tipo_contrato": "", "nivel_educativo": "Especializaci\u00f3n", "categoria": "Profesional", "sector": "Universidades", "experiencia": "2 a\u00f1os de experiencia", "id_empleo": "1884651406", "competencias": "docente,enfermeras"}