{"url_empleo": "https://www.elempleo.com/co/ofertas-trabajo/creemos-en-el-talento-joven-haz-carrera-con-nosotros/1884592465", "fecha_recuperacion": "2021-03-01-22-14", "titulo_oferta": "Creemos en el talento j\u00f3ven, \u00a1haz carrera con nosotros!", "salario": "$1 a $1,5 millones", "ciudad": "Medell\u00edn", "fecha_publicacion": "Publicado 18 Feb 2021", "area": "Comercial, Ventas y Telemercadeo", "num_vacantes": "1 Vacante", "profesion": "Bachillerato Acad\u00e9mico", "descripcion_general": "Descripci\u00f3n general                Somos una compa\u00f1\u00eda con 37 a\u00f1os de trayectoria, hemos logrado nuestro crecimiento gracias a abrir puertas con personal joven sin experiencia laboral .  SI ERES:  - Bachiller y/o universitario- Mayor de 18 a\u00f1os - Joven con disponibilidad inmediata - te encuentras en MEDELLIN O MUNICIPIOS ALEDA\u00d1OS                    Somos una compa\u00f1\u00eda con 37 a\u00f1os de trayectoria, hemos logrado nuestro crecimiento gracias a abrir puertas con personal joven sin experiencia laboral .  SI ERES:  - Bachiller y/o universitario- Mayor de 18 a\u00f1os - Joven con disponibilidad inmediata - te encuentras en MEDELLIN O MUNICIPIOS ALEDA\u00d1OS                            Profesional Junior                            Media (10\u00b0 - 13\u00b0)            Bachillerato Acad\u00e9micoBachillerato ComercialBachillerato T\u00e9cnico                1                Vacante            Competencias para la vacante                                            asesores                                                                                    ejecutivos", "tipo_contrato": "", "nivel_educativo": "Media (10\u00b0 - 13\u00b0)", "categoria": "Profesional Junior", "sector": "Otros", "experiencia": "", "id_empleo": "1884592465", "competencias": "asesores,ejecutivos"}