{"url_empleo": "https://www.elempleo.com/co/ofertas-trabajo/lider-de-infraestructura-tecnologica-bogota/1884547983", "fecha_recuperacion": "2021-03-01-22-13", "titulo_oferta": "L\u00edder de infraestructura tecnol\u00f3gica (bogot\u00e1)", "salario": "$4,5 a $5,5 millones", "ciudad": "Bogot\u00e1", "fecha_publicacion": "Publicado 19 Feb 2021", "area": "Sistemas y Tecnolog\u00eda", "num_vacantes": "1 Vacante", "profesion": "Ingenier\u00eda de sistemas  Computaci\u00f3n", "descripcion_general": "Descripci\u00f3n general                Nos encontramos en b\u00fasqueda de un profesional en Ingenier\u00eda de Sistemas o de Inform\u00e1tica, con especializaci\u00f3n en Seguridad Inform\u00e1tica, gesti\u00f3n de TIC o a fines,  para ocupar el cargo de L\u00edder de Infraestructura Tecnol\u00f3gica, debe contar m\u00ednimo con cinco a\u00f1os de experiencia en administraci\u00f3n de plataformas en la nube , Plataforma GSuite Bussines, Administraci\u00f3n de Sistemas Operativos Windows Server e Infraestructura Microsoft, Administraci\u00f3n de Firewall Fortinet,  Administraci\u00f3n de bases de datos SQL Server, Posgress, MySQL, php, MyAdmin, administraci\u00f3n en Sistemas de Almacenamiento (NAS, SAN, Cloud Drive) y administraci\u00f3n de Sistemas de Informaci\u00f3n EAM y SunSystems, Administraci\u00f3n de Swicthes Cisco, AccessPoint Aruba, Gesti\u00f3n y Administraci\u00f3n de herramientas de monitoreo, Gesti\u00f3n de Herramientas para gesti\u00f3n de Tickets, Conocimientos en ITIL, COBIT, Conocimientos en ISO 27001 e ISO 9001 y Administraci\u00f3n de Proyectos de tecnolog\u00edaEsta posici\u00f3n debe optimizar y supervisar el trabajo realizado por el personal del Core de Infraestructura Tecnol\u00f3gica, garantizando la calidad en el soporte a usuarios y soluci\u00f3n de incidentes de manera oportuna y efectiva. Debe dise\u00f1ar e implementar los procedimientos de gesti\u00f3n inform\u00e1tica para la implementaci\u00f3n de nuevas aplicacionesLugar de trabajo Bogot\u00e1, contrato a t\u00e9rmino indefinido jornada de lunes a viernes de 7:30 a.m. a 5:30 p.m. salario $5.200.000 compuesto por un salario b\u00e1sico, una variable salarial y un auxilio no salarial.                    Nos encontramos en b\u00fasqueda de un profesional en Ingenier\u00eda de Sistemas o de Inform\u00e1tica, con especializaci\u00f3n en Seguridad Inform\u00e1tica, gesti\u00f3n de TIC o a fines,  para ocupar el cargo de L\u00edder de Infraestructura Tecnol\u00f3gica, debe contar m\u00ednimo con cinco a\u00f1os de experiencia en administraci\u00f3n de plataformas en la nube , Plataforma GSuite Bussines, Administraci\u00f3n de Sistemas Operativos Windows Server e Infraestructura Microsoft, Administraci\u00f3n de Firewall Fortinet,  Administraci\u00f3n de bases de datos SQL Server, Posgress, MySQL, php, MyAdmin, administraci\u00f3n en Sistemas de Almacenamiento (NAS, SAN, Cloud Drive) y administraci\u00f3n de Sistemas de Informaci\u00f3n EAM y SunSystems, Administraci\u00f3n de Swicthes Cisco, AccessPoint Aruba, Gesti\u00f3n y Administraci\u00f3n de herramientas de monitoreo, Gesti\u00f3n de Herramientas para gesti\u00f3n de Tickets, Conocimientos en ITIL, COBIT, Conocimientos en ISO 27001 e ISO 9001 y Administraci\u00f3n de Proyectos de tecnolog\u00edaEsta posici\u00f3n debe optimizar y supervisar el trabajo realizado por el personal del Core de Infraestructura Tecnol\u00f3gica, garantizando la calidad en el soporte a usuarios y soluci\u00f3n de incidentes de manera oportuna y efectiva. Debe dise\u00f1ar e implementar los procedimientos de gesti\u00f3n inform\u00e1tica para la implementaci\u00f3n de nuevas aplicacionesLugar de trabajo Bogot\u00e1, contrato a t\u00e9rmino indefinido jornada de lunes a viernes de 7:30 a.m. a 5:30 p.m. salario $5.200.000 compuesto por un salario b\u00e1sico, una variable salarial y un auxilio no salarial.                            Profesional Senior                            Especializaci\u00f3n            Ingenier\u00eda de sistemas  Computaci\u00f3n5 a\u00f1os de experiencia                1                Vacante            Competencias para la vacante                                            Administraci\u00f3n de Proyectos de tecnolog\u00eda                                                                                    administrador de sistemas informaticos                                                                                    software", "tipo_contrato": "Contrato Indefinido", "nivel_educativo": "Especializaci\u00f3n", "categoria": "Profesional Senior", "sector": "Energ\u00eda el\u00e9ctrica", "experiencia": "5 a\u00f1os de experiencia", "id_empleo": "1884547983", "competencias": "Administraci\u00f3n de Proyectos de tecnolog\u00eda,administrador de sistemas informaticos,software"}