{"url_empleo": "https://www.elempleo.com/co/ofertas-trabajo/asistente-de-desarrollo-tecnologo-o-ingeniero-de-sistemas-barranquilla/1884096167", "fecha_recuperacion": "2021-03-01-22-06", "titulo_oferta": "Asistente de desarrollo - tecnologo o ingeniero de sistemas - barranquilla", "salario": "Salario a convenir", "ciudad": "Barranquilla", "fecha_publicacion": "Publicado 25 Feb 2021", "area": "Sistemas y Tecnolog\u00eda", "num_vacantes": "1 Vacante", "profesion": "T\u00e9cnico en desarrollo y mantenim...", "descripcion_general": "Descripci\u00f3n general                Importante empresa sector comercial requiere para su equipo de trabajo asistente de desarrollo para brindar apoyo y asistir en el desarrollo de software para las diferentes plataformas de la compa\u00f1\u00eda (Ofim\u00e1tica- Plataforma Nidia) y gestionar soluciones a las solicitudes realizadas por las diferentes \u00e1reas de la compa\u00f1\u00eda. Profesional en Ingenier\u00eda de sistemas o tecnolog\u00eda en sistemas con m\u00ednimo 2 a\u00f1os de experiencia en el \u00e1rea. Salario $ 1.300.000 mas almuerzos.                    Importante empresa sector comercial requiere para su equipo de trabajo asistente de desarrollo para brindar apoyo y asistir en el desarrollo de software para las diferentes plataformas de la compa\u00f1\u00eda (Ofim\u00e1tica- Plataforma Nidia) y gestionar soluciones a las solicitudes realizadas por las diferentes \u00e1reas de la compa\u00f1\u00eda. Profesional en Ingenier\u00eda de sistemas o tecnolog\u00eda en sistemas con m\u00ednimo 2 a\u00f1os de experiencia en el \u00e1rea. Salario $ 1.300.000 mas almuerzos.                            Auxiliar, asistencial y otros                            Tecnol\u00f3gica            T\u00e9cnico en desarrollo y mantenimiento de software2 a\u00f1os de experienciaProgramador                1                Vacante            Competencias para la vacante                                            desarrolladores", "tipo_contrato": "", "nivel_educativo": "Tecnol\u00f3gica", "categoria": "Auxiliar, asistencial y otros", "sector": "Otros", "experiencia": "2 a\u00f1os de experiencia", "id_empleo": "1884096167", "competencias": "desarrolladores"}