{"url_empleo": "https://www.elempleo.com/co/ofertas-trabajo/subdirector-comercial-tulua/1884137363", "fecha_recuperacion": "2021-03-01-22-13", "titulo_oferta": "Subdirector comercial tulua", "salario": "$1,5 a $2 millones", "ciudad": "Tulu\u00e1", "fecha_publicacion": "Publicado 19 Feb 2021", "area": "Comercial, Ventas y Telemercadeo", "num_vacantes": "1 Vacante", "profesion": "Administraci\u00f3n de empresas", "descripcion_general": "Descripci\u00f3n general                Multinacional de Servicios de Salud y Est\u00e9tica dental, requiere Profesionales de todas las \u00e1reas incluyendo Odontolog\u00eda con experiencia m\u00ednima de tres (3) a\u00f1os, para realizar labor comercial y venta directamente en cl\u00ednica, cumplimiento de presupuestos y cierres efectivos en afiliaci\u00f3n y captaci\u00f3n de pacientes, asesor\u00eda en planes de financiaci\u00f3n. Contrato a t\u00e9rmino indefinido salario b\u00e1sico de $1.500.000 m\u00e1s variable que forma parte de la carga prestacional.                    Multinacional de Servicios de Salud y Est\u00e9tica dental, requiere Profesionales de todas las \u00e1reas incluyendo Odontolog\u00eda con experiencia m\u00ednima de tres (3) a\u00f1os, para realizar labor comercial y venta directamente en cl\u00ednica, cumplimiento de presupuestos y cierres efectivos en afiliaci\u00f3n y captaci\u00f3n de pacientes, asesor\u00eda en planes de financiaci\u00f3n. Contrato a t\u00e9rmino indefinido salario b\u00e1sico de $1.500.000 m\u00e1s variable que forma parte de la carga prestacional.                            Gerente                            Universitaria            Administraci\u00f3n de empresas3 a\u00f1os de experienciaSubdirector                1                Vacante            Competencias para la vacante                                            Subdirector", "tipo_contrato": "Contrato Indefinido", "nivel_educativo": "Universitaria", "categoria": "Gerente", "sector": "Servicios hospitalarios, m\u00e9dicos...", "experiencia": "3 a\u00f1os de experiencia", "id_empleo": "1884137363", "competencias": "Subdirector"}