{"url_empleo": "https://www.elempleo.com/co/ofertas-trabajo/cajero-almacenes-de-cadena/1884670547", "fecha_recuperacion": "2021-03-01-22-13", "titulo_oferta": "Cajero almacenes de cadena", "salario": "Menos de $1 mill\u00f3n", "ciudad": "Bogot\u00e1", "fecha_publicacion": "Publicado 19 Feb 2021", "area": "Operaciones y Procesos", "num_vacantes": "1 Vacante", "profesion": "Sin Profesi\u00f3n", "descripcion_general": "Descripci\u00f3n general                Importante Empresa, solicita personal con experiencia m\u00ednima de 6 meses reciente y certificada en manejo de caja, preferiblemente en almacenes de cadena.Para laborar de domingo a domingo compensatorio entre semana, contrato a t\u00e9rmino indefinido directamente con la empresa, turnos rotativos. Salario: $ 908.000 + dominicales + festivos + auxilio de transporte + todo lo de ley. Personas din\u00e1micas, amables, con buen servicio al cliente, honestas y responsables.                    Importante Empresa, solicita personal con experiencia m\u00ednima de 6 meses reciente y certificada en manejo de caja, preferiblemente en almacenes de cadena.Para laborar de domingo a domingo compensatorio entre semana, contrato a t\u00e9rmino indefinido directamente con la empresa, turnos rotativos. Salario: $ 908.000 + dominicales + festivos + auxilio de transporte + todo lo de ley. Personas din\u00e1micas, amables, con buen servicio al cliente, honestas y responsables.                            Auxiliar, asistencial y otros                            Media (10\u00b0 - 13\u00b0)            Sin Profesi\u00f3nMenos de un a\u00f1o de experiencia                1                Vacante            Competencias para la vacante                                            cajero                                                                                    cajera                                                                                    caja", "tipo_contrato": "Contrato Indefinido", "nivel_educativo": "Media (10\u00b0 - 13\u00b0)", "categoria": "Auxiliar, asistencial y otros", "sector": "Otros", "experiencia": "Menos de un a\u00f1o de experiencia", "id_empleo": "1884670547", "competencias": "cajero,cajera,caja"}