{"url_empleo": "https://www.elempleo.com/co/ofertas-trabajo/enfermeroa-unidad-de-recien-nacidos/1884503848", "fecha_recuperacion": "2021-03-01-22-05", "titulo_oferta": "Enfermero(a) unidad de reci\u00e9n nacidos", "salario": "$2,5 a $3 millones", "ciudad": "Bogot\u00e1", "fecha_publicacion": "Publicado 25 Feb 2021", "area": "Salud", "num_vacantes": "1 Vacante", "profesion": "Enfermer\u00eda", "descripcion_general": "Descripci\u00f3n general                Estamos en b\u00fasqueda de: Profesional en Enfermer\u00eda, con estudios de posgrado en UCI Neonatal, Perinatolog\u00eda, Cardiolog\u00eda Pedi\u00e1trica o afines, experiencia asistencia m\u00ednima de un (1) a\u00f1o  en unidades de reci\u00e9n nacidos e indispensable diplomado del cuidado del paciente critico neonatal. Contrato directo, con disponibilidad para turnos rotativos, fijo o indefinido seg\u00fan requerimiento y todas las prestaciones de ley                    Estamos en b\u00fasqueda de: Profesional en Enfermer\u00eda, con estudios de posgrado en UCI Neonatal, Perinatolog\u00eda, Cardiolog\u00eda Pedi\u00e1trica o afines, experiencia asistencia m\u00ednima de un (1) a\u00f1o  en unidades de reci\u00e9n nacidos e indispensable diplomado del cuidado del paciente critico neonatal. Contrato directo, con disponibilidad para turnos rotativos, fijo o indefinido seg\u00fan requerimiento y todas las prestaciones de ley                            Profesional                            Especializaci\u00f3n            Enfermer\u00eda1 a\u00f1o de experiencia                1                Vacante            Competencias para la vacante                                            neonatal                                                                                    UCIN                                                                                    neonatos                                                                                    URN", "tipo_contrato": "", "nivel_educativo": "Especializaci\u00f3n", "categoria": "Profesional", "sector": "Servicios hospitalarios, m\u00e9dicos...", "experiencia": "1 a\u00f1o de experiencia", "id_empleo": "1884503848", "competencias": "neonatal,UCIN,neonatos,URN"}