{"url_empleo": "https://www.elempleo.com/co/ofertas-trabajo/analista-cuentas-medicas-florencia/1884639874", "fecha_recuperacion": "2021-03-01-22-09", "titulo_oferta": "Analista cuentas medicas - florencia", "salario": "$1 a $1,5 millones", "ciudad": "Florencia", "fecha_publicacion": "Publicado 23 Feb 2021", "area": "Auditor\u00eda, Contralor\u00eda e Interve...", "num_vacantes": "1 Vacante", "profesion": "Enfermer\u00eda", "descripcion_general": "Descripci\u00f3n general                Importante empresa del sector de auditorias , requiere para su equipo de trabajo ANALISTA DE CUENTAS MEDICAS en la ciudad de CALI, para realizar la auditoria de cuentas medicas bajo par\u00e1metros definidos en los manuales tarifarios, SOAT, ISS y dem\u00e1s que apliquen en los acuerdos contractuales. Con conocimientos de: Ley 1438 de 2011, decreto 4747 de 2007, resoluci\u00f3n 3047 de 2008, Resoluci\u00f3n 4331 de 2012, y las normas que los modifiquen y/o sustituyan.Personas interesadas DEBEN ser T\u00e9cnicos titulados en \u00e1reas de la salud (administraci\u00f3n de salud, Auxiliar de Enfermer\u00eda o carreras administrativas orientadas a salud), contar con registro en RETUS y contar con experiencia  obligatoria m\u00ednima de 2 a\u00f1os (certificable) en ANALISIS/AUDITORIA/CONTROL DE CUENTAS MEDICAS.Personas que no cumpla con la experiencia requerida, o no vivan en la ciudad de Villavicencio por favor abstenerse a aplicar.                    Importante empresa del sector de auditorias , requiere para su equipo de trabajo ANALISTA DE CUENTAS MEDICAS en la ciudad de CALI, para realizar la auditoria de cuentas medicas bajo par\u00e1metros definidos en los manuales tarifarios, SOAT, ISS y dem\u00e1s que apliquen en los acuerdos contractuales. Con conocimientos de: Ley 1438 de 2011, decreto 4747 de 2007, resoluci\u00f3n 3047 de 2008, Resoluci\u00f3n 4331 de 2012, y las normas que los modifiquen y/o sustituyan.Personas interesadas DEBEN ser T\u00e9cnicos titulados en \u00e1reas de la salud (administraci\u00f3n de salud, Auxiliar de Enfermer\u00eda o carreras administrativas orientadas a salud), contar con registro en RETUS y contar con experiencia  obligatoria m\u00ednima de 2 a\u00f1os (certificable) en ANALISIS/AUDITORIA/CONTROL DE CUENTAS MEDICAS.Personas que no cumpla con la experiencia requerida, o no vivan en la ciudad de Villavicencio por favor abstenerse a aplicar.                            Profesional Junior                            T\u00e9cnico Laboral            Enfermer\u00edaAdministraci\u00f3n hospitalaria12 a\u00f1os de experiencia                1                Vacante            Competencias para la vacante                                            analistas                                                                                    auditora                                                                                    SALUD                                                                                    tecnico                                                                                    CUENTAS MEDICAS                                                                                    GLOSAS                                                                                    CONCILIACIONES", "tipo_contrato": "Contrato Por obra o labor", "nivel_educativo": "T\u00e9cnico Laboral", "categoria": "Profesional Junior", "sector": "Otros", "experiencia": "12 a\u00f1os de experiencia", "id_empleo": "1884639874", "competencias": "analistas,auditora,SALUD,tecnico,CUENTAS MEDICAS,GLOSAS,CONCILIACIONES"}