{"url_empleo": "https://www.elempleo.com/co/ofertas-trabajo/analista-de-testing-qa/1884621678", "fecha_recuperacion": "2021-03-01-22-13", "titulo_oferta": "Analista de testing & qa", "salario": "Salario a convenir", "ciudad": "Bogot\u00e1", "fecha_publicacion": "Publicado 19 Feb 2021", "area": "Sistemas y Tecnolog\u00eda", "num_vacantes": "1 Vacante", "profesion": "Ingenier\u00eda de sistemas  Computaci\u00f3n", "descripcion_general": "Descripci\u00f3n general                Experiencia superior de 2 a\u00f1os, con conocimiento en areas de calidad de software, dise\u00f1o y ejecucion de casos de pruebas, documentacion y gestion de incidentes, interacion directa con clientes, SQL server y  certificacion en curso ISTQB.                    Experiencia superior de 2 a\u00f1os, con conocimiento en areas de calidad de software, dise\u00f1o y ejecucion de casos de pruebas, documentacion y gestion de incidentes, interacion directa con clientes, SQL server y  certificacion en curso ISTQB.                            Profesional                            Universitaria            Ingenier\u00eda de sistemas  Computaci\u00f3nIngenier\u00eca De Software2 a\u00f1os de experiencia                1                Vacante            Competencias para la vacante                                            Testing                                                                                    Ingeniero                                                                                    ISTQB", "tipo_contrato": "Contrato Indefinido", "nivel_educativo": "Universitaria", "categoria": "Profesional", "sector": "Seguridad social", "experiencia": "2 a\u00f1os de experiencia", "id_empleo": "1884621678", "competencias": "Testing,Ingeniero,ISTQB"}