{"url_empleo": "https://www.elempleo.com/co/ofertas-trabajo/terapeuta-respiratoria/1884540422", "fecha_recuperacion": "2021-03-01-22-06", "titulo_oferta": "Terapeuta respiratoria", "salario": "Salario a convenir", "ciudad": "Bogot\u00e1", "fecha_publicacion": "Publicado 25 Feb 2021", "area": "Salud", "num_vacantes": "1 Vacante", "profesion": "Terapia respiratoria", "descripcion_general": "Descripci\u00f3n general                Estamos en b\u00fasqueda de: Profesional en Terapia Respiratoria con experiencia m\u00ednima de 6 meses, con pr\u00e1cticas en instituciones de alta y mediana complejidad . Indispensable contar con manejo de ventilaci\u00f3n mec\u00e1nica y maniobras de terapias respiratorias.  Contrato directo, a t\u00e9rmino indefinido con disponibilidad de turnos rotativos y todas las prestaciones de ley.                    Estamos en b\u00fasqueda de: Profesional en Terapia Respiratoria con experiencia m\u00ednima de 6 meses, con pr\u00e1cticas en instituciones de alta y mediana complejidad . Indispensable contar con manejo de ventilaci\u00f3n mec\u00e1nica y maniobras de terapias respiratorias.  Contrato directo, a t\u00e9rmino indefinido con disponibilidad de turnos rotativos y todas las prestaciones de ley.                            Profesional                            Universitaria            Terapia respiratoria1 a\u00f1o de experiencia                1                Vacante            Competencias para la vacante                                            TERAPIA RESPIRATORIA                                                                                    ventilaci\u00f3n                                                                                    mec\u00e1nica", "tipo_contrato": "Contrato Indefinido", "nivel_educativo": "Universitaria", "categoria": "Profesional", "sector": "Servicios hospitalarios, m\u00e9dicos...", "experiencia": "1 a\u00f1o de experiencia", "id_empleo": "1884540422", "competencias": "TERAPIA RESPIRATORIA,ventilaci\u00f3n,mec\u00e1nica"}