{"url_empleo": "https://www.elempleo.com/co/ofertas-trabajo/analista-junior-sap/1884649975", "fecha_recuperacion": "2021-03-01-22-10", "titulo_oferta": "Analista junior sap", "salario": "Salario a convenir", "ciudad": "Cali", "fecha_publicacion": "Publicado 23 Feb 2021", "area": "Sistemas y Tecnolog\u00eda", "num_vacantes": "1 Vacante", "profesion": "Ingenier\u00eda de redes y telecomuni...", "descripcion_general": "Descripci\u00f3n general                CENTELSA, Importante empresa multinacional del sector industrial requiere en su equipo de trabajo un Analista Junior SAP que tiene como prop\u00f3sito principal brindar apoyo a los desarrollos de nuevas aplicaciones y al mantenimiento y soporte de las actuales, generando continuamente valor a trav\u00e9s de la tecnolog\u00eda y promoviendo la transformaci\u00f3n tecnol\u00f3gica de la compa\u00f1\u00eda. Profesi\u00f3n requerida en Ingenier\u00eda de Sistemas.  Con experiencia m\u00ednima de 2 a\u00f1os en desarrollo en ABAP y conocimiento general de los m\u00f3dulos de SAP.Debe contar con las siguientes competencias: Actitud de Servicios, Adaptabilidad, Comunicaci\u00f3n en forma efectiva, orientaci\u00f3n al logro, trabajo en equipo, planificaci\u00f3n y organizaci\u00f3n, sentido de urgencia                    CENTELSA, Importante empresa multinacional del sector industrial requiere en su equipo de trabajo un Analista Junior SAP que tiene como prop\u00f3sito principal brindar apoyo a los desarrollos de nuevas aplicaciones y al mantenimiento y soporte de las actuales, generando continuamente valor a trav\u00e9s de la tecnolog\u00eda y promoviendo la transformaci\u00f3n tecnol\u00f3gica de la compa\u00f1\u00eda. Profesi\u00f3n requerida en Ingenier\u00eda de Sistemas.  Con experiencia m\u00ednima de 2 a\u00f1os en desarrollo en ABAP y conocimiento general de los m\u00f3dulos de SAP.Debe contar con las siguientes competencias: Actitud de Servicios, Adaptabilidad, Comunicaci\u00f3n en forma efectiva, orientaci\u00f3n al logro, trabajo en equipo, planificaci\u00f3n y organizaci\u00f3n, sentido de urgencia                            Profesional                            Especializaci\u00f3n            Ingenier\u00eda de redes y telecomunicaciones5 a\u00f1os de experiencia                1                Vacante            Competencias para la vacante                                            ingeniero de sistemas", "tipo_contrato": "", "nivel_educativo": "Especializaci\u00f3n", "categoria": "Profesional", "sector": "Ciencia y tecnolog\u00eda", "experiencia": "5 a\u00f1os de experiencia", "id_empleo": "1884649975", "competencias": "ingeniero de sistemas"}