{"url_empleo": "https://www.elempleo.com/co/ofertas-trabajo/vigilante-funza-madrid-mosquera-siberia/1884626532", "fecha_recuperacion": "2021-03-01-22-06", "titulo_oferta": "Vigilante funza, madrid, mosquera siberia", "salario": "$1 a $1,5 millones", "ciudad": "Funza", "fecha_publicacion": "Publicado 24 Feb 2021", "area": "Servicios Generales, Aseo y Vigi...", "num_vacantes": "1 Vacante", "profesion": "Bachillerato T\u00e9cnico", "descripcion_general": "Descripci\u00f3n general                Multinacional l\u00edder en servicios de protecci\u00f3n requiere personal para desempe\u00f1arse como Vigilante, indispensable residir en la FUNZA, MADRID, MOSQUERA, SIBERIA  o aleda\u00f1os. Experiencia m\u00ednima de 1 a\u00f1o adquirida en Empresas o Departamentos de Seguridad Privada. Competencias: Servicio al cliente, responsabilidad, compromiso, disposici\u00f3n para el aprendizaje.  Debe contar con los siguientes Documentos ORIGINALES: Diploma de Bachiller, Curso de seguridad Actualizado, Libreta Militar y C\u00e9dula de ciudadan\u00eda. Competencias: Comunicaci\u00f3n asertiva, Trabajo en Equipo y servicio al cliente.                    Multinacional l\u00edder en servicios de protecci\u00f3n requiere personal para desempe\u00f1arse como Vigilante, indispensable residir en la FUNZA, MADRID, MOSQUERA, SIBERIA  o aleda\u00f1os. Experiencia m\u00ednima de 1 a\u00f1o adquirida en Empresas o Departamentos de Seguridad Privada. Competencias: Servicio al cliente, responsabilidad, compromiso, disposici\u00f3n para el aprendizaje.  Debe contar con los siguientes Documentos ORIGINALES: Diploma de Bachiller, Curso de seguridad Actualizado, Libreta Militar y C\u00e9dula de ciudadan\u00eda. Competencias: Comunicaci\u00f3n asertiva, Trabajo en Equipo y servicio al cliente.                            Auxiliar, asistencial y otros                            Media (10\u00b0 - 13\u00b0)            Bachillerato T\u00e9cnico                1                Vacante            Competencias para la vacante                                            vigilante", "tipo_contrato": "", "nivel_educativo": "Media (10\u00b0 - 13\u00b0)", "categoria": "Auxiliar, asistencial y otros", "sector": "Vigilancia y seguridad", "experiencia": "", "id_empleo": "1884626532", "competencias": "vigilante"}