{"url_empleo": "https://www.elempleo.com/co/ofertas-trabajo/auxiliar-de-laboratorio-medio-tiempo/1884635880", "fecha_recuperacion": "2021-03-01-22-05", "titulo_oferta": "Auxiliar de laboratorio - medio tiempo", "salario": "Menos de $1 mill\u00f3n", "ciudad": "Bogot\u00e1 alrededores", "fecha_publicacion": "Publicado 25 Feb 2021", "area": "Salud", "num_vacantes": "1 Vacante", "profesion": "Otros", "descripcion_general": "Descripci\u00f3n general                Estamos en b\u00fasqueda de: T\u00e9cnico Auxiliar de Enfermer\u00eda o Auxiliar en Laboratorio Cl\u00ednico, con certificado vigente en toma de muestras y un (1) a\u00f1o de experiencia m\u00ednima reciente como auxiliar de laboratorio. Contrato directo a t\u00e9rmino fijo o indefinido seg\u00fan requerimiento, medio tiempo y todas las prestaciones de ley.                    Estamos en b\u00fasqueda de: T\u00e9cnico Auxiliar de Enfermer\u00eda o Auxiliar en Laboratorio Cl\u00ednico, con certificado vigente en toma de muestras y un (1) a\u00f1o de experiencia m\u00ednima reciente como auxiliar de laboratorio. Contrato directo a t\u00e9rmino fijo o indefinido seg\u00fan requerimiento, medio tiempo y todas las prestaciones de ley.                            Auxiliar, asistencial y otros                            T\u00e9cnico Laboral            Otros1 a\u00f1o de experiencia                1                Vacante            Competencias para la vacante                                            laboratorio                                                                                    Laboratotio cl\u00ednico                                                                                    Toma de muestras                                                                                    embalaje                                                                                    procesamiento", "tipo_contrato": "", "nivel_educativo": "T\u00e9cnico Laboral", "categoria": "Auxiliar, asistencial y otros", "sector": "Servicios hospitalarios, m\u00e9dicos...", "experiencia": "1 a\u00f1o de experiencia", "id_empleo": "1884635880", "competencias": "laboratorio,Laboratotio cl\u00ednico,Toma de muestras,embalaje,procesamiento"}