{"url_empleo": "https://www.elempleo.com/co/ofertas-trabajo/analista-de-produccion/1884528331", "fecha_recuperacion": "2021-03-01-22-06", "titulo_oferta": "Analista de producci\u00f3n", "salario": "$2,5 a $3 millones", "ciudad": "Medell\u00edn", "fecha_publicacion": "Publicado 25 Feb 2021", "area": "Calidad (aseguramiento, gesti\u00f3n ...", "num_vacantes": "1 Vacante", "profesion": "Ingenier\u00eda de sistemas  Computaci\u00f3n", "descripcion_general": "Descripci\u00f3n general                Buscamos un ingeniero de producci\u00f3n, industrial o \u00e1reas afines que tenga la capacidad de planificar, crear y gestionar estrategias que contribuyan con la optimizaci\u00f3n de los procesos en la linea de produccion de Hacking manual y desarrollo de plataformas de la compa\u00f1\u00eda,  con la finalidad de que se cumpla oportunamente con los objetivos propuestos por el equipo. Actividades del cargo:Planear la producci\u00f3n para cada uno de los equipos de la empresaCreaci\u00f3n de cronogramasControlar las fechas de entrega y optimizar la entrega de los productosAsignaci\u00f3n de cargas de trabajoRealizar indicadores de gesti\u00f3nElaborar los planes de trabajoElaborar actas de lanzamiento de proyectosEstandarizaci\u00f3n de procesosExpansi\u00f3n de capacidades del equipoMejorar los procesos organizacionales aplicando las normas t\u00e9cnicasDocumentar los procesosApoyo a la Ejecuci\u00f3nReportar casos cr\u00edticos y novedades de los participantes en los procesosDesarrollar acciones enfocadas en el mejoramiento continuoEncargarse de crear solucionesEncargarse de tener los recursos necesarios para que nuestros Hackers desarrollen el proyecto sin dificultadesDise\u00f1ar, planificar y desarrollar nuevos proyectosHabilidades necesarias:\u00c9ticoTrabajo en equipoResponsableAutodidactaFlexibilidadComunicativoPlaneaci\u00f3nPr\u00e1ctico\u00c1gil    Habilidades deseadas: Conocimientos en plataformas administrativasConocimientos en Tecnolog\u00edaDetalles de la vacante:Nivel de escolaridad requerido:  Ingeniero en Producci\u00f3n Tarjeta Profesional: SiTiempo de experiencia en actividades afines a la vacante: 1 a 2 a\u00f1osCiudad de la vacante: Medell\u00edn ColombiaHoras por semana que debe trabajar: 48 horas por semanaDisponibilidad 7x24:  No  Rango salarial de la vacante: Entre $2.000.000 y $ 3.000.000 COP Mensuales de acuerdo a nivel de ingl\u00e9s y experienciaTipo de contrato esperado: Indefinido Requiere hablar ingl\u00e9s fluido: No                    Buscamos un ingeniero de producci\u00f3n, industrial o \u00e1reas afines que tenga la capacidad de planificar, crear y gestionar estrategias que contribuyan con la optimizaci\u00f3n de los procesos en la linea de produccion de Hacking manual y desarrollo de plataformas de la compa\u00f1\u00eda,  con la finalidad de que se cumpla oportunamente con los objetivos propuestos por el equipo. Actividades del cargo:Planear la producci\u00f3n para cada uno de los equipos de la empresaCreaci\u00f3n de cronogramasControlar las fechas de entrega y optimizar la entrega de los productosAsignaci\u00f3n de cargas de trabajoRealizar indicadores de gesti\u00f3nElaborar los planes de trabajoElaborar actas de lanzamiento de proyectosEstandarizaci\u00f3n de procesosExpansi\u00f3n de capacidades del equipoMejorar los procesos organizacionales aplicando las normas t\u00e9cnicasDocumentar los procesosApoyo a la Ejecuci\u00f3nReportar casos cr\u00edticos y novedades de los participantes en los procesosDesarrollar acciones enfocadas en el mejoramiento continuoEncargarse de crear solucionesEncargarse de tener los recursos necesarios para que nuestros Hackers desarrollen el proyecto sin dificultadesDise\u00f1ar, planificar y desarrollar nuevos proyectosHabilidades necesarias:\u00c9ticoTrabajo en equipoResponsableAutodidactaFlexibilidadComunicativoPlaneaci\u00f3nPr\u00e1ctico\u00c1gil    Habilidades deseadas: Conocimientos en plataformas administrativasConocimientos en Tecnolog\u00edaDetalles de la vacante:Nivel de escolaridad requerido:  Ingeniero en Producci\u00f3n Tarjeta Profesional: SiTiempo de experiencia en actividades afines a la vacante: 1 a 2 a\u00f1osCiudad de la vacante: Medell\u00edn ColombiaHoras por semana que debe trabajar: 48 horas por semanaDisponibilidad 7x24:  No  Rango salarial de la vacante: Entre $2.000.000 y $ 3.000.000 COP Mensuales de acuerdo a nivel de ingl\u00e9s y experienciaTipo de contrato esperado: Indefinido Requiere hablar ingl\u00e9s fluido: No                            Profesional                            Universitaria            Ingenier\u00eda de sistemas  Computaci\u00f3n2 a\u00f1os de experiencia                1                Vacante            Competencias para la vacante                                            Producci\u00f3n                                                                                    Sistemas                                                                                    Python                                                                                    R                                                                                    Linux", "tipo_contrato": "", "nivel_educativo": "Universitaria", "categoria": "Profesional", "sector": "Inform\u00e1ticos", "experiencia": "2 a\u00f1os de experiencia", "id_empleo": "1884528331", "competencias": "Producci\u00f3n,Sistemas,Python,R,Linux"}