{"url_empleo": "https://www.elempleo.com/co/ofertas-trabajo/bacteriologa/1884583049", "fecha_recuperacion": "2021-03-01-22-05", "titulo_oferta": "Bacteriologa", "salario": "Menos de $1 mill\u00f3n", "ciudad": "Bogot\u00e1", "fecha_publicacion": "Publicado 25 Feb 2021", "area": "Salud", "num_vacantes": "1 Vacante", "profesion": "Bacteriolog\u00eda", "descripcion_general": "Descripci\u00f3n general                Profesional en el \u00e1rea de Bacteriolog\u00eda, manejo del servicio de Laboratorio Cl\u00ednico por medio de la realizaci\u00f3n de pruebas de apoyo diagnostico que incluye la toma y procesamiento de muestras, validaci\u00f3n de resultados siguiendo los est\u00e1ndares de calidad implementados y normas de bioseguridad a pacientes remitidos de las diferentes instituciones con las que existen convenios con el fin de realizar un trabajo interdisciplinario con el equipo m\u00e9dico confirmando los diagn\u00f3sticos que as\u00ed lo requieran y a su vez brindar un servicio integral para los clientes.                    Profesional en el \u00e1rea de Bacteriolog\u00eda, manejo del servicio de Laboratorio Cl\u00ednico por medio de la realizaci\u00f3n de pruebas de apoyo diagnostico que incluye la toma y procesamiento de muestras, validaci\u00f3n de resultados siguiendo los est\u00e1ndares de calidad implementados y normas de bioseguridad a pacientes remitidos de las diferentes instituciones con las que existen convenios con el fin de realizar un trabajo interdisciplinario con el equipo m\u00e9dico confirmando los diagn\u00f3sticos que as\u00ed lo requieran y a su vez brindar un servicio integral para los clientes.                            Profesional                            Universitaria            Bacteriolog\u00eda1 a\u00f1o de experiencia                1                Vacante            Competencias para la vacante                                            bacteriologos", "tipo_contrato": "Contrato Definido", "nivel_educativo": "Universitaria", "categoria": "Profesional", "sector": "Salud, trabajo y seguridad social", "experiencia": "1 a\u00f1o de experiencia", "id_empleo": "1884583049", "competencias": "bacteriologos"}