{"url_empleo": "https://www.elempleo.com/co/ofertas-trabajo/ejecutivo-de-negocios-ti-bogota/1884470870", "fecha_recuperacion": "2021-03-01-22-16", "titulo_oferta": "Ejecutivo de negocios ti bogota", "salario": "Salario a convenir", "ciudad": "Bogot\u00e1", "fecha_publicacion": "Publicado 17 Feb 2021", "area": "Sistemas y Tecnolog\u00eda", "num_vacantes": "1 Vacante", "profesion": "Administraci\u00f3n de sistemas infor...", "descripcion_general": "Descripci\u00f3n general                Se requiere profesional en ingenier\u00eda de sistemas, ingenier\u00eda industrial, administraci\u00f3n o afines, con experiencia m\u00ednima de 3 a\u00f1os en \u00e1reas relacionadas a TI.  Objetivo general del cargo:Velar por la relaci\u00f3n y acuerdos comerciales con los clientes (renovaciones de contratos) y gestionar nuevas oportunidades en los clientes. Funciones: \u2022 Gestionar la Marca SETI, como un aliado de Negocio del Cliente\u2022 Evolucionar en el proceso de identificar oportunidades de negocio\u2022 Evolucionar en el proceso de Calificar Oportunidades\u2022 Generar Propuestas\u2022 Realizar ciclo de venta completo desde preventa hasta legalizar contrato siguiendo el Proceso de Gesti\u00f3n Negocios.\u2022 Manejar herramientas de apoyo\u2022 Hacer gesti\u00f3n Preventa y Postventa\u2022 Mantener actualizado en conocimiento B\u00e1sico y General sobre el Portafolio de Servicios- Garantizar las renovaciones o acuerdos comerciales con los clientes a\u00f1o tras a\u00f1o.- Apoyar al equipo de negocios en temas contractuales como contratos, legalizaciones de proyectos, expedici\u00f3n de p\u00f3lizas etc. - Experiencia en el area  comercial o de ventas, apertura y gesti\u00f3n en cuentas gobierno, y ser\u00eda un gran plus si tienen manejo del  portal SECOP                    Se requiere profesional en ingenier\u00eda de sistemas, ingenier\u00eda industrial, administraci\u00f3n o afines, con experiencia m\u00ednima de 3 a\u00f1os en \u00e1reas relacionadas a TI.  Objetivo general del cargo:Velar por la relaci\u00f3n y acuerdos comerciales con los clientes (renovaciones de contratos) y gestionar nuevas oportunidades en los clientes. Funciones: \u2022 Gestionar la Marca SETI, como un aliado de Negocio del Cliente\u2022 Evolucionar en el proceso de identificar oportunidades de negocio\u2022 Evolucionar en el proceso de Calificar Oportunidades\u2022 Generar Propuestas\u2022 Realizar ciclo de venta completo desde preventa hasta legalizar contrato siguiendo el Proceso de Gesti\u00f3n Negocios.\u2022 Manejar herramientas de apoyo\u2022 Hacer gesti\u00f3n Preventa y Postventa\u2022 Mantener actualizado en conocimiento B\u00e1sico y General sobre el Portafolio de Servicios- Garantizar las renovaciones o acuerdos comerciales con los clientes a\u00f1o tras a\u00f1o.- Apoyar al equipo de negocios en temas contractuales como contratos, legalizaciones de proyectos, expedici\u00f3n de p\u00f3lizas etc. - Experiencia en el area  comercial o de ventas, apertura y gesti\u00f3n en cuentas gobierno, y ser\u00eda un gran plus si tienen manejo del  portal SECOP                            Profesional                            Universitaria            Administraci\u00f3n de sistemas inform\u00e1ticos3 a\u00f1os de experiencia                1                Vacante            Competencias para la vacante                                            ventas                                                                                    tecnologia                                                                                    TI                                                                                    SECOP", "tipo_contrato": "Contrato Indefinido", "nivel_educativo": "Universitaria", "categoria": "Profesional", "sector": "Otros servicios", "experiencia": "3 a\u00f1os de experiencia", "id_empleo": "1884470870", "competencias": "ventas,tecnologia,TI,SECOP"}