{"url_empleo": "https://www.elempleo.com/co/ofertas-trabajo/analista-de-calidad/1884604069", "fecha_recuperacion": "2021-03-01-22-11", "titulo_oferta": "Analista de calidad", "salario": "Salario a convenir", "ciudad": "Medell\u00edn", "fecha_publicacion": "Publicado 22 Feb 2021", "area": "Calidad (aseguramiento, gesti\u00f3n ...", "num_vacantes": "1 Vacante", "profesion": "Tecnolog\u00eda En Producci\u00f3n Industrial", "descripcion_general": "Descripci\u00f3n general                Se requiere  tecn\u00f3logo en: Calidad, Producci\u00f3n, Procesos Industriales y afines, deseable conocimientos en la normatividad del sector automotriz, manejo de indicadores, manejo de muestras, acompa\u00f1amiento asistencial a proyectos, revisi\u00f3n de producto terminado, atenci\u00f3n de requerimientos del cliente, elaboraci\u00f3n y gesti\u00f3n de informes de calidad. Preferiblemente con conocimiento en herramientas como AMEF, 8D, 5S y Core Tools, manejo b\u00e1sico de  SAP y nivel intermedio de  Excel.                    Se requiere  tecn\u00f3logo en: Calidad, Producci\u00f3n, Procesos Industriales y afines, deseable conocimientos en la normatividad del sector automotriz, manejo de indicadores, manejo de muestras, acompa\u00f1amiento asistencial a proyectos, revisi\u00f3n de producto terminado, atenci\u00f3n de requerimientos del cliente, elaboraci\u00f3n y gesti\u00f3n de informes de calidad. Preferiblemente con conocimiento en herramientas como AMEF, 8D, 5S y Core Tools, manejo b\u00e1sico de  SAP y nivel intermedio de  Excel.                            Auxiliar, asistencial y otros                            Tecnol\u00f3gica            Tecnolog\u00eda En Producci\u00f3n Industrial1 a\u00f1o de experiencia                1                Vacante            Competencias para la vacante                                            CALIDAD                                                                                    ANALISTA DE CALIDAD                                                                                    ANALISTA EN CALIDAD", "tipo_contrato": "Contrato Indefinido", "nivel_educativo": "Tecnol\u00f3gica", "categoria": "Auxiliar, asistencial y otros", "sector": "Manufacturas varias", "experiencia": "1 a\u00f1o de experiencia", "id_empleo": "1884604069", "competencias": "CALIDAD,ANALISTA DE CALIDAD,ANALISTA EN CALIDAD"}