{"url_empleo": "https://www.elempleo.com/co/ofertas-trabajo/consultor-de-emergencias-barranquilla-prestacion-de-servicios/1884540591", "fecha_recuperacion": "2021-03-01-22-16", "titulo_oferta": "Consultor de emergencias  barranquilla - prestaci\u00f3n de servicios", "salario": "Salario a convenir", "ciudad": "Barranquilla", "fecha_publicacion": "Publicado 17 Feb 2021", "area": "Consultoria", "num_vacantes": "1 Vacante", "profesion": "Enfermer\u00eda", "descripcion_general": "Descripci\u00f3n general                Nixus Capital Humano empresa con servicios de formaci\u00f3n y desarrollo organizacional, sistemas integrados de gesti\u00f3n, selecci\u00f3n y asesor\u00eda jur\u00eddica. Se encuentra en b\u00fasqueda para su equipo de trabajo en un Consultor de Emergencias para la ciudad de Barranquilla , t\u00e9cnico, tecn\u00f3logo o profesional en Seguridad y Salud en el Trabajo con curso en primeros auxilios, enfermer\u00eda o carreras afines y con Licencia vigente. Indispensable contar con experiencia m\u00ednima de dos (2) a\u00f1os en atenci\u00f3n prehospitalaria (soporte vital b\u00e1sico), conocimiento en primeros auxilios, b\u00fasqueda y rescate, atenci\u00f3n primaria a pacientes, an\u00e1lisis de vulnerabilidad y planes de emergencia y extinci\u00f3n de incendios b\u00e1sico. Preferiblemente que la persona trabaje de manera independiente y cuente con disponibilidad de tiempo. Se ofrece Contrato por Prestaci\u00f3n de Servicios y se Paga por Tarifa Hora Ejecutada.                    Nixus Capital Humano empresa con servicios de formaci\u00f3n y desarrollo organizacional, sistemas integrados de gesti\u00f3n, selecci\u00f3n y asesor\u00eda jur\u00eddica. Se encuentra en b\u00fasqueda para su equipo de trabajo en un Consultor de Emergencias para la ciudad de Barranquilla , t\u00e9cnico, tecn\u00f3logo o profesional en Seguridad y Salud en el Trabajo con curso en primeros auxilios, enfermer\u00eda o carreras afines y con Licencia vigente. Indispensable contar con experiencia m\u00ednima de dos (2) a\u00f1os en atenci\u00f3n prehospitalaria (soporte vital b\u00e1sico), conocimiento en primeros auxilios, b\u00fasqueda y rescate, atenci\u00f3n primaria a pacientes, an\u00e1lisis de vulnerabilidad y planes de emergencia y extinci\u00f3n de incendios b\u00e1sico. Preferiblemente que la persona trabaje de manera independiente y cuente con disponibilidad de tiempo. Se ofrece Contrato por Prestaci\u00f3n de Servicios y se Paga por Tarifa Hora Ejecutada.                            Profesional Junior                            Tecnol\u00f3gica            Enfermer\u00edaOtraAdministraci\u00f3n hospitalariaT\u00e9cnico en salud ocupacional2 a\u00f1os de experiencia                1                Vacante            Competencias para la vacante                                            seguridad y salud en el trabajo                                                                                    SST                                                                                    primeros auxilios                                                                                    busqueda y rescate                                                                                    atencion pacientes                                                                                    emergencia                                                                                    incendios", "tipo_contrato": "Contrato Prestacion de Servicios", "nivel_educativo": "Tecnol\u00f3gica", "categoria": "Profesional Junior", "sector": "Firmas de consultor\u00eda empresarial", "experiencia": "2 a\u00f1os de experiencia", "id_empleo": "1884540591", "competencias": "seguridad y salud en el trabajo,SST,primeros auxilios,busqueda y rescate,atencion pacientes,emergencia,incendios"}