{"url_empleo": "https://www.elempleo.com/co/ofertas-trabajo/asistene-de-nomina-cartagena/1884439390", "fecha_recuperacion": "2021-03-01-22-08", "titulo_oferta": "Asistene de n\u00f3mina cartagena", "salario": "$1,5 a $2 millones", "ciudad": "Bogot\u00e1", "fecha_publicacion": "Publicado 24 Feb 2021", "area": "Recursos Humanos y Adm\u00f3n. de Per...", "num_vacantes": "1 Vacante", "profesion": "Contadur\u00eda", "descripcion_general": "Descripci\u00f3n general                Tecn\u00f3logo o Profesional en temas relacionados con la n\u00f3minal realizar\u00e1 novedades, afiliaciones, retiros y todo el ciclo del proceso  de n\u00f3mina. Fundamental experiencia en temas de CONVENCIONES COLECTIVAS.Actitud de Servicio y excelentes relaciones interpersonales- La persona ser\u00e1 contratada por 4 meses por obra o labor.                    Tecn\u00f3logo o Profesional en temas relacionados con la n\u00f3minal realizar\u00e1 novedades, afiliaciones, retiros y todo el ciclo del proceso  de n\u00f3mina. Fundamental experiencia en temas de CONVENCIONES COLECTIVAS.Actitud de Servicio y excelentes relaciones interpersonales- La persona ser\u00e1 contratada por 4 meses por obra o labor.                            Auxiliar, asistencial y otros                            Tecnol\u00f3gica            Contadur\u00edaAdministraci\u00f3n de negociosT\u00e9cnico en Gesti\u00f3n ContableMaestr\u00eda en Ingenier\u00eda Industrial5 a\u00f1os de experiencia                1                Vacante            Competencias para la vacante                                            ASISTENTE DE NOMINA CARTAGENA", "tipo_contrato": "Contrato Otro", "nivel_educativo": "Tecnol\u00f3gica", "categoria": "Auxiliar, asistencial y otros", "sector": "Construcci\u00f3n", "experiencia": "5 a\u00f1os de experiencia", "id_empleo": "1884439390", "competencias": "ASISTENTE DE NOMINA CARTAGENA"}