{"url_empleo": "https://www.elempleo.com/co/ofertas-trabajo/auxiliar-de-enfermeria-uci/1884660294", "fecha_recuperacion": "2021-03-01-22-16", "titulo_oferta": "Auxiliar de enfermeria uci", "salario": "$1 a $1,5 millones", "ciudad": "Bogot\u00e1", "fecha_publicacion": "Publicado 17 Feb 2021", "area": "Salud", "num_vacantes": "1 Vacante", "profesion": "Enfermer\u00eda", "descripcion_general": "Descripci\u00f3n general                Importante Hospital de IV nivel de complejidad, requiere para conformar su equipo de trabajo T\u00e9cnicos  Auxiliares de Enfermer\u00eda para servicios UCI ADULTO, UCI NEONATAL. Que cuenten con disponibilidad completa, por contingencia actual debe estar disponible para turnos diarios de 12 horas d\u00eda por medio, despu\u00e9s de la contingencia con disponibilidad para el turno de la tarde preferiblemente. El objetivo del cargo es ejecutar tareas y actividades propias de su labor asistencial en forma directa con el paciente, conforme al procedimiento establecido en el servicio y cumpliendo con los est\u00e1ndares de calidad planteados en el proceso de atenci\u00f3n en la corporaci\u00f3n.  Por favor enviar su hoja de vida con soportes acad\u00e9micos, a los siguientes correos:   *********************@******.***.**  Tenga en cuenta contar con los siguientes requisitos (indispensables para contactarle):- Experiencia certificada m\u00ednimo de seis meses en en el servicio que aplica- Resoluci\u00f3n de la Secretar\u00eda de Salud- Entrenamiento en Soporte Vital B\u00e1sico (BLS) vigente  Al momento de recibir su hoja de vida y soportes, estaremos comunic\u00e1ndonos.                    Importante Hospital de IV nivel de complejidad, requiere para conformar su equipo de trabajo T\u00e9cnicos  Auxiliares de Enfermer\u00eda para servicios UCI ADULTO, UCI NEONATAL. Que cuenten con disponibilidad completa, por contingencia actual debe estar disponible para turnos diarios de 12 horas d\u00eda por medio, despu\u00e9s de la contingencia con disponibilidad para el turno de la tarde preferiblemente. El objetivo del cargo es ejecutar tareas y actividades propias de su labor asistencial en forma directa con el paciente, conforme al procedimiento establecido en el servicio y cumpliendo con los est\u00e1ndares de calidad planteados en el proceso de atenci\u00f3n en la corporaci\u00f3n.  Por favor enviar su hoja de vida con soportes acad\u00e9micos, a los siguientes correos:   *********************@******.***.**  Tenga en cuenta contar con los siguientes requisitos (indispensables para contactarle):- Experiencia certificada m\u00ednimo de seis meses en en el servicio que aplica- Resoluci\u00f3n de la Secretar\u00eda de Salud- Entrenamiento en Soporte Vital B\u00e1sico (BLS) vigente  Al momento de recibir su hoja de vida y soportes, estaremos comunic\u00e1ndonos.                            Auxiliar, asistencial y otros                            T\u00e9cnico Laboral            Enfermer\u00eda1 a\u00f1o de experiencia                1                Vacante            Competencias para la vacante                                            AUXILIAR DE ENFERMERIA                                                                                    urgencias                                                                                    URGENCIAS                                                                                    AUXILIAR DE ENFERMERIA URGENCIAS                                                                                    sala de partos                                                                                    uci neonatal                                                                                    uci adulto                                                                                    phd", "tipo_contrato": "Contrato Definido", "nivel_educativo": "T\u00e9cnico Laboral", "categoria": "Auxiliar, asistencial y otros", "sector": "Servicios hospitalarios, m\u00e9dicos...", "experiencia": "1 a\u00f1o de experiencia", "id_empleo": "1884660294", "competencias": "AUXILIAR DE ENFERMERIA,urgencias,URGENCIAS,AUXILIAR DE ENFERMERIA URGENCIAS,sala de partos,uci neonatal,uci adulto,phd"}