{"url_empleo": "https://www.elempleo.com/co/ofertas-trabajo/recepcionista-futura-vacante/1884661145", "fecha_recuperacion": "2021-03-01-22-09", "titulo_oferta": "Recepcionista (futura vacante)", "salario": "Salario a convenir", "ciudad": "Cali", "fecha_publicacion": "Publicado 23 Feb 2021", "area": "Administraci\u00f3n: servicios generales", "num_vacantes": "1 Vacante", "profesion": "Tecnolog\u00eda en Gesti\u00f3n Administra...", "descripcion_general": "Descripci\u00f3n general                En TQ buscamos T\u00e9cnicos, Tecn\u00f3logos o Estudiantes hasta s\u00e9ptimo semestre de carrera profesional en \u00e1reas administrativas: Administraci\u00f3n de empresas, Tecn\u00f3logo en Gesti\u00f3n Administrativa, Tecn\u00f3logo en Gesti\u00f3n Empresarial, T\u00e9cnico en Asistencia Administrativa, T\u00e9cnico en Archivo, T\u00e9cnico en secretariado gerencial, T\u00e9cnico en gesti\u00f3n del talento humano, T\u00e9cnico en operaciones comerciales, T\u00e9cnico en Administraci\u00f3n hotelera y Tur\u00edstica, con un a\u00f1o de experiencia en atenci\u00f3n al cliente de manera presencial y telef\u00f3nica.                    En TQ buscamos T\u00e9cnicos, Tecn\u00f3logos o Estudiantes hasta s\u00e9ptimo semestre de carrera profesional en \u00e1reas administrativas: Administraci\u00f3n de empresas, Tecn\u00f3logo en Gesti\u00f3n Administrativa, Tecn\u00f3logo en Gesti\u00f3n Empresarial, T\u00e9cnico en Asistencia Administrativa, T\u00e9cnico en Archivo, T\u00e9cnico en secretariado gerencial, T\u00e9cnico en gesti\u00f3n del talento humano, T\u00e9cnico en operaciones comerciales, T\u00e9cnico en Administraci\u00f3n hotelera y Tur\u00edstica, con un a\u00f1o de experiencia en atenci\u00f3n al cliente de manera presencial y telef\u00f3nica.                            Auxiliar, asistencial y otros                            Formaci\u00f3n Tec profesional            Tecnolog\u00eda en Gesti\u00f3n Administrativa1 a\u00f1o de experiencia                1                Vacante            Competencias para la vacante                                            T\u00e9cnico en asistencia administrativa                                                                                    Tecnologo en gesti\u00f3n empresarial", "tipo_contrato": "", "nivel_educativo": "Formaci\u00f3n Tec profesional", "categoria": "Auxiliar, asistencial y otros", "sector": "Laboratorios farmac\u00e9uticos y otros", "experiencia": "1 a\u00f1o de experiencia", "id_empleo": "1884661145", "competencias": "T\u00e9cnico en asistencia administrativa,Tecnologo en gesti\u00f3n empresarial"}