{"url_empleo": "https://www.elempleo.com/co/ofertas-trabajo/aprendiz-area-comercial/1884656302", "fecha_recuperacion": "2021-03-01-22-07", "titulo_oferta": "Aprendiz area comercial", "salario": "Salario a convenir", "ciudad": "Medell\u00edn", "fecha_publicacion": "Publicado 24 Feb 2021", "area": "Comercial, Ventas y Telemercadeo", "num_vacantes": "1 Vacante", "profesion": "Comercio internacional", "descripcion_general": "Descripci\u00f3n general                Empresa de Tecnolog\u00eda  est\u00e1 en b\u00fasqueda de Practicante de \u00faltimos semestres de adm de empresas o negocios para  Asistente comercial en  la ciudad de Bogot\u00e1  Generar demanda y m\u00e1s volumen de negocios para los serviciosRealizar llamadas y coordinar citas con clientes estrat\u00e9gicos.Entregar informes de seguimiento de cuentasApoyar en la planeaci\u00f3n y ejecuci\u00f3n de eventos corporativos.Apoyo en realizaci\u00f3n de propuestas y respuesta a licitacionesRegistro de proveedoresInformes de ventas Competencias Servicio al clienteorientaci\u00f3n al resultado compromiso                    Empresa de Tecnolog\u00eda  est\u00e1 en b\u00fasqueda de Practicante de \u00faltimos semestres de adm de empresas o negocios para  Asistente comercial en  la ciudad de Bogot\u00e1  Generar demanda y m\u00e1s volumen de negocios para los serviciosRealizar llamadas y coordinar citas con clientes estrat\u00e9gicos.Entregar informes de seguimiento de cuentasApoyar en la planeaci\u00f3n y ejecuci\u00f3n de eventos corporativos.Apoyo en realizaci\u00f3n de propuestas y respuesta a licitacionesRegistro de proveedoresInformes de ventas Competencias Servicio al clienteorientaci\u00f3n al resultado compromiso                            Auxiliar, asistencial y otros                            T\u00e9cnico Laboral            Comercio internacional                1                Vacante            Competencias para la vacante                                            COMERCIAL", "tipo_contrato": "Contrato Contrato de aprendizaje", "nivel_educativo": "T\u00e9cnico Laboral", "categoria": "Auxiliar, asistencial y otros", "sector": "Productores y distribuidores de ...", "experiencia": "", "id_empleo": "1884656302", "competencias": "COMERCIAL"}