{"url_empleo": "https://www.elempleo.com/co/ofertas-trabajo/analista-de-gestion-humana-malambo/1884609675", "fecha_recuperacion": "2021-03-01-22-11", "titulo_oferta": "Analista de gesti\u00f3n humana - malambo", "salario": "$2 a $2,5 millones", "ciudad": "Malambo", "fecha_publicacion": "Publicado 22 Feb 2021", "area": "Recursos Humanos y Adm\u00f3n. de Per...", "num_vacantes": "1 Vacante", "profesion": "Psicolog\u00eda", "descripcion_general": "Descripci\u00f3n general                Como unidad de servicio de transporte de Postob\u00f3n, buscamos para nuestro equipo de trabajo en Malambo un analista de gesti\u00f3n humana, quien tendr\u00e1 como principal misi\u00f3n en su cargo ejecutar y asistir el plan anual de actividades de Gesti\u00f3n Humana con el fin de asegurar que la compa\u00f1\u00eda cuenta con el personal competente para los cargos que ejercen y con planes de desarrollo grupales e individuales, promoviendo la productividad organizacional, apoyo en el proceso de contrataci\u00f3n, novedades de n\u00f3mina, actividades de bienestar, formaci\u00f3n y desarrollo.Debe ser profesional en psicolog\u00eda, con una experiencia m\u00ednima de 2 a\u00f1os certificada, desempe\u00f1ando roles en la parte de selecci\u00f3n, relacionamiento de equipos, clima laboral, procesos disciplinarios y contrataci\u00f3n. NOTA: Aplica \u00fanicamente para personas que residan en Barranquilla, Malambo y/o sectores aleda\u00f1os.                    Como unidad de servicio de transporte de Postob\u00f3n, buscamos para nuestro equipo de trabajo en Malambo un analista de gesti\u00f3n humana, quien tendr\u00e1 como principal misi\u00f3n en su cargo ejecutar y asistir el plan anual de actividades de Gesti\u00f3n Humana con el fin de asegurar que la compa\u00f1\u00eda cuenta con el personal competente para los cargos que ejercen y con planes de desarrollo grupales e individuales, promoviendo la productividad organizacional, apoyo en el proceso de contrataci\u00f3n, novedades de n\u00f3mina, actividades de bienestar, formaci\u00f3n y desarrollo.Debe ser profesional en psicolog\u00eda, con una experiencia m\u00ednima de 2 a\u00f1os certificada, desempe\u00f1ando roles en la parte de selecci\u00f3n, relacionamiento de equipos, clima laboral, procesos disciplinarios y contrataci\u00f3n. NOTA: Aplica \u00fanicamente para personas que residan en Barranquilla, Malambo y/o sectores aleda\u00f1os.                            Profesional Senior                            Universitaria            Psicolog\u00eda2 a\u00f1os de experiencia                1                Vacante            Competencias para la vacante                                            recursos humanos                                                                                    psicologa                                                                                    psicologo                                                                                    selecci\u00f3n                                                                                    gesti\u00f3n humana", "tipo_contrato": "Contrato Indefinido", "nivel_educativo": "Universitaria", "categoria": "Profesional Senior", "sector": "Transporte", "experiencia": "2 a\u00f1os de experiencia", "id_empleo": "1884609675", "competencias": "recursos humanos,psicologa,psicologo,selecci\u00f3n,gesti\u00f3n humana"}