{"url_empleo": "https://www.elempleo.com/co/ofertas-trabajo/medico-familiarista/1884580696", "fecha_recuperacion": "2021-03-01-22-05", "titulo_oferta": "M\u00e9dico familiarista", "salario": "$10 a $12,5 millones", "ciudad": "Bogot\u00e1", "fecha_publicacion": "Publicado 25 Feb 2021", "area": "Salud", "num_vacantes": "1 Vacante", "profesion": "Medicina", "descripcion_general": "Descripci\u00f3n general                Importante hospital de IV nivel de complejidad requiere para su equipo de trabajo M\u00e9dico Especialista en Medicina Familiar, para nuevo servicio de planes especiales en Urgencias. El profesional debe participar en la planeaci\u00f3n y liderar la implementaci\u00f3n y seguimiento de los programas de promoci\u00f3n y prevenci\u00f3n en la red hospitalaria M\u00e9deri, a partir de la intervenci\u00f3n y orientaci\u00f3n a pacientes y familias alineadas al modelo de atenci\u00f3n integral y la remisi\u00f3n a los diferentes servicios asistenciales de  ser necesario. Indispensable: Ser M\u00e9dico Especialista en Medicina Familiar con Tarjeta profesional de especialista  expedida por el Colegio m\u00e9dico colombiano, con experiencia total de 4 a\u00f1os y especifica de 2 a\u00f1os. Adicional, contar con cursos vigentes (BLS-ACLS- Atenci\u00f3n a V\u00edctimas de violencia sexual). Disponibilidad de tiempo completa.                    Importante hospital de IV nivel de complejidad requiere para su equipo de trabajo M\u00e9dico Especialista en Medicina Familiar, para nuevo servicio de planes especiales en Urgencias. El profesional debe participar en la planeaci\u00f3n y liderar la implementaci\u00f3n y seguimiento de los programas de promoci\u00f3n y prevenci\u00f3n en la red hospitalaria M\u00e9deri, a partir de la intervenci\u00f3n y orientaci\u00f3n a pacientes y familias alineadas al modelo de atenci\u00f3n integral y la remisi\u00f3n a los diferentes servicios asistenciales de  ser necesario. Indispensable: Ser M\u00e9dico Especialista en Medicina Familiar con Tarjeta profesional de especialista  expedida por el Colegio m\u00e9dico colombiano, con experiencia total de 4 a\u00f1os y especifica de 2 a\u00f1os. Adicional, contar con cursos vigentes (BLS-ACLS- Atenci\u00f3n a V\u00edctimas de violencia sexual). Disponibilidad de tiempo completa.                            Profesional                            Universitaria            Medicina2 a\u00f1os de experiencia                1                Vacante            Competencias para la vacante                                            M\u00c9DICO GENERAL                                                                                    URGENCIAS                                                                                    M\u00c9DICO URGENCIAS                                                                                    BLS                                                                                    ACLS                                                                                    familiarista                                                                                    medico familiar                                                                                    especialista en medicina familiar                                                                                    medicina familiar", "tipo_contrato": "Contrato Definido", "nivel_educativo": "Universitaria", "categoria": "Profesional", "sector": "IPS", "experiencia": "2 a\u00f1os de experiencia", "id_empleo": "1884580696", "competencias": "M\u00c9DICO GENERAL,URGENCIAS,M\u00c9DICO URGENCIAS,BLS,ACLS,familiarista,medico familiar,especialista en medicina familiar,medicina familiar"}