{"url_empleo": "https://www.elempleo.com/co/ofertas-trabajo/director-inteligencia-de-mercados/1884660693", "fecha_recuperacion": "2021-03-01-22-06", "titulo_oferta": "Director inteligencia de mercados", "salario": "$6 a $8 millones", "ciudad": "Bogot\u00e1", "fecha_publicacion": "Publicado 24 Feb 2021", "area": "Comercial, Ventas y Telemercadeo", "num_vacantes": "1 Vacante", "profesion": "Econom\u00eda", "descripcion_general": "Descripci\u00f3n general                Importante empresa del sector busca para su equipo comercial, Director de Inteligencia de Mercados, administrador de empresas, economista, financiero, ingeniero, estad\u00edstico, matem\u00e1tico y/o a fines, con habilidades en lenguajes matem\u00e1ticos y de desarrollo (SPSS, R), visualizadores (TABLEU, POWER BI u otros) arquitectura empresarial, inteligencia de negocios, metodolog\u00edas \u00e1giles, implementaci\u00f3n de proyectos, metodolog\u00edas de investigaci\u00f3n, modelos de riesgo, conocimientos macroecon\u00f3micos b\u00e1sicos, modelos de gesti\u00f3n comercial, construcci\u00f3n de KPI\u00b4S, estudios de mercado inmobiliario, an\u00e1lisis estad\u00edstico, estrategia comercial, con mas de 4 a\u00f1os de experiencia cono jefe de investigaci\u00f3n, Director de inteligencia comercial , de producto, de estrategia o de inteligencia de negocios, indispensable conocimiento en CRM , cuadros de mando integral de Inteligencia Comercial en el sector construcci\u00f3n.                    Importante empresa del sector busca para su equipo comercial, Director de Inteligencia de Mercados, administrador de empresas, economista, financiero, ingeniero, estad\u00edstico, matem\u00e1tico y/o a fines, con habilidades en lenguajes matem\u00e1ticos y de desarrollo (SPSS, R), visualizadores (TABLEU, POWER BI u otros) arquitectura empresarial, inteligencia de negocios, metodolog\u00edas \u00e1giles, implementaci\u00f3n de proyectos, metodolog\u00edas de investigaci\u00f3n, modelos de riesgo, conocimientos macroecon\u00f3micos b\u00e1sicos, modelos de gesti\u00f3n comercial, construcci\u00f3n de KPI\u00b4S, estudios de mercado inmobiliario, an\u00e1lisis estad\u00edstico, estrategia comercial, con mas de 4 a\u00f1os de experiencia cono jefe de investigaci\u00f3n, Director de inteligencia comercial , de producto, de estrategia o de inteligencia de negocios, indispensable conocimiento en CRM , cuadros de mando integral de Inteligencia Comercial en el sector construcci\u00f3n.                            Coordinador supervisor o especialista                            Especializaci\u00f3n            Econom\u00edaIngenier\u00eda industrialMatem\u00e1ticasAdministraci\u00f3n de empresasEstad\u00edstico3 a\u00f1os de experiencia                1                Vacante            Competencias para la vacante                                            Investigacion                                                                                    modelos de predicci\u00f3n                                                                                    mecanismos de captura de variables", "tipo_contrato": "", "nivel_educativo": "Especializaci\u00f3n", "categoria": "Coordinador supervisor o especialista", "sector": "Vivienda \u2013 Inmobiliaria", "experiencia": "3 a\u00f1os de experiencia", "id_empleo": "1884660693", "competencias": "Investigacion,modelos de predicci\u00f3n,mecanismos de captura de variables"}