{"url_empleo": "https://www.elempleo.com/co/ofertas-trabajo/director-contable-especialista-en-niif/1884473268", "fecha_recuperacion": "2021-03-01-22-14", "titulo_oferta": "Director contable - especialista en niif", "salario": "$4 a $4,5 millones", "ciudad": "Bogot\u00e1", "fecha_publicacion": "Publicado 18 Feb 2021", "area": "Administrativa y Financiera", "num_vacantes": "1 Vacante", "profesion": "Contadur\u00eda", "descripcion_general": "Descripci\u00f3n general                Empresa del sector construcci\u00f3n de obras civiles y fabricaci\u00f3n de estructuras met\u00e1licas requiere CONTADOR CON ESPECIALIZACI\u00d3N EN NIIF. Experiencia general de 4 a\u00f1os en cargos directivos y 2 a\u00f1os de experiencia especifica desarrollando funciones relacionadas con Preparaci\u00f3n de estados Financieros, Liquidaci\u00f3n de impuestos, Control de costos, Normas Internacionales NIIF, Normas legales, contables y tributarias, Estatuto tributario, Informes a entidades del estado, privadas, y requerimientos de la DIAN.                    Empresa del sector construcci\u00f3n de obras civiles y fabricaci\u00f3n de estructuras met\u00e1licas requiere CONTADOR CON ESPECIALIZACI\u00d3N EN NIIF. Experiencia general de 4 a\u00f1os en cargos directivos y 2 a\u00f1os de experiencia especifica desarrollando funciones relacionadas con Preparaci\u00f3n de estados Financieros, Liquidaci\u00f3n de impuestos, Control de costos, Normas Internacionales NIIF, Normas legales, contables y tributarias, Estatuto tributario, Informes a entidades del estado, privadas, y requerimientos de la DIAN.                            Profesional Senior                            Especializaci\u00f3n            Contadur\u00eda4 a\u00f1os de experiencia                1                Vacante            Competencias para la vacante                                            NIIF                                                                                    DIRECTOR CONTABLE", "tipo_contrato": "", "nivel_educativo": "Especializaci\u00f3n", "categoria": "Profesional Senior", "sector": "Construcci\u00f3n", "experiencia": "4 a\u00f1os de experiencia", "id_empleo": "1884473268", "competencias": "NIIF,DIRECTOR CONTABLE"}