{"url_empleo": "https://www.elempleo.com/co/ofertas-trabajo/asistente-de-sst/1884151253", "fecha_recuperacion": "2021-03-01-22-05", "titulo_oferta": "Asistente de sst", "salario": "$1 a $1,5 millones", "ciudad": "Cajic\u00e1\r\n /                \r\n                  Otras", "fecha_publicacion": "Publicado 25 Feb 2021", "area": "Seguridad Industrial, Ambiental ...", "num_vacantes": "1 Vacante", "profesion": "Otra", "descripcion_general": "Descripci\u00f3n general                Importante compa\u00f1\u00eda requiere Profesional en Salud y seguridad en el Trabajo para laborar en el cargo de asistente de SST que resida cerca al norte de Bogot\u00e1 y municipios aleda\u00f1os (Zipaquir\u00e1, Ch\u00eda, Cajic\u00e1, Sop\u00f3,Cota, Tocancip\u00e1) con experiencia en seguimiento de accidentes e incidentes de trabajo, evaluaci\u00f3n de puestos de trabajo, condiciones de trabajo y conocimiento del Sistema de Gesti\u00f3n de la Seguridad y la Salud en el Trabajo y Gesti\u00f3n Ambiental, brigadas de emergencia, contrato directo con la compa\u00f1\u00eda, se ofrece servicio de ruta y casino.                    Importante compa\u00f1\u00eda requiere Profesional en Salud y seguridad en el Trabajo para laborar en el cargo de asistente de SST que resida cerca al norte de Bogot\u00e1 y municipios aleda\u00f1os (Zipaquir\u00e1, Ch\u00eda, Cajic\u00e1, Sop\u00f3,Cota, Tocancip\u00e1) con experiencia en seguimiento de accidentes e incidentes de trabajo, evaluaci\u00f3n de puestos de trabajo, condiciones de trabajo y conocimiento del Sistema de Gesti\u00f3n de la Seguridad y la Salud en el Trabajo y Gesti\u00f3n Ambiental, brigadas de emergencia, contrato directo con la compa\u00f1\u00eda, se ofrece servicio de ruta y casino.        Profesional en Salud y seguridad en el Trabajo con experiencia m\u00ednima de 1 a\u00f1o en al cargo apoyando los diferentes procesos de SST que resida cerca al norte de Bogot\u00e1 y municipios aleda\u00f1os (Zipaquir\u00e1, Ch\u00eda, Cajic\u00e1, Sop\u00f3,Cota, Tocancip\u00e1)                Profesional Junior                            Universitaria            OtraTecn Seguridad industrial1 a\u00f1o de experienciaAsistente                1                Vacante                            Requisitos para aplicar                                Profesional en Salud y seguridad en el Trabajo con experiencia m\u00ednima de 1 a\u00f1o en al cargo apoyando los diferentes procesos de SST que resida cerca al norte de Bogot\u00e1 y municipios aleda\u00f1os (Zipaquir\u00e1, Ch\u00eda, Cajic\u00e1, Sop\u00f3,Cota, Tocancip\u00e1)                Competencias para la vacante", "tipo_contrato": "Contrato Indefinido", "nivel_educativo": "Universitaria", "categoria": "Profesional Junior", "sector": "Almacenes de cadena", "experiencia": "1 a\u00f1o de experiencia", "id_empleo": "1884151253", "competencias": ""}