{"url_empleo": "https://www.elempleo.com/co/ofertas-trabajo/contador/1884569884", "fecha_recuperacion": "2021-03-01-22-14", "titulo_oferta": "Contador", "salario": "Salario a convenir", "ciudad": "Bogot\u00e1", "fecha_publicacion": "Publicado 18 Feb 2021", "area": "Administrativa y Financiera", "num_vacantes": "1 Vacante", "profesion": "Contadur\u00eda", "descripcion_general": "Descripci\u00f3n general                Empresa del sector construcci\u00f3n de obras civiles y fabricaci\u00f3n de estructuras met\u00e1licas requiere profesional en Contaduria Publica con tarjeta profesional y experiencia especifica de 5 a\u00f1os en el sector de construcci\u00f3n                    Empresa del sector construcci\u00f3n de obras civiles y fabricaci\u00f3n de estructuras met\u00e1licas requiere profesional en Contaduria Publica con tarjeta profesional y experiencia especifica de 5 a\u00f1os en el sector de construcci\u00f3n                            Profesional                            Universitaria            Contadur\u00eda5 a\u00f1os de experiencia                1                Vacante            Competencias para la vacante                                            CONTADOR", "tipo_contrato": "", "nivel_educativo": "Universitaria", "categoria": "Profesional", "sector": "Construcci\u00f3n", "experiencia": "5 a\u00f1os de experiencia", "id_empleo": "1884569884", "competencias": "CONTADOR"}