{"url_empleo": "https://www.elempleo.com/co/ofertas-trabajo/practicante-diseno-grafico/1884631932", "fecha_recuperacion": "2021-03-01-22-10", "titulo_oferta": "Practicante dise\u00f1o grafico", "salario": "Menos de $1 mill\u00f3n", "ciudad": "Bogot\u00e1", "fecha_publicacion": "Publicado 22 Feb 2021", "area": "Dise\u00f1o y publicidad", "num_vacantes": "1 Vacante", "profesion": "Dise\u00f1o gr\u00e1fico", "descripcion_general": "Descripci\u00f3n general                Importante instituci\u00f3n de educaci\u00f3n superior requiere estudiante de dise\u00f1o gr\u00e1fico para apoyo al \u00e1rea de comunicaciones, con conocimientos en diagramaci\u00f3n y artefinalizaci\u00f3n, as\u00ed como en producci\u00f3n de piezas para medios digitales, conceptualizaci\u00f3n gr\u00e1fica y campa\u00f1as.  Indispensable manejo de la suite de adobe.  Contrato de aprendizajeHorario lunes a viernes 8:00 am a 6:00 pm                    Importante instituci\u00f3n de educaci\u00f3n superior requiere estudiante de dise\u00f1o gr\u00e1fico para apoyo al \u00e1rea de comunicaciones, con conocimientos en diagramaci\u00f3n y artefinalizaci\u00f3n, as\u00ed como en producci\u00f3n de piezas para medios digitales, conceptualizaci\u00f3n gr\u00e1fica y campa\u00f1as.  Indispensable manejo de la suite de adobe.  Contrato de aprendizajeHorario lunes a viernes 8:00 am a 6:00 pm                            Profesional Junior                            Universitaria            Dise\u00f1o gr\u00e1fico                1                Vacante            Competencias para la vacante                                            dise\u00f1o grafico                                                                                    disenador grafico", "tipo_contrato": "Contrato Contrato de aprendizaje", "nivel_educativo": "Universitaria", "categoria": "Profesional Junior", "sector": "Universidades", "experiencia": "", "id_empleo": "1884631932", "competencias": "dise\u00f1o grafico,disenador grafico"}