{"url_empleo": "https://www.elempleo.com/co/ofertas-trabajo/supervisor-de-mantenimiento-mecanico-equipos-estaticos/1884654111", "fecha_recuperacion": "2021-03-01-22-05", "titulo_oferta": "Supervisor de mantenimiento mec\u00e1nico - equipos estaticos", "salario": "Salario a convenir", "ciudad": "Buritic\u00e1", "fecha_publicacion": "Publicado 25 Feb 2021", "area": "Mantenimiento", "num_vacantes": "1 Vacante", "profesion": "Ingenier\u00eda mec\u00e1nica", "descripcion_general": "Descripci\u00f3n general                Encargado de el seguimiento y difusi\u00f3n a sus colaboradores de las pol\u00edticas de seguridad industrial y f\u00edsica establecidas por la compa\u00f1ia, Identificar \u00e1reas de oportunidad del personal a su cargo, control de inventario de almac\u00e9n y herramientas, cumplimiento a programa de actividades, intervenci\u00f3n de equipos mecanizados y uso adecuado de herramientas, An\u00e1lisis y Diagn\u00f3sticos, mantenimiento mec\u00e1nico equipos est\u00e1ticos.                    Encargado de el seguimiento y difusi\u00f3n a sus colaboradores de las pol\u00edticas de seguridad industrial y f\u00edsica establecidas por la compa\u00f1ia, Identificar \u00e1reas de oportunidad del personal a su cargo, control de inventario de almac\u00e9n y herramientas, cumplimiento a programa de actividades, intervenci\u00f3n de equipos mecanizados y uso adecuado de herramientas, An\u00e1lisis y Diagn\u00f3sticos, mantenimiento mec\u00e1nico equipos est\u00e1ticos.                            Profesional                            Universitaria            Ingenier\u00eda mec\u00e1nicaIngenier\u00eda electromec\u00e1nicaIngenier\u00eda mecatr\u00f3nicaIngenier\u00eda Automotriz5 a\u00f1os de experiencia                1                Vacante            Competencias para la vacante                                            equipos est\u00e1ticos                                                                                    construccion                                                                                    mantenimiento mec\u00e1nico", "tipo_contrato": "Contrato Indefinido", "nivel_educativo": "Universitaria", "categoria": "Profesional", "sector": "Metales no ferrosos", "experiencia": "5 a\u00f1os de experiencia", "id_empleo": "1884654111", "competencias": "equipos est\u00e1ticos,construccion,mantenimiento mec\u00e1nico"}