{"url_empleo": "https://www.elempleo.com/co/ofertas-trabajo/arquitecto-de-software/1884667238", "fecha_recuperacion": "2021-03-01-22-11", "titulo_oferta": "Arquitecto de software", "salario": "$6 a $8 millones", "ciudad": "Cali", "fecha_publicacion": "Publicado 22 Feb 2021", "area": "Sistemas y Tecnolog\u00eda", "num_vacantes": "1 Vacante", "profesion": "Ingenier\u00eda de sistemas  Computaci\u00f3n", "descripcion_general": "Descripci\u00f3n general                En Carvajal nos encontramos en busqueda de profesional en ingeieria de sistemas o carreras a fines, con experiencia minima de 3 a\u00f1os en arquitectura de software orientada en servicio, diagramaci\u00f3n l\u00f3gica y algoritmo, Patrones de software empresarial y patrones de intregraci\u00f3n, Aplicaciones Distribuidas y desrrollo de software.                    En Carvajal nos encontramos en busqueda de profesional en ingeieria de sistemas o carreras a fines, con experiencia minima de 3 a\u00f1os en arquitectura de software orientada en servicio, diagramaci\u00f3n l\u00f3gica y algoritmo, Patrones de software empresarial y patrones de intregraci\u00f3n, Aplicaciones Distribuidas y desrrollo de software.                            Profesional Senior                            Especializaci\u00f3n            Ingenier\u00eda de sistemas  Computaci\u00f3n3 a\u00f1os de experiencia                1                Vacante            Competencias para la vacante                                            arquitecto de software                                                                                    desarrollo de sofware                                                                                    patrones de dise\u00f1o                                                                                    tecnologia                                                                                    ingenier\u00eda de sistemas", "tipo_contrato": "Contrato Indefinido", "nivel_educativo": "Especializaci\u00f3n", "categoria": "Profesional Senior", "sector": "Ciencia y tecnolog\u00eda", "experiencia": "3 a\u00f1os de experiencia", "id_empleo": "1884667238", "competencias": "arquitecto de software,desarrollo de sofware,patrones de dise\u00f1o,tecnologia,ingenier\u00eda de sistemas"}