{"url_empleo": "https://www.elempleo.com/co/ofertas-trabajo/ejecutivo-pyme-medellin/1884637619", "fecha_recuperacion": "2021-03-01-22-15", "titulo_oferta": "Ejecutivo pyme medellin", "salario": "$2 a $2,5 millones", "ciudad": "Medell\u00edn", "fecha_publicacion": "Publicado 18 Feb 2021", "area": "Comercial, Ventas y Telemercadeo", "num_vacantes": "1 Vacante", "profesion": "Contadur\u00eda", "descripcion_general": "Descripci\u00f3n general                Scotiabank Colpatria se encuentra en b\u00fasqueda de Ejecutivo Pyme en la ciudad de Medellin para cubrir licencia de maternidad, Profesional titulado en carreras administrativas afines al sector financiero. M\u00ednimo 2 a\u00f1os de experiencia comercial en el sector Pyme: Relaci\u00f3n directa con cliente o portafolios, manejo de metas mensuales en el segmento PYME y empresarial, adem\u00e1s conocimientos generales en segmento y global del portafolio de servicios. Horario de Lunes a Viernes de 8:00a m -  5:00 pm. Asignaci\u00f3n Salarial en un rango $3300000 comisiones 100%  contrato a termino fijo.                    Scotiabank Colpatria se encuentra en b\u00fasqueda de Ejecutivo Pyme en la ciudad de Medellin para cubrir licencia de maternidad, Profesional titulado en carreras administrativas afines al sector financiero. M\u00ednimo 2 a\u00f1os de experiencia comercial en el sector Pyme: Relaci\u00f3n directa con cliente o portafolios, manejo de metas mensuales en el segmento PYME y empresarial, adem\u00e1s conocimientos generales en segmento y global del portafolio de servicios. Horario de Lunes a Viernes de 8:00a m -  5:00 pm. Asignaci\u00f3n Salarial en un rango $3300000 comisiones 100%  contrato a termino fijo.                            Profesional                            Universitaria            Contadur\u00edaEconom\u00edaAdministraci\u00f3n de empresas2 a\u00f1os de experiencia                1                Vacante            Competencias para la vacante                                            Pyme                                                                                    Empresarial                                                                                    Juridico                                                                                    ejecutivo", "tipo_contrato": "Contrato Indefinido", "nivel_educativo": "Universitaria", "categoria": "Profesional", "sector": "Servicios financieros", "experiencia": "2 a\u00f1os de experiencia", "id_empleo": "1884637619", "competencias": "Pyme,Empresarial,Juridico,ejecutivo"}