{"url_empleo": "https://www.elempleo.com/co/ofertas-trabajo/comunicador-ra-grafico-a/1884078590", "fecha_recuperacion": "2021-03-01-22-04", "titulo_oferta": "Comunicador (ra) gr\u00e1fico (a)", "salario": "$1,5 a $2 millones", "ciudad": "Envigado", "fecha_publicacion": "Publicado 25 Feb 2021", "area": "Mercadeo y Publicidad", "num_vacantes": "1 Vacante", "profesion": "Comunicaci\u00f3n social y periodismo", "descripcion_general": "Descripci\u00f3n general                Importante empresa del sector qu\u00edmico requiere personal urgente para que haga parte de su equipo de trabajo.Perfil: Profesional en comunicaci\u00f3n gr\u00e1fica, Comunicaciones, Dise\u00f1o Gr\u00e1fico o Publicista.Experiencia: 1 a\u00f1o m\u00ednimo.Conocimientos complementarios\tAdobe illustrator, photoshop  \u2013 Software relacionado con el cargo (office).Conocimiento y/u operaci\u00f3n de equipos involucrados en el proceso. Observaciones particulares:\tExcelente redacci\u00f3n y ortograf\u00eda.                    Importante empresa del sector qu\u00edmico requiere personal urgente para que haga parte de su equipo de trabajo.Perfil: Profesional en comunicaci\u00f3n gr\u00e1fica, Comunicaciones, Dise\u00f1o Gr\u00e1fico o Publicista.Experiencia: 1 a\u00f1o m\u00ednimo.Conocimientos complementarios\tAdobe illustrator, photoshop  \u2013 Software relacionado con el cargo (office).Conocimiento y/u operaci\u00f3n de equipos involucrados en el proceso. Observaciones particulares:\tExcelente redacci\u00f3n y ortograf\u00eda.        Funciones:Dise\u00f1o de la estrategia de comunicaci\u00f3n y mantenimiento de la cultura organizacionalAdministraci\u00f3n de los medios de comunicaci\u00f3n de la Compa\u00f1\u00edaRedacci\u00f3n de comunicados internos y externosNegociaci\u00f3n con medios de comunicaci\u00f3nManejo de la identidad visual de empresa, servicio o producto, para generar identidad corporativa      Generaci\u00f3n de contenidos y aplicaci\u00f3n de estrategias de medios de comunicaci\u00f3n, desde la publicidadConceptualizaci\u00f3n y dise\u00f1o de piezas y proyectos gr\u00e1ficos y publicitariosElaboraci\u00f3n de textos publicitarios como parte de las estrategias de comunicaci\u00f3nEjecuci\u00f3n de otras funciones asignadas por la Compa\u00f1\u00eda o por el Jefe inmediato (reemplazos, nuevas tareas,  actividades laborales en otros cargos o procesos) cuando sea necesario.                Auxiliar, asistencial y otros                            Universitaria            Comunicaci\u00f3n social y periodismo1 a\u00f1o de experienciaComunicador social                1                Vacante                            Requisitos para aplicar                                Funciones:Dise\u00f1o de la estrategia de comunicaci\u00f3n y mantenimiento de la cultura organizacionalAdministraci\u00f3n de los medios de comunicaci\u00f3n de la Compa\u00f1\u00edaRedacci\u00f3n de comunicados internos y externosNegociaci\u00f3n con medios de comunicaci\u00f3nManejo de la identidad visual de empresa, servicio o producto, para generar identidad corporativa      Generaci\u00f3n de contenidos y aplicaci\u00f3n de estrategias de medios de comunicaci\u00f3n, desde la publicidadConceptualizaci\u00f3n y dise\u00f1o de piezas y proyectos gr\u00e1ficos y publicitariosElaboraci\u00f3n de textos publicitarios como parte de las estrategias de comunicaci\u00f3nEjecuci\u00f3n de otras funciones asignadas por la Compa\u00f1\u00eda o por el Jefe inmediato (reemplazos, nuevas tareas,  actividades laborales en otros cargos o procesos) cuando sea necesario.                Competencias para la vacante", "tipo_contrato": "Contrato Indefinido", "nivel_educativo": "Universitaria", "categoria": "Auxiliar, asistencial y otros", "sector": "Abonos, plaguicidas y qu\u00edmicos a...", "experiencia": "1 a\u00f1o de experiencia", "id_empleo": "1884078590", "competencias": ""}