{"url_empleo": "https://www.elempleo.com/co/ofertas-trabajo/gerente-de-impuestos-y-de-planeacion-financiera/1884617881", "fecha_recuperacion": "2021-03-01-22-01", "titulo_oferta": "Gerente de impuestos y de planeaci\u00f3n financiera", "salario": "Salario a convenir", "ciudad": "Bogot\u00e1", "fecha_publicacion": "Publicado 1 Mar 2021", "area": "Administrativa y Financiera", "num_vacantes": "1 Vacante", "profesion": "Contadur\u00eda", "descripcion_general": "Descripci\u00f3n general                Importante empresa Multinacional con presencia en m\u00e1s de 42 pa\u00edses, dedicada a temas de construcci\u00f3n, infraestructura y petroqu\u00edmicos requiere para su equipo de trabajo: Gerente de impuestos y de Planeaci\u00f3n Financiera.* Objetivo del cargo: Proponer la planeaci\u00f3n tributaria para medir impacto en impuestos y capturar oportunidades de ahorro, pasando por el control y monitoreo de todos los requerimientos fiscales y los procesos legales en materia fiscal, hasta la solicitud de devoluciones de saldos a favor y atenci\u00f3n a los requerimientos de las autoridades de impuestos del orden nacional y municipal.*Requisitos m\u00ednimos para la aplicaci\u00f3n: -Profesional en Contadur\u00eda P\u00fablica con Especializaci\u00f3n en derecho tributario - M\u00ednimo 5 a\u00f1os de experiencia como gerente de  impuestos en empresas multinacionales - experiencia en Convenios para evitar doble imposici\u00f3n. - Ingles B2 (Se aplica Test de Clasificaci\u00f3n)                    Importante empresa Multinacional con presencia en m\u00e1s de 42 pa\u00edses, dedicada a temas de construcci\u00f3n, infraestructura y petroqu\u00edmicos requiere para su equipo de trabajo: Gerente de impuestos y de Planeaci\u00f3n Financiera.* Objetivo del cargo: Proponer la planeaci\u00f3n tributaria para medir impacto en impuestos y capturar oportunidades de ahorro, pasando por el control y monitoreo de todos los requerimientos fiscales y los procesos legales en materia fiscal, hasta la solicitud de devoluciones de saldos a favor y atenci\u00f3n a los requerimientos de las autoridades de impuestos del orden nacional y municipal.*Requisitos m\u00ednimos para la aplicaci\u00f3n: -Profesional en Contadur\u00eda P\u00fablica con Especializaci\u00f3n en derecho tributario - M\u00ednimo 5 a\u00f1os de experiencia como gerente de  impuestos en empresas multinacionales - experiencia en Convenios para evitar doble imposici\u00f3n. - Ingles B2 (Se aplica Test de Clasificaci\u00f3n)                            Gerente Senior                            Especializaci\u00f3n            Contadur\u00eda5 a\u00f1os de experiencia                1                Vacante            Competencias para la vacante                                            impuestos", "tipo_contrato": "", "nivel_educativo": "Especializaci\u00f3n", "categoria": "Gerente Senior", "sector": "Qu\u00edmicos industriales y diversos", "experiencia": "5 a\u00f1os de experiencia", "id_empleo": "1884617881", "competencias": "impuestos"}