{"url_empleo": "https://www.elempleo.com/co/ofertas-trabajo/auxiliar-de-cocina/1884379992", "fecha_recuperacion": "2021-03-01-22-17", "titulo_oferta": "Auxiliar de cocina", "salario": "Salario a convenir", "ciudad": "Bogot\u00e1", "fecha_publicacion": "Publicado 17 Feb 2021", "area": "Producci\u00f3n", "num_vacantes": "1 Vacante", "profesion": "Bachillerato Acad\u00e9mico", "descripcion_general": "Descripci\u00f3n general                Reconocida cadena de restaurantes a nivel nacional e internacional solicita personal con o sin experiencia para laboral como auxiliar de cocina con horarios rotativos. Es importante tener disponibilidad de laborar de domingo a domingo. Salario m\u00ednimo mas prestaciones sociales.                    Reconocida cadena de restaurantes a nivel nacional e internacional solicita personal con o sin experiencia para laboral como auxiliar de cocina con horarios rotativos. Es importante tener disponibilidad de laborar de domingo a domingo. Salario m\u00ednimo mas prestaciones sociales.                            Auxiliar, asistencial y otros                            Media (10\u00b0 - 13\u00b0)            Bachillerato Acad\u00e9micoBachillerato ComercialBachillerato T\u00e9cnico                1                Vacante            Competencias para la vacante                                            Auxiliar de cocina                                                                                    Auxiliar restaurante                                                                                    Mesa", "tipo_contrato": "Contrato Definido", "nivel_educativo": "Media (10\u00b0 - 13\u00b0)", "categoria": "Auxiliar, asistencial y otros", "sector": "Distribuci\u00f3n / Consumo masivo de...", "experiencia": "", "id_empleo": "1884379992", "competencias": "Auxiliar de cocina,Auxiliar restaurante,Mesa"}