{"url_empleo": "https://www.elempleo.com/co/ofertas-trabajo/lider-de-operaciones/1884293674", "fecha_recuperacion": "2021-03-01-22-02", "titulo_oferta": "Lider de operaciones", "salario": "$6 a $8 millones", "ciudad": "Bogot\u00e1", "fecha_publicacion": "Publicado 1 Mar 2021", "area": "Comercial, Ventas y Telemercadeo", "num_vacantes": "1 Vacante", "profesion": "Administraci\u00f3n de empresas", "descripcion_general": "Descripci\u00f3n general                L\u00edder de OperacionesProfesional biling\u00fce, con experiencia m\u00ednima de 5 a\u00f1os en el manejo de equipos fuerza de venta a nivel nacional enfocada preferiblemente en el sector de consumo electr\u00f3nico y sector retail, con amplio conocimiento en Sell in, Sello ut y Sell through, con competencias orientadas al trabajo bajo presi\u00f3n y liderazgo. Importante nivel conversacional de ingl\u00e9s superior al 80%                    L\u00edder de OperacionesProfesional biling\u00fce, con experiencia m\u00ednima de 5 a\u00f1os en el manejo de equipos fuerza de venta a nivel nacional enfocada preferiblemente en el sector de consumo electr\u00f3nico y sector retail, con amplio conocimiento en Sell in, Sello ut y Sell through, con competencias orientadas al trabajo bajo presi\u00f3n y liderazgo. Importante nivel conversacional de ingl\u00e9s superior al 80%                            Gerente                            Universitaria            Administraci\u00f3n de empresas5 a\u00f1os de experiencia                1                Vacante            Competencias para la vacante                                            Fuerza de venta                                                                                    Sell in                                                                                    Sell out                                                                                    Sell through", "tipo_contrato": "Contrato Definido", "nivel_educativo": "Universitaria", "categoria": "Gerente", "sector": "Agencias de publicidad", "experiencia": "5 a\u00f1os de experiencia", "id_empleo": "1884293674", "competencias": "Fuerza de venta,Sell in,Sell out,Sell through"}