{"url_empleo": "https://www.elempleo.com/co/ofertas-trabajo/aprendiz-sena-administrativo/1884623916", "fecha_recuperacion": "2021-03-01-22-12", "titulo_oferta": "Aprendiz sena administrativo", "salario": "Salario a convenir", "ciudad": "Bogot\u00e1", "fecha_publicacion": "Publicado 19 Feb 2021", "area": "Auditor\u00eda, Contralor\u00eda e Interve...", "num_vacantes": "1 Vacante", "profesion": "Tecn Seguridad industrial", "descripcion_general": "Descripci\u00f3n general                En Aportes en Linea requerimpos  3 estudiantes para contrato de aprendizaje en areas  administrativas.  Funciones\u00b7         Hacer seguimiento a planes y generar alertas en desvios-   Seguimiento Inducci\u00f3n -   Consolidaci\u00f3n Boletines -   Alertas Acciones -   Validar los m\u00ednimos de los documentos en el area de calidad. prestar apoyo al area de talento humano en labores de seguridad social y proceso administrativos o contables.                    En Aportes en Linea requerimpos  3 estudiantes para contrato de aprendizaje en areas  administrativas.  Funciones\u00b7         Hacer seguimiento a planes y generar alertas en desvios-   Seguimiento Inducci\u00f3n -   Consolidaci\u00f3n Boletines -   Alertas Acciones -   Validar los m\u00ednimos de los documentos en el area de calidad. prestar apoyo al area de talento humano en labores de seguridad social y proceso administrativos o contables.                            Auxiliar, asistencial y otros                            Formaci\u00f3n Tec profesional            Tecn Seguridad industrialTecnolog\u00eda en Gesti\u00f3n Administrativa                1                Vacante            Competencias para la vacante                                            aprendiz", "tipo_contrato": "Contrato Contrato de aprendizaje", "nivel_educativo": "Formaci\u00f3n Tec profesional", "categoria": "Auxiliar, asistencial y otros", "sector": "Ciencia y tecnolog\u00eda", "experiencia": "", "id_empleo": "1884623916", "competencias": "aprendiz"}