{"url_empleo": "https://www.elempleo.com/co/ofertas-trabajo/director-de-centro-de-operaciones/1884374528", "fecha_recuperacion": "2021-03-01-22-10", "titulo_oferta": "Director de centro de operaciones", "salario": "$10 a $12,5 millones", "ciudad": "Bogot\u00e1", "fecha_publicacion": "Publicado 23 Feb 2021", "area": "Operaciones y Procesos", "num_vacantes": "1 Vacante", "profesion": "Ingenier\u00eda de sistemas  Computaci\u00f3n", "descripcion_general": "Descripci\u00f3n general                Si eres Cercano, apasionado, Innovador, Positivo y sabio... Esta es la oportunidad del \u00a1Siempre se Puede!: En Banco Popular nos encontramos en la B\u00fasqueda de Talentos Populares para ocupar el cargo de Director de Centro de Operaciones. Lo que necesitas para ser un Talento Popular: Profesional Graduado en Ingenier\u00eda de sistemas o carreras afines. Experiencia m\u00ednima de 5 a\u00f1os en Administraci\u00f3n de centros de c\u00f3mputo, manejo de \u00e1reas de tecnolog\u00eda desde lo administrativo, preferiblemente en el sector financiero.  Te esperamos... \u00a1Juntos Lograremos ser el Banco principal de nuestros clientes!                    Si eres Cercano, apasionado, Innovador, Positivo y sabio... Esta es la oportunidad del \u00a1Siempre se Puede!: En Banco Popular nos encontramos en la B\u00fasqueda de Talentos Populares para ocupar el cargo de Director de Centro de Operaciones. Lo que necesitas para ser un Talento Popular: Profesional Graduado en Ingenier\u00eda de sistemas o carreras afines. Experiencia m\u00ednima de 5 a\u00f1os en Administraci\u00f3n de centros de c\u00f3mputo, manejo de \u00e1reas de tecnolog\u00eda desde lo administrativo, preferiblemente en el sector financiero.  Te esperamos... \u00a1Juntos Lograremos ser el Banco principal de nuestros clientes!                            Gerente                            Universitaria            Ingenier\u00eda de sistemas  Computaci\u00f3nIngenier\u00eda electr\u00f3nica5 a\u00f1os de experiencia                1                Vacante            Competencias para la vacante                                            centro de c\u00f3mputo", "tipo_contrato": "Contrato Indefinido", "nivel_educativo": "Universitaria", "categoria": "Gerente", "sector": "Banca", "experiencia": "5 a\u00f1os de experiencia", "id_empleo": "1884374528", "competencias": "centro de c\u00f3mputo"}