{"url_empleo": "https://www.elempleo.com/co/ofertas-trabajo/be-auxiliar-operacion-occidente/1884545789", "fecha_recuperacion": "2021-03-01-22-17", "titulo_oferta": "Be auxiliar operacion occidente", "salario": "Menos de $1 mill\u00f3n", "ciudad": "Pereira", "fecha_publicacion": "Publicado 17 Feb 2021", "area": "Operaciones y Procesos", "num_vacantes": "1 Vacante", "profesion": "Sin Profesi\u00f3n", "descripcion_general": "Descripci\u00f3n general                Se requiere personal bachiller, con experiencia minima de un a\u00f1o especificamente en el manejo de valores, medios de pago, registro en maquinas P.O.S y realizando labores de auxiliar de operaci\u00f3n. Indispensable contar con la manipulaci\u00f3n de alimentos.\u00a0 Ciudad: Pereira, Cartago o Armenia. Dependiendo de la vacante.\u00a0 Salario: 898200 Horario: 47 horas semanales seg\u00fan programaci\u00f3n.                    Se requiere personal bachiller, con experiencia minima de un a\u00f1o especificamente en el manejo de valores, medios de pago, registro en maquinas P.O.S y realizando labores de auxiliar de operaci\u00f3n. Indispensable contar con la manipulaci\u00f3n de alimentos.\u00a0 Ciudad: Pereira, Cartago o Armenia. Dependiendo de la vacante.\u00a0 Salario: 898200 Horario: 47 horas semanales seg\u00fan programaci\u00f3n.                            Auxiliar, asistencial y otros            Sin Profesi\u00f3n2 a\u00f1os de experienciaAuxiliarOperarioCajeroMercaderista                1                Vacante            Competencias para la vacante                                            Sin Profesi\u00f3n", "tipo_contrato": "Contrato Indefinido", "nivel_educativo": "", "categoria": "Auxiliar, asistencial y otros", "sector": "Consumo masivo", "experiencia": "2 a\u00f1os de experiencia", "id_empleo": "1884545789", "competencias": "Sin Profesi\u00f3n"}