{"url_empleo": "https://www.elempleo.com/co/ofertas-trabajo/docente-/1884649222", "fecha_recuperacion": "2021-03-01-22-15", "titulo_oferta": "Docente -15", "salario": "Salario a convenir", "ciudad": "Bucaramanga", "fecha_publicacion": "Publicado 18 Feb 2021", "area": "Docencia", "num_vacantes": "1 Vacante", "profesion": "Ingenier\u00eda ambiental  Forestal", "descripcion_general": "Descripci\u00f3n general                Importante Instituci\u00f3n de Educaci\u00f3n Superior busca para su banco de hojas de vida para completar su planta docente para el a\u00f1o 2021 en la ciudad de Bucaramanga.Docente Ingeniero ambiental, qu\u00edmico civil y/o sanitario. Maestr\u00eda en recursos h\u00eddricos, o ingenier\u00eda ambiental. Experiencia profesional en sistemas de tratamiento de agua potable y residual y modelamiento ambiental (5 a\u00f1os). Experiencia docente (2 a\u00f1os).                    Importante Instituci\u00f3n de Educaci\u00f3n Superior busca para su banco de hojas de vida para completar su planta docente para el a\u00f1o 2021 en la ciudad de Bucaramanga.Docente Ingeniero ambiental, qu\u00edmico civil y/o sanitario. Maestr\u00eda en recursos h\u00eddricos, o ingenier\u00eda ambiental. Experiencia profesional en sistemas de tratamiento de agua potable y residual y modelamiento ambiental (5 a\u00f1os). Experiencia docente (2 a\u00f1os).                            Profesional                            Maestr\u00eda            Ingenier\u00eda ambiental  ForestalDocente2 a\u00f1os de experiencia                1                Vacante            Competencias para la vacante                                            docente                                                                                    ingeniera                                                                                    Ingenier\u00eda ambiental                                                                                    Maestr\u00eda en recursos h\u00eddricos", "tipo_contrato": "", "nivel_educativo": "Maestr\u00eda", "categoria": "Profesional", "sector": "Universidades", "experiencia": "2 a\u00f1os de experiencia", "id_empleo": "1884649222", "competencias": "docente,ingeniera,Ingenier\u00eda ambiental,Maestr\u00eda en recursos h\u00eddricos"}