{"url_empleo": "https://www.elempleo.com/co/ofertas-trabajo/analista-bases-de-datos/1884384309", "fecha_recuperacion": "2021-03-01-22-05", "titulo_oferta": "Analista bases de datos", "salario": "$2,5 a $3 millones", "ciudad": "Bogot\u00e1", "fecha_publicacion": "Publicado 25 Feb 2021", "area": "Sistemas y Tecnolog\u00eda", "num_vacantes": "1 Vacante", "profesion": "Ingenier\u00eda de sistemas  Computaci\u00f3n", "descripcion_general": "Descripci\u00f3n general                Gestionar y realizar seguimiento a las actividades de provisi\u00f3n, soporte, administraci\u00f3n y mantenimiento especializado de los componentes de infraestructura tecnol\u00f3gica, Bases de datos y servicios en la nube (servidores y bases de datos) y/o servicios tecnol\u00f3gicos; para garantizar el funcionamiento \u00f3ptimo y adecuado de los recursos tecnol\u00f3gicos de la compa\u00f1\u00eda.-Profesional graduado en: ingenier\u00eda de sistemas, ingenier\u00eda el\u00e9ctrica, ingenier\u00eda de telecomunicaciones. -Experiencia de 2 a\u00f1os en roles similares en equipo de TI, bases de datos y servicios de nube. -Nivel de ingl\u00e9s: A2.                    Gestionar y realizar seguimiento a las actividades de provisi\u00f3n, soporte, administraci\u00f3n y mantenimiento especializado de los componentes de infraestructura tecnol\u00f3gica, Bases de datos y servicios en la nube (servidores y bases de datos) y/o servicios tecnol\u00f3gicos; para garantizar el funcionamiento \u00f3ptimo y adecuado de los recursos tecnol\u00f3gicos de la compa\u00f1\u00eda.-Profesional graduado en: ingenier\u00eda de sistemas, ingenier\u00eda el\u00e9ctrica, ingenier\u00eda de telecomunicaciones. -Experiencia de 2 a\u00f1os en roles similares en equipo de TI, bases de datos y servicios de nube. -Nivel de ingl\u00e9s: A2.                            Profesional                            Universitaria            Ingenier\u00eda de sistemas  Computaci\u00f3nIngenier\u00eda electr\u00f3nicaIngenier\u00eda mecatr\u00f3nicaIngenier\u00eda telem\u00e1tica1 a\u00f1o de experiencia                1                Vacante            Competencias para la vacante                                            SQL                                                                                    ORACLE                                                                                    Bases de datos                                                                                    Infraestructura", "tipo_contrato": "", "nivel_educativo": "Universitaria", "categoria": "Profesional", "sector": "Transporte", "experiencia": "1 a\u00f1o de experiencia", "id_empleo": "1884384309", "competencias": "SQL,ORACLE,Bases de datos,Infraestructura"}