{"url_empleo": "https://www.elempleo.com/co/ofertas-trabajo/medico-general-urgencias-y-uci/1884658968", "fecha_recuperacion": "2021-03-01-22-00", "titulo_oferta": "Medico general urgencias y uci", "salario": "$2 a $2,5 millones", "ciudad": "Bogot\u00e1", "fecha_publicacion": "Publicado 1 Mar 2021", "area": "Salud", "num_vacantes": "1 Vacante", "profesion": "Medicina", "descripcion_general": "Descripci\u00f3n general                Importante entidad del sector salud requiere para su equipo de trabajo M\u00e9dico General con experiencia en \u00e1rea de Urgencias o Cuidado Intensivo, para cubrir secuencia cada 5 noche y fin de semana cuando corresponda 24h. Contrato con todos los beneficios de ley, se requiere disponibilidad para trabajar en Ch\u00eda.                    Importante entidad del sector salud requiere para su equipo de trabajo M\u00e9dico General con experiencia en \u00e1rea de Urgencias o Cuidado Intensivo, para cubrir secuencia cada 5 noche y fin de semana cuando corresponda 24h. Contrato con todos los beneficios de ley, se requiere disponibilidad para trabajar en Ch\u00eda.                            Profesional                            Universitaria            Medicina1 a\u00f1o de experiencia                1                Vacante            Competencias para la vacante                                            M\u00e9dico General                                                                                    UCI                                                                                    Urgencias", "tipo_contrato": "Contrato Definido", "nivel_educativo": "Universitaria", "categoria": "Profesional", "sector": "Salud, trabajo y seguridad social", "experiencia": "1 a\u00f1o de experiencia", "id_empleo": "1884658968", "competencias": "M\u00e9dico General,UCI,Urgencias"}