{"url_empleo": "https://www.elempleo.com/co/ofertas-trabajo/odontologo-comercial-tulua/1884245425", "fecha_recuperacion": "2021-03-01-22-13", "titulo_oferta": "Odontologo comercial tulu\u00e1", "salario": "$3 a $3,5 millones", "ciudad": "Tulu\u00e1", "fecha_publicacion": "Publicado 19 Feb 2021", "area": "Salud", "num_vacantes": "1 Vacante", "profesion": "Odontolog\u00eda", "descripcion_general": "Descripci\u00f3n general                Multinacional de Servicios de Salud y Est\u00e9tica dental, requiere Profesionales de todas las \u00e1reas incluyendo Odontolog\u00eda con experiencia m\u00ednima de tres (3) a\u00f1os, para realizar labor comercial y venta directamente en cl\u00ednica, cumplimiento de presupuestos y cierres efectivos en afiliaci\u00f3n y captaci\u00f3n de pacientes, asesor\u00eda en planes de financiaci\u00f3n. Contrato a t\u00e9rmino indefinido salario b\u00e1sico de $1.500.000 m\u00e1s variable que forma parte de la carga prestacional.                    Multinacional de Servicios de Salud y Est\u00e9tica dental, requiere Profesionales de todas las \u00e1reas incluyendo Odontolog\u00eda con experiencia m\u00ednima de tres (3) a\u00f1os, para realizar labor comercial y venta directamente en cl\u00ednica, cumplimiento de presupuestos y cierres efectivos en afiliaci\u00f3n y captaci\u00f3n de pacientes, asesor\u00eda en planes de financiaci\u00f3n. Contrato a t\u00e9rmino indefinido salario b\u00e1sico de $1.500.000 m\u00e1s variable que forma parte de la carga prestacional.                            Profesional Senior                            Universitaria            Odontolog\u00eda3 a\u00f1os de experiencia                1                Vacante            Competencias para la vacante                                            Odontologo Comercial", "tipo_contrato": "Contrato Indefinido", "nivel_educativo": "Universitaria", "categoria": "Profesional Senior", "sector": "Servicios hospitalarios, m\u00e9dicos...", "experiencia": "3 a\u00f1os de experiencia", "id_empleo": "1884245425", "competencias": "Odontologo Comercial"}