{"url_empleo": "https://www.elempleo.com/co/ofertas-trabajo/profesional-en-base-de-datos-e-indicadores-experiencia-en-plantas-de-produccioncultivosibague/1884666505", "fecha_recuperacion": "2021-03-01-22-13", "titulo_oferta": "Profesional en base de datos e indicadores - experiencia en plantas de producci\u00f3n/cultivos-ibagu\u00e9", "salario": "$2,5 a $3 millones", "ciudad": "Ibagu\u00e9", "fecha_publicacion": "Publicado 19 Feb 2021", "area": "Agronom\u00eda: naturaleza", "num_vacantes": "1 Vacante", "profesion": "Ingenier\u00eda industrial", "descripcion_general": "Descripci\u00f3n general                Compa\u00f1\u00eda requiere tecn\u00f3logo o profesional que haya laborado en plantas de producci\u00f3n, preferiblemente cultivos o sector agro, que cuente con experiencia m\u00ednimo de 1 a\u00f1o, en levantamiento de datos, toma de indicadores, tiempos, seguimiento al plan de producci\u00f3n, levantamiento de informaci\u00f3n critica para el proceso de producci\u00f3n, debe tener manejo de EXCEL AVANZADO, conocimiento en herramientas ofim\u00e1ticas, programas de geolocalizaci\u00f3n.                    Compa\u00f1\u00eda requiere tecn\u00f3logo o profesional que haya laborado en plantas de producci\u00f3n, preferiblemente cultivos o sector agro, que cuente con experiencia m\u00ednimo de 1 a\u00f1o, en levantamiento de datos, toma de indicadores, tiempos, seguimiento al plan de producci\u00f3n, levantamiento de informaci\u00f3n critica para el proceso de producci\u00f3n, debe tener manejo de EXCEL AVANZADO, conocimiento en herramientas ofim\u00e1ticas, programas de geolocalizaci\u00f3n.                            Profesional                            Tecnol\u00f3gica            Ingenier\u00eda industrialTecn Sistemas  Computaci\u00f3n1 a\u00f1o de experiencia                1                Vacante            Competencias para la vacante                                            Datos                                                                                    Indicadores                                                                                    analista de datos", "tipo_contrato": "", "nivel_educativo": "Tecnol\u00f3gica", "categoria": "Profesional", "sector": "Agricultura varios", "experiencia": "1 a\u00f1o de experiencia", "id_empleo": "1884666505", "competencias": "Datos,Indicadores,analista de datos"}