{"url_empleo": "https://www.elempleo.com/co/ofertas-trabajo/docente-/1884651482", "fecha_recuperacion": "2021-03-01-22-15", "titulo_oferta": "Docente -46", "salario": "Salario a convenir", "ciudad": "Bucaramanga", "fecha_publicacion": "Publicado 18 Feb 2021", "area": "Docencia", "num_vacantes": "1 Vacante", "profesion": "Docente", "descripcion_general": "Descripci\u00f3n general                Importante Instituci\u00f3n de Educaci\u00f3n Superior busca para su banco de hojas de vida para completar su planta docente para el a\u00f1o 2021 en la ciudad de Bucaramanga. Ingeniero Biom\u00e9dico. Docente OPS (4 horas a la semana) para laboratorio de equipos de imagenolog\u00eda del programa de Ingenier\u00eda Biom\u00e9dica. Especializaci\u00f3n / preferible Maestr\u00eda en el \u00e1rea de tratamiento y soporte de equipos biom\u00e9dicos y/o  imagenolog\u00eda con 3 a\u00f1os de experiencia docente y 6 a\u00f1os de experiencia en el sector real.                    Importante Instituci\u00f3n de Educaci\u00f3n Superior busca para su banco de hojas de vida para completar su planta docente para el a\u00f1o 2021 en la ciudad de Bucaramanga. Ingeniero Biom\u00e9dico. Docente OPS (4 horas a la semana) para laboratorio de equipos de imagenolog\u00eda del programa de Ingenier\u00eda Biom\u00e9dica. Especializaci\u00f3n / preferible Maestr\u00eda en el \u00e1rea de tratamiento y soporte de equipos biom\u00e9dicos y/o  imagenolog\u00eda con 3 a\u00f1os de experiencia docente y 6 a\u00f1os de experiencia en el sector real.                            Profesional                            Especializaci\u00f3n            DocenteIngenier\u00eda biom\u00e9dica3 a\u00f1os de experiencia                1                Vacante            Competencias para la vacante                                            docente                                                                                    ingeniera biomedica", "tipo_contrato": "", "nivel_educativo": "Especializaci\u00f3n", "categoria": "Profesional", "sector": "Universidades", "experiencia": "3 a\u00f1os de experiencia", "id_empleo": "1884651482", "competencias": "docente,ingeniera biomedica"}