{"url_empleo": "https://www.elempleo.com/co/ofertas-trabajo/especialista-en-bigdata-y-analitica/1884591290", "fecha_recuperacion": "2021-03-01-22-12", "titulo_oferta": "Especialista en bigdata y analitica", "salario": "Salario a convenir", "ciudad": "Bogot\u00e1", "fecha_publicacion": "Publicado 20 Feb 2021", "area": "Construcci\u00f3n y Obra", "num_vacantes": "1 Vacante", "profesion": "Ingenier\u00eda de sistemas  Computaci\u00f3n", "descripcion_general": "Descripci\u00f3n general                Ingeniero de sistemas o afines con postgrado en gesti\u00f3n de sistemas de informaci\u00f3n o afines. Experiencia general de cinco (5) a\u00f1os, experiencia especifica profesional de m\u00ednimo tres (3) a\u00f1os en el dise\u00f1o y administraci\u00f3n de bases de datos Oracle y/o SQLServer. con conocimiento en MySQL  POSTGRESQL, bases de datos no estructuradas y bases de datos del tipo Time Series Data Base (TSDB). Debe tener conocimientos en el manejo de herramientas tipo Business Intelligence.                    Ingeniero de sistemas o afines con postgrado en gesti\u00f3n de sistemas de informaci\u00f3n o afines. Experiencia general de cinco (5) a\u00f1os, experiencia especifica profesional de m\u00ednimo tres (3) a\u00f1os en el dise\u00f1o y administraci\u00f3n de bases de datos Oracle y/o SQLServer. con conocimiento en MySQL  POSTGRESQL, bases de datos no estructuradas y bases de datos del tipo Time Series Data Base (TSDB). Debe tener conocimientos en el manejo de herramientas tipo Business Intelligence.                            Profesional                            Especializaci\u00f3n            Ingenier\u00eda de sistemas  Computaci\u00f3n8 a\u00f1os de experiencia                1                Vacante            Competencias para la vacante                                            ingenieria de sistemas                                                                                    bases de datos", "tipo_contrato": "", "nivel_educativo": "Especializaci\u00f3n", "categoria": "Profesional", "sector": "Infraestructura vial", "experiencia": "8 a\u00f1os de experiencia", "id_empleo": "1884591290", "competencias": "ingenieria de sistemas,bases de datos"}