{"url_empleo": "https://www.elempleo.com/co/ofertas-trabajo/profesional-en-nomina/1884624164", "fecha_recuperacion": "2021-03-01-22-12", "titulo_oferta": "Profesional en n\u00f3mina", "salario": "$4 a $4,5 millones", "ciudad": "Bogot\u00e1", "fecha_publicacion": "Publicado 20 Feb 2021", "area": "Recursos Humanos y Adm\u00f3n. de Per...", "num_vacantes": "1 Vacante", "profesion": "Contadur\u00eda", "descripcion_general": "Descripci\u00f3n general                Buscamos Profesional para gestionar la n\u00f3mina de pensionados de la organizaci\u00f3n , ejerciendo interventor\u00eda operativa y auditoria a las Fiduciarias encargadas de la gesti\u00f3n de administraci\u00f3n de n\u00f3mina de pensionados. -Formaci\u00f3n Profesional:  Administraci\u00f3n de  Empresas, Administraci\u00f3n P\u00fablica, Contadur\u00eda, Ingenier\u00eda \t\t\t\t\t\t\t\t\t\t\t\t\t\t\t-Experiencia General M\u00ednima de 2 A\u00f1os en recepci\u00f3n de novedades y elaboraci\u00f3n de n\u00f3mina de Pensionados, procesamiento y respuestas a los peticionarios, manejo de compartibilidad, cuotas partes, PQR y relaciones con Entidades Fiduciarias.-Conocimientos: Base de Datos. Excel avanzado, SAP, Conceptos tributarios, Succes Factor. -Tipo de Contrato: Indefinido -Ciudad Base de trabajo: Bogot\u00e1 Aplica solo si cumples con los requisitos, Agradecemos tu inter\u00e9s por  ser parte del GRUPO ENERG\u00cdA BOGOT\u00c1 S.A E.S.P, lo invitamos a registrarse y estar pendiente de nuestras  convocatorias y aplicar  en aquellas que se ajusten a su perfil. *****:*****.******************.***********-***-********            Buscamos Profesional para gestionar la n\u00f3mina de pensionados de la organizaci\u00f3n , ejerciendo interventor\u00eda operativa y auditoria a las Fiduciarias encargadas de la gesti\u00f3n de administraci\u00f3n de n\u00f3mina de pensionados. -Formaci\u00f3n Profesional:  Administraci\u00f3n de  Empresas, Administraci\u00f3n P\u00fablica, Contadur\u00eda, Ingenier\u00eda \t\t\t\t\t\t\t\t\t\t\t\t\t\t\t-Experiencia General M\u00ednima de 2 A\u00f1os en recepci\u00f3n de novedades y elaboraci\u00f3n de n\u00f3mina de Pensionados, procesamiento y respuestas a los peticionarios, manejo de compartibilidad, cuotas partes, PQR y relaciones con Entidades Fiduciarias.-Conocimientos: Base de Datos. Excel avanzado, SAP, Conceptos tributarios, Succes Factor. -Tipo de Contrato: Indefinido -Ciudad Base de trabajo: Bogot\u00e1 Aplica solo si cumples con los requisitos, Agradecemos tu inter\u00e9s por  ser parte del GRUPO ENERG\u00cdA BOGOT\u00c1 S.A E.S.P, lo invitamos a registrarse y estar pendiente de nuestras  convocatorias y aplicar  en aquellas que se ajusten a su perfil. *****:*****.******************.***********-***-********                Profesional                            Universitaria            Contadur\u00edaIngenier\u00eda industrialAdministraci\u00f3n de empresas2 a\u00f1os de experiencia                1                Vacante            Competencias para la vacante                                            N\u00f3mina                                                                                    Liquidaci\u00f3n                                                                                    base de datos                                                                                    Sap                                                                                    gesti\u00f3n humana                                                                                    nomina de pensionados                                                                                    fiduciarias                                                                                    compartibilidad                                                                                    cuotas partes", "tipo_contrato": "Contrato Indefinido", "nivel_educativo": "Universitaria", "categoria": "Profesional", "sector": "Energ\u00eda el\u00e9ctrica", "experiencia": "2 a\u00f1os de experiencia", "id_empleo": "1884624164", "competencias": "N\u00f3mina,Liquidaci\u00f3n,base de datos,Sap,gesti\u00f3n humana,nomina de pensionados,fiduciarias,compartibilidad,cuotas partes"}