{"url_empleo": "https://www.elempleo.com/co/ofertas-trabajo/contador/1884539750", "fecha_recuperacion": "2021-03-01-22-15", "titulo_oferta": "Contador", "salario": "$3 a $3,5 millones", "ciudad": "Bogot\u00e1", "fecha_publicacion": "Publicado 18 Feb 2021", "area": "Administrativa y Financiera", "num_vacantes": "1 Vacante", "profesion": "Contadur\u00eda", "descripcion_general": "Descripci\u00f3n general                Importante empresa requiere profesional en Contadur\u00eda publica con tarjeta profesional vigente. Experiencia general de 5 a\u00f1os en el sector Construcci\u00f3n. Horario de lunes a viernes                    Importante empresa requiere profesional en Contadur\u00eda publica con tarjeta profesional vigente. Experiencia general de 5 a\u00f1os en el sector Construcci\u00f3n. Horario de lunes a viernes                            Profesional                            Universitaria            Contadur\u00eda5 a\u00f1os de experiencia                1                Vacante            Competencias para la vacante                                            contador", "tipo_contrato": "", "nivel_educativo": "Universitaria", "categoria": "Profesional", "sector": "Construcci\u00f3n", "experiencia": "5 a\u00f1os de experiencia", "id_empleo": "1884539750", "competencias": "contador"}