{"url_empleo": "https://www.elempleo.com/co/ofertas-trabajo/docente-/1884649381", "fecha_recuperacion": "2021-03-01-22-15", "titulo_oferta": "Docente -27", "salario": "Salario a convenir", "ciudad": "Bucaramanga", "fecha_publicacion": "Publicado 18 Feb 2021", "area": "Docencia", "num_vacantes": "1 Vacante", "profesion": "Producci\u00f3n Cine  Televisi\u00f3n", "descripcion_general": "Descripci\u00f3n general                Importante Instituci\u00f3n de Educaci\u00f3n Superior busca para su banco de hojas de vida para completar su planta docente para el a\u00f1o 2021 en la ciudad de Bucaramanga. Realizador Audiovisual. Docente Mt, para el programa de  Direcci\u00f3n y producci\u00f3n de Cine, para el \u00e1rea de fotograf\u00eda. Maestr\u00eda en medios audiovisuales o Fotograf\u00eda o cinefotograf\u00eda. Experiencia profesional en Direcci\u00f3n de fotograf\u00eda  (5 a\u00f1os), Experiencia docente de cine y tv (2 a\u00f1os).                    Importante Instituci\u00f3n de Educaci\u00f3n Superior busca para su banco de hojas de vida para completar su planta docente para el a\u00f1o 2021 en la ciudad de Bucaramanga. Realizador Audiovisual. Docente Mt, para el programa de  Direcci\u00f3n y producci\u00f3n de Cine, para el \u00e1rea de fotograf\u00eda. Maestr\u00eda en medios audiovisuales o Fotograf\u00eda o cinefotograf\u00eda. Experiencia profesional en Direcci\u00f3n de fotograf\u00eda  (5 a\u00f1os), Experiencia docente de cine y tv (2 a\u00f1os).                            Profesional                            Maestr\u00eda            Producci\u00f3n Cine  Televisi\u00f3nDocente2 a\u00f1os de experiencia                1                Vacante            Competencias para la vacante                                            docente                                                                                    Realizador Audiovisual", "tipo_contrato": "", "nivel_educativo": "Maestr\u00eda", "categoria": "Profesional", "sector": "Universidades", "experiencia": "2 a\u00f1os de experiencia", "id_empleo": "1884649381", "competencias": "docente,Realizador Audiovisual"}