{"url_empleo": "https://www.elempleo.com/co/ofertas-trabajo/administrador-servidores-de-aplicaciones-ibm/1884653406", "fecha_recuperacion": "2021-03-01-22-16", "titulo_oferta": "Administrador servidores de aplicaciones ibm", "salario": "Salario a convenir", "ciudad": "Bogot\u00e1", "fecha_publicacion": "Publicado 17 Feb 2021", "area": "Sistemas y Tecnolog\u00eda", "num_vacantes": "1 Vacante", "profesion": "Ingenier\u00eda de sistemas  Computaci\u00f3n", "descripcion_general": "Descripci\u00f3n general                Empresa de tecnolog\u00eda Colombiana con m\u00e1s de 23 a\u00f1os de trayectoria requiere para su equipo de trabajo en la ciudad de Bogot\u00e1 para el \u00e1rea de infraestructura servidores de aplicaciones, ingeniero de sistemas o carreras afines que cuente con Experiencia de m\u00ednimo 3 a\u00f1os en adelante administrando servidores de aplicaciones en productos IBM (data power, broker, MQ , WebSphere Application Server). Se garantiza estabilidad laboral ya que el contrato es termino indefinido, con un salario 100% prestacional m\u00e1s beneficios (medicina prepagada, p\u00f3liza de vida, bonificaciones por referidos y pago de voucher para certificaciones). Indispensable que cuente con tarjeta profesional y al menos 1 certificaci\u00f3n de productos IBM.                    Empresa de tecnolog\u00eda Colombiana con m\u00e1s de 23 a\u00f1os de trayectoria requiere para su equipo de trabajo en la ciudad de Bogot\u00e1 para el \u00e1rea de infraestructura servidores de aplicaciones, ingeniero de sistemas o carreras afines que cuente con Experiencia de m\u00ednimo 3 a\u00f1os en adelante administrando servidores de aplicaciones en productos IBM (data power, broker, MQ , WebSphere Application Server). Se garantiza estabilidad laboral ya que el contrato es termino indefinido, con un salario 100% prestacional m\u00e1s beneficios (medicina prepagada, p\u00f3liza de vida, bonificaciones por referidos y pago de voucher para certificaciones). Indispensable que cuente con tarjeta profesional y al menos 1 certificaci\u00f3n de productos IBM.                            Profesional Senior                            Universitaria            Ingenier\u00eda de sistemas  Computaci\u00f3nIngenier\u00eda electr\u00f3nicaIngenier\u00eda de redes y telecomunicaciones3 a\u00f1os de experiencia                1                Vacante            Competencias para la vacante                                            productos IBM (data power                                                                                    broker                                                                                    MQ                                                                                    WebSphere Application Server)", "tipo_contrato": "Contrato Indefinido", "nivel_educativo": "Universitaria", "categoria": "Profesional Senior", "sector": "Banca", "experiencia": "3 a\u00f1os de experiencia", "id_empleo": "1884653406", "competencias": "productos IBM (data power,broker,MQ,WebSphere Application Server)"}