{"url_empleo": "https://www.elempleo.com/co/ofertas-trabajo/docente-/1884645352", "fecha_recuperacion": "2021-03-01-22-15", "titulo_oferta": "Docente -10", "salario": "Salario a convenir", "ciudad": "Bogot\u00e1", "fecha_publicacion": "Publicado 18 Feb 2021", "area": "Docencia", "num_vacantes": "1 Vacante", "profesion": "Terapia ocupacional", "descripcion_general": "Descripci\u00f3n general                Importante Instituci\u00f3n de Educaci\u00f3n Superior busca para su banco de hojas de vida para completar su planta docente para el a\u00f1o 2021 en las sedes de Bogot\u00e1 y Cundinamarca.  Terapeuta Ocupacional. Docente  MT,   requerido para el programa de Terapia Ocupacional, para el \u00e1rea de salud p\u00fablica y/o Epidemiolog\u00eda de posgrados y cursos de pregrado. Magister en salud p\u00fablica y/o Epidemiolog\u00eda. Experiencia profesional en \u00e1reas cl\u00ednicas de la rehabilitaci\u00f3n (5 a\u00f1os) , experiencia docente (2a\u00f1os)                    Importante Instituci\u00f3n de Educaci\u00f3n Superior busca para su banco de hojas de vida para completar su planta docente para el a\u00f1o 2021 en las sedes de Bogot\u00e1 y Cundinamarca.  Terapeuta Ocupacional. Docente  MT,   requerido para el programa de Terapia Ocupacional, para el \u00e1rea de salud p\u00fablica y/o Epidemiolog\u00eda de posgrados y cursos de pregrado. Magister en salud p\u00fablica y/o Epidemiolog\u00eda. Experiencia profesional en \u00e1reas cl\u00ednicas de la rehabilitaci\u00f3n (5 a\u00f1os) , experiencia docente (2a\u00f1os)                            Profesional                            Maestr\u00eda            Terapia ocupacionalDocente2 a\u00f1os de experiencia                1                Vacante            Competencias para la vacante                                            docente                                                                                    Terapeuta Ocupacional", "tipo_contrato": "", "nivel_educativo": "Maestr\u00eda", "categoria": "Profesional", "sector": "Universidades", "experiencia": "2 a\u00f1os de experiencia", "id_empleo": "1884645352", "competencias": "docente,Terapeuta Ocupacional"}