{"url_empleo": "https://www.elempleo.com/co/ofertas-trabajo/disenador-grafico/1884667471", "fecha_recuperacion": "2021-03-01-22-07", "titulo_oferta": "Dise\u00f1ador grafico", "salario": "$1 a $1,5 millones", "ciudad": "Bogot\u00e1", "fecha_publicacion": "Publicado 24 Feb 2021", "area": "Mercadeo", "num_vacantes": "1 Vacante", "profesion": "Dise\u00f1o gr\u00e1fico", "descripcion_general": "Descripci\u00f3n general                Importante empresa del sector servicios requiere para su equipo de trabajo tecn\u00f3logo o estudiante de \u00faltimos semestres en \u00e1reas de dise\u00f1o gr\u00e1fico o publicidad, con experiencia m\u00ednima de dos a\u00f1os desempe\u00f1ando el cargo,  debe manejar la suite Adobe: en especial ilustrator, after efects, premiere, encoder, photoshop, Lightroom, Indesing.Debe ser una persona creativa con ideas originales, habilidades de comunicaci\u00f3n, atenci\u00f3n al detalle, ser flexible para adaptar dise\u00f1os a las necesidades de sus clientes.                    Importante empresa del sector servicios requiere para su equipo de trabajo tecn\u00f3logo o estudiante de \u00faltimos semestres en \u00e1reas de dise\u00f1o gr\u00e1fico o publicidad, con experiencia m\u00ednima de dos a\u00f1os desempe\u00f1ando el cargo,  debe manejar la suite Adobe: en especial ilustrator, after efects, premiere, encoder, photoshop, Lightroom, Indesing.Debe ser una persona creativa con ideas originales, habilidades de comunicaci\u00f3n, atenci\u00f3n al detalle, ser flexible para adaptar dise\u00f1os a las necesidades de sus clientes.                            Profesional                            Tecnol\u00f3gica            Dise\u00f1o gr\u00e1fico2 a\u00f1os de experiencia                1                Vacante            Competencias para la vacante                                            dise\u00f1ador                                                                                    publicidad                                                                                    mercadeo                                                                                    servicios                                                                                    diseno grafico                                                                                    grafico", "tipo_contrato": "", "nivel_educativo": "Tecnol\u00f3gica", "categoria": "Profesional", "sector": "Otros servicios", "experiencia": "2 a\u00f1os de experiencia", "id_empleo": "1884667471", "competencias": "dise\u00f1ador,publicidad,mercadeo,servicios,diseno grafico,grafico"}