{"url_empleo": "https://www.elempleo.com/co/ofertas-trabajo/test-automation-engineer/1884603107", "fecha_recuperacion": "2021-03-01-22-09", "titulo_oferta": "Test automation engineer", "salario": "Salario a convenir", "ciudad": "Bogot\u00e1", "fecha_publicacion": "Publicado 23 Feb 2021", "area": "Calidad (aseguramiento, gesti\u00f3n ...", "num_vacantes": "1 Vacante", "profesion": "Ingenier\u00eda de sistemas  Computaci\u00f3n", "descripcion_general": "Descripci\u00f3n general                Let\u2019s just start with Zemoga is different ...and we hope you are too. Here at Zemoga, you will be able to participate actively in all the testing automation activities for world-class projects with the US, performing API tests, performance, stress and load tests using tools such as Selenium Web Driver, Appium, Cucumber, among others.  Zemoga is the groundbreaking and industry-leading design and technology firm that was the first to offer the world\u2019s leading brands the amazing talent from Colombia and has been doing so for over 18 years. Our teams are the top 5% of the workforce, and if you can make it here, you can make it anywhere. Zemoga might be the perfect place for you if you\u2019re driven by new ideas, international travel, and working directly with the leaders of some of the smartest companies in the world.  You will flourish at Zemoga if you are/have: Experience with web apps and backend test automation using programming languages like Java, Python, JavaScript, and tools like Selenium Webdriver, Maven, Gradle.Ability to design & implement Automation FrameworksAbility to enhance existing tools and build out new automation tools based on the needExperience in CI/CD strategies - Jenkins, Bamboo or similarExperience in cross-browser, cross-platform, and multi-device testingUnderstanding of the testing lifecycle planning, design, execution, and reportingISTQB Foundation basics neededExperience with Agile methodologies You will be able to: Help to develop the test automation strategyUnderstand, follow and review the automation framework architectureBuild and develop mid/high complexity test scriptsExecute automated test casesAnalyze testing metrics and reports to help improve apps qualityPropose improvements to the automation processApply software design patternsBe able to set up Jenkins instancesCreate and configure Jenkins Jobs Apply today and build better with us!                    Let\u2019s just start with Zemoga is different ...and we hope you are too. Here at Zemoga, you will be able to participate actively in all the testing automation activities for world-class projects with the US, performing API tests, performance, stress and load tests using tools such as Selenium Web Driver, Appium, Cucumber, among others.  Zemoga is the groundbreaking and industry-leading design and technology firm that was the first to offer the world\u2019s leading brands the amazing talent from Colombia and has been doing so for over 18 years. Our teams are the top 5% of the workforce, and if you can make it here, you can make it anywhere. Zemoga might be the perfect place for you if you\u2019re driven by new ideas, international travel, and working directly with the leaders of some of the smartest companies in the world.  You will flourish at Zemoga if you are/have: Experience with web apps and backend test automation using programming languages like Java, Python, JavaScript, and tools like Selenium Webdriver, Maven, Gradle.Ability to design & implement Automation FrameworksAbility to enhance existing tools and build out new automation tools based on the needExperience in CI/CD strategies - Jenkins, Bamboo or similarExperience in cross-browser, cross-platform, and multi-device testingUnderstanding of the testing lifecycle planning, design, execution, and reportingISTQB Foundation basics neededExperience with Agile methodologies You will be able to: Help to develop the test automation strategyUnderstand, follow and review the automation framework architectureBuild and develop mid/high complexity test scriptsExecute automated test casesAnalyze testing metrics and reports to help improve apps qualityPropose improvements to the automation processApply software design patternsBe able to set up Jenkins instancesCreate and configure Jenkins Jobs Apply today and build better with us!                            Coordinador supervisor o especialista                            Universitaria            Ingenier\u00eda de sistemas  Computaci\u00f3nTecnolog\u00eda En Desarrollo De Sistemas Inform\u00e1ticos4 a\u00f1os de experiencia                1                Vacante            Competencias para la vacante                                            Selenium Webdriver                                                                                    SoapUI                                                                                    Postman                                                                                    Cucumber                                                                                    Appium                                                                                    Test automation", "tipo_contrato": "Contrato Indefinido", "nivel_educativo": "Universitaria", "categoria": "Coordinador supervisor o especialista", "sector": "Productores y distribuidores de ...", "experiencia": "4 a\u00f1os de experiencia", "id_empleo": "1884603107", "competencias": "Selenium Webdriver,SoapUI,Postman,Cucumber,Appium,Test automation"}