{"url_empleo": "https://www.elempleo.com/co/ofertas-trabajo/docente-/1884645300", "fecha_recuperacion": "2021-03-01-22-07", "titulo_oferta": "Docente -8", "salario": "Salario a convenir", "ciudad": "Bogot\u00e1", "fecha_publicacion": "Publicado 24 Feb 2021", "area": "Docencia", "num_vacantes": "1 Vacante", "profesion": "Docente", "descripcion_general": "Descripci\u00f3n general                Importante Instituci\u00f3n de Educaci\u00f3n Superior busca para su banco de hojas de vida para completar su planta docente para el a\u00f1o 2021 en las sedes de Bogot\u00e1 y Cundinamarca.  Terapeuta Respiratorio o Cardiorespiratorio. Docente  MT, requerido para el programa de Terapia Cardiorespiratoria, \u00e1rea pr\u00e1ctica cl\u00ednica pedi\u00e1trica. Especialista en RHB Cardiopulomonar o cuidado cr\u00edtico, Maestr\u00eda en \u00e1reas de la salud. Con experiencia en rehabilitaci\u00f3n cl\u00ednica pedi\u00e1trica (5 a\u00f1os) , experiencia docente (2 a\u00f1os).                    Importante Instituci\u00f3n de Educaci\u00f3n Superior busca para su banco de hojas de vida para completar su planta docente para el a\u00f1o 2021 en las sedes de Bogot\u00e1 y Cundinamarca.  Terapeuta Respiratorio o Cardiorespiratorio. Docente  MT, requerido para el programa de Terapia Cardiorespiratoria, \u00e1rea pr\u00e1ctica cl\u00ednica pedi\u00e1trica. Especialista en RHB Cardiopulomonar o cuidado cr\u00edtico, Maestr\u00eda en \u00e1reas de la salud. Con experiencia en rehabilitaci\u00f3n cl\u00ednica pedi\u00e1trica (5 a\u00f1os) , experiencia docente (2 a\u00f1os).                            Profesional                            Especializaci\u00f3n            Docente2 a\u00f1os de experiencia                1                Vacante            Competencias para la vacante                                            docente                                                                                    Terapeuta Respiratorio                                                                                    Terapeuta Cardiorespiratorio", "tipo_contrato": "", "nivel_educativo": "Especializaci\u00f3n", "categoria": "Profesional", "sector": "Universidades", "experiencia": "2 a\u00f1os de experiencia", "id_empleo": "1884645300", "competencias": "docente,Terapeuta Respiratorio,Terapeuta Cardiorespiratorio"}