{"url_empleo": "https://www.elempleo.com/co/ofertas-trabajo/agente-de-mesa-de-servicios-nivel-i/1884671218", "fecha_recuperacion": "2021-03-01-22-16", "titulo_oferta": "Agente de mesa de servicios nivel i", "salario": "$1 a $1,5 millones", "ciudad": "Bogot\u00e1", "fecha_publicacion": "Publicado 17 Feb 2021", "area": "Sistemas", "num_vacantes": "1 Vacante", "profesion": "Tecn Sistemas  Computaci\u00f3n", "descripcion_general": "Descripci\u00f3n general                Importante organizaci\u00f3n requiere para su equipo de trabajo, tecnologo o profesional (con TP) en carreras como sistemas, inform\u00e1tica, telecomunicaciones, electr\u00f3nica, redes, teleinformatica, o afines, con 4 a\u00f1os de experiencia en proyectos de mesas de servicios de tecnologias de la informaci\u00f3n y las comunicaciones TIC. Preferiblemente con certificacion ITIL V3 o superior (requisito negociable). Excelente oportunidad. Postula tu perfil y haz parte de un gran equipo.                    Importante organizaci\u00f3n requiere para su equipo de trabajo, tecnologo o profesional (con TP) en carreras como sistemas, inform\u00e1tica, telecomunicaciones, electr\u00f3nica, redes, teleinformatica, o afines, con 4 a\u00f1os de experiencia en proyectos de mesas de servicios de tecnologias de la informaci\u00f3n y las comunicaciones TIC. Preferiblemente con certificacion ITIL V3 o superior (requisito negociable). Excelente oportunidad. Postula tu perfil y haz parte de un gran equipo.                            Profesional Junior                            Tecnol\u00f3gica            Tecn Sistemas  Computaci\u00f3nTecnolog\u00eda En Gesti\u00f3n De Sistemas De Telecomunicaciones4 a\u00f1os de experiencia                1                Vacante            Competencias para la vacante                                            mesa de ayuda                                                                                    mesa de servicios                                                                                    TIC                                                                                    soporte                                                                                    sistemas", "tipo_contrato": "", "nivel_educativo": "Tecnol\u00f3gica", "categoria": "Profesional Junior", "sector": "Ciencia y tecnolog\u00eda", "experiencia": "4 a\u00f1os de experiencia", "id_empleo": "1884671218", "competencias": "mesa de ayuda,mesa de servicios,TIC,soporte,sistemas"}