{"url_empleo": "https://www.elempleo.com/co/ofertas-trabajo/jefe-de-seguridad-industrial-y-medio-ambiente/1884651688", "fecha_recuperacion": "2021-03-01-22-01", "titulo_oferta": "Jefe de seguridad industrial y medio ambiente", "salario": "Salario a convenir", "ciudad": "Bogot\u00e1", "fecha_publicacion": "Publicado 1 Mar 2021", "area": "Seguridad Industrial, Ambiental ...", "num_vacantes": "1 Vacante", "profesion": "Ingenier\u00eda industrial", "descripcion_general": "Descripci\u00f3n general                Importante multinacional dedicada al desarrollo de procesos productivos desde la trasformaci\u00f3n de la materia prima hasta la venta de productos tangibles, requiere; Requisitos: *Profesional en Ingenier\u00eda Ambiental, Ingenier\u00eda Industrial y/o afines con Especializaci\u00f3n en  Seguridad industrial y medio ambiente y/ o afines* 5 a\u00f1os de experiencia como coordinador o jefe  de Seguridad Industrial y Medio Ambiente en empresas multinacionales del sector de producci\u00f3n*Ingles B1Principales funciones:?\tAsegurar cumplimiento de requisitos legales aplicables en temas ambientales, de seguridad industrial y salud ocupacional.?\tDisminuir el \u00edndice de accidentalidad; buscando cero accidentes derivados de actividades laborales?\tGestionar el mejoramiento de indicadores ambientales, bajo el enfoque de Sustentabilidad. ?\tGarantizar la calificaci\u00f3n GRI A++ en temas de SISOMA?\tMantener actualizaci\u00f3n del conocimiento en legislaci\u00f3n en SISOMA espec\u00edfica que aplique al sector .?\tVelar porque los peligros y aspectos  que se derivan del proceso de producci\u00f3n, mantenimiento y log\u00edstica  no generen riesgos e impactos que afecten la seguridad, salud de los colaboradores y afectaciones al medio ambiente y/o comunidad.                    Importante multinacional dedicada al desarrollo de procesos productivos desde la trasformaci\u00f3n de la materia prima hasta la venta de productos tangibles, requiere; Requisitos: *Profesional en Ingenier\u00eda Ambiental, Ingenier\u00eda Industrial y/o afines con Especializaci\u00f3n en  Seguridad industrial y medio ambiente y/ o afines* 5 a\u00f1os de experiencia como coordinador o jefe  de Seguridad Industrial y Medio Ambiente en empresas multinacionales del sector de producci\u00f3n*Ingles B1Principales funciones:?\tAsegurar cumplimiento de requisitos legales aplicables en temas ambientales, de seguridad industrial y salud ocupacional.?\tDisminuir el \u00edndice de accidentalidad; buscando cero accidentes derivados de actividades laborales?\tGestionar el mejoramiento de indicadores ambientales, bajo el enfoque de Sustentabilidad. ?\tGarantizar la calificaci\u00f3n GRI A++ en temas de SISOMA?\tMantener actualizaci\u00f3n del conocimiento en legislaci\u00f3n en SISOMA espec\u00edfica que aplique al sector .?\tVelar porque los peligros y aspectos  que se derivan del proceso de producci\u00f3n, mantenimiento y log\u00edstica  no generen riesgos e impactos que afecten la seguridad, salud de los colaboradores y afectaciones al medio ambiente y/o comunidad.                            Coordinador supervisor o especialista                            Especializaci\u00f3n            Ingenier\u00eda industrialEspecializaci\u00f3n En Gerencia De La Salud Ocupacional5 a\u00f1os de experiencia                1                Vacante            Competencias para la vacante                                            seguridad y salud en el trabajo", "tipo_contrato": "", "nivel_educativo": "Especializaci\u00f3n", "categoria": "Coordinador supervisor o especialista", "sector": "Otros", "experiencia": "5 a\u00f1os de experiencia", "id_empleo": "1884651688", "competencias": "seguridad y salud en el trabajo"}