{"url_empleo": "https://www.elempleo.com/co/ofertas-trabajo/coordinador-de-farmacia/1884631528", "fecha_recuperacion": "2021-03-01-22-01", "titulo_oferta": "Coordinador de farmacia", "salario": "$4 a $4,5 millones", "ciudad": "Bogot\u00e1", "fecha_publicacion": "Publicado 1 Mar 2021", "area": "Salud", "num_vacantes": "1 Vacante", "profesion": "Qu\u00edmica Farmac\u00e9utica", "descripcion_general": "Descripci\u00f3n general                Importante Entidad de Salud ubicada en Ch\u00eda, requiere para su equipo de trabajo Coordinador de Farmacia con el fin de garantizar el adecuado funcionamiento del servicio farmac\u00e9utico desde el punto de vista asistencial administrativo. Contrato a t\u00e9rmino fijo con todas las prestaciones establecidas por ley, indispensable ser profesional en Qu\u00edmica Farmac\u00e9utica.                    Importante Entidad de Salud ubicada en Ch\u00eda, requiere para su equipo de trabajo Coordinador de Farmacia con el fin de garantizar el adecuado funcionamiento del servicio farmac\u00e9utico desde el punto de vista asistencial administrativo. Contrato a t\u00e9rmino fijo con todas las prestaciones establecidas por ley, indispensable ser profesional en Qu\u00edmica Farmac\u00e9utica.                            Profesional                            Universitaria            Qu\u00edmica Farmac\u00e9utica1 a\u00f1o de experiencia                1                Vacante            Competencias para la vacante                                            Qu\u00edmico                                                                                    Farmac\u00e9utico", "tipo_contrato": "Contrato Definido", "nivel_educativo": "Universitaria", "categoria": "Profesional", "sector": "Salud, trabajo y seguridad social", "experiencia": "1 a\u00f1o de experiencia", "id_empleo": "1884631528", "competencias": "Qu\u00edmico,Farmac\u00e9utico"}