{"url_empleo": "https://www.elempleo.com/co/ofertas-trabajo/coordinador-general-para-reforestacion-y-henificacion-en-el-departamento-del-cesar/1884628012", "fecha_recuperacion": "2021-03-01-22-02", "titulo_oferta": "Coordinador general para reforestaci\u00f3n y henificaci\u00f3n en el departamento del cesar.", "salario": "$4,5 a $5,5 millones", "ciudad": "Valledupar", "fecha_publicacion": "Publicado 28 Feb 2021", "area": "Agronom\u00eda: naturaleza", "num_vacantes": "1 Vacante", "profesion": "Ingenier\u00eda ambiental  Forestal", "descripcion_general": "Descripci\u00f3n general                Reconocida corporaci\u00f3n se encuentra en la b\u00fasqueda de un profesional en INGENERIA FORESTAL,  especializaci\u00f3n, con m\u00e1s de 5 a\u00f1os en coordinaci\u00f3n de proyectos de producci\u00f3n con ejecuci\u00f3n en campo en REFORESTACI\u00d3N Y HENIFICACI\u00d3N y experiencia en el sector minero, manejo de grupo de m\u00e1s de 27 personas, con licencia para conducir (deseable).Horario: lunes a s\u00e1bado entre 6 am a 6 pmSalario: $4.500.000 + leyContrato a t\u00e9rmino Fijo                    Reconocida corporaci\u00f3n se encuentra en la b\u00fasqueda de un profesional en INGENERIA FORESTAL,  especializaci\u00f3n, con m\u00e1s de 5 a\u00f1os en coordinaci\u00f3n de proyectos de producci\u00f3n con ejecuci\u00f3n en campo en REFORESTACI\u00d3N Y HENIFICACI\u00d3N y experiencia en el sector minero, manejo de grupo de m\u00e1s de 27 personas, con licencia para conducir (deseable).Horario: lunes a s\u00e1bado entre 6 am a 6 pmSalario: $4.500.000 + leyContrato a t\u00e9rmino Fijo                            Coordinador supervisor o especialista                            Especializaci\u00f3n            Ingenier\u00eda ambiental  Forestal8 a\u00f1os de experiencia                1                Vacante            Competencias para la vacante                                            VIVEROS                                                                                    REFORESTACION                                                                                    INGENIERO FORESTAL", "tipo_contrato": "Contrato Definido", "nivel_educativo": "Especializaci\u00f3n", "categoria": "Coordinador supervisor o especialista", "sector": "Agricultura y desarrollo rural", "experiencia": "8 a\u00f1os de experiencia", "id_empleo": "1884628012", "competencias": "VIVEROS,REFORESTACION,INGENIERO FORESTAL"}