{"url_empleo": "https://www.elempleo.com/co/ofertas-trabajo/coordinador-industrial-corte/1884573489", "fecha_recuperacion": "2021-03-01-22-15", "titulo_oferta": "Coordinador  industrial - corte", "salario": "Salario a convenir", "ciudad": "Medell\u00edn", "fecha_publicacion": "Publicado 18 Feb 2021", "area": "Producci\u00f3n", "num_vacantes": "1 Vacante", "profesion": "Ingenier\u00eda industrial", "descripcion_general": "Descripci\u00f3n general                L\u00ednea Directa S.A.S (Cat\u00e1logos Carmel - PCFK \u2013 Logu\u00edn - Yerbabuena) es una Empresa dedicada a la Producci\u00f3n y Comercializaci\u00f3n de Moda a trav\u00e9s del canal de Venta Directa (Cat\u00e1logos). Actualmente requerimos COORDINADOR INDUSTRIAL DE CORTE. La misi\u00f3n del cargo es: \"Planear, ejecutar, controlar y corregir procesos productivos a trav\u00e9s de recursos tecnol\u00f3gicos, f\u00edsicos y humanos  que lleven al logro del resultado de su proceso\". REQUISITOS:*EDUCACI\u00d3N:  Ingenier\u00eda Industrial, Producci\u00f3n, Productividad y Calidad o afines a procesos industriales*EXPERIENCIA: m\u00ednima 2 a\u00f1os liderando, coordinando o supervisando procesos productivos*CONOCIMIENTOS: Herramientas ofim\u00e1ticas (excel, word, power point e  internet), Balanceo de plantas, Planeaci\u00f3n y programaci\u00f3n de la producci\u00f3n\t\t*Disponibilidad para rotar turnos                    L\u00ednea Directa S.A.S (Cat\u00e1logos Carmel - PCFK \u2013 Logu\u00edn - Yerbabuena) es una Empresa dedicada a la Producci\u00f3n y Comercializaci\u00f3n de Moda a trav\u00e9s del canal de Venta Directa (Cat\u00e1logos). Actualmente requerimos COORDINADOR INDUSTRIAL DE CORTE. La misi\u00f3n del cargo es: \"Planear, ejecutar, controlar y corregir procesos productivos a trav\u00e9s de recursos tecnol\u00f3gicos, f\u00edsicos y humanos  que lleven al logro del resultado de su proceso\". REQUISITOS:*EDUCACI\u00d3N:  Ingenier\u00eda Industrial, Producci\u00f3n, Productividad y Calidad o afines a procesos industriales*EXPERIENCIA: m\u00ednima 2 a\u00f1os liderando, coordinando o supervisando procesos productivos*CONOCIMIENTOS: Herramientas ofim\u00e1ticas (excel, word, power point e  internet), Balanceo de plantas, Planeaci\u00f3n y programaci\u00f3n de la producci\u00f3n\t\t*Disponibilidad para rotar turnos                            Coordinador supervisor o especialista                            Universitaria            Ingenier\u00eda industrialIngenier\u00eda administrativaIngenier\u00eda de producci\u00f3n3 a\u00f1os de experiencia                1                Vacante            Competencias para la vacante                                            Supervisor                                                                                    coordinador", "tipo_contrato": "Contrato Indefinido", "nivel_educativo": "Universitaria", "categoria": "Coordinador supervisor o especialista", "sector": "Distribuci\u00f3n de productos textil...", "experiencia": "3 a\u00f1os de experiencia", "id_empleo": "1884573489", "competencias": "Supervisor,coordinador"}