{"url_empleo": "https://www.elempleo.com/co/ofertas-trabajo/auxiliar-de-almacenamiento-o-bodega-medellin/1884640405", "fecha_recuperacion": "2021-03-01-22-12", "titulo_oferta": "Auxiliar de almacenamiento o bodega - medellin", "salario": "Menos de $1 mill\u00f3n", "ciudad": "Medell\u00edn", "fecha_publicacion": "Publicado 19 Feb 2021", "area": "Distribuci\u00f3n o log\u00edstica de Tran...", "num_vacantes": "1 Vacante", "profesion": "Bachillerato Acad\u00e9mico", "descripcion_general": "Descripci\u00f3n general                Importante compa\u00f1\u00eda del sector log\u00edstico requiere para la ciudad de MEDELLIN AUXILIAR DE ALMACENAMIENTO personal bachiller con m\u00ednimo 1 a\u00f1o de experiencia laborando en empresas de log\u00edstica y transporte, con experiencia en recepci\u00f3n, alistamiento y despacho de mercanc\u00edas cumpliendo con la clasificaci\u00f3n de mercanc\u00eda, conservando la calidad del producto. Salario: $877.803. Horario: Lunes a s\u00e1bado 8 horas con disponibilidad de tiempo. Si usted se encuentra interesado y cumple con el perfil por favor apliqu\u00e9 a la oferta.                    Importante compa\u00f1\u00eda del sector log\u00edstico requiere para la ciudad de MEDELLIN AUXILIAR DE ALMACENAMIENTO personal bachiller con m\u00ednimo 1 a\u00f1o de experiencia laborando en empresas de log\u00edstica y transporte, con experiencia en recepci\u00f3n, alistamiento y despacho de mercanc\u00edas cumpliendo con la clasificaci\u00f3n de mercanc\u00eda, conservando la calidad del producto. Salario: $877.803. Horario: Lunes a s\u00e1bado 8 horas con disponibilidad de tiempo. Si usted se encuentra interesado y cumple con el perfil por favor apliqu\u00e9 a la oferta.                            Auxiliar, asistencial y otros                            Media (10\u00b0 - 13\u00b0)            Bachillerato Acad\u00e9mico1 a\u00f1o de experiencia                1                Vacante            Competencias para la vacante                                            auxiliares de almacenamiento                                                                                    logistica y transporte                                                                                    distribucion                                                                                    Medellin", "tipo_contrato": "Contrato Por obra o labor", "nivel_educativo": "Media (10\u00b0 - 13\u00b0)", "categoria": "Auxiliar, asistencial y otros", "sector": "Distribuci\u00f3n / Consumo masivo de...", "experiencia": "1 a\u00f1o de experiencia", "id_empleo": "1884640405", "competencias": "auxiliares de almacenamiento,logistica y transporte,distribucion,Medellin"}