{"url_empleo": "https://www.elempleo.com/co/ofertas-trabajo/subdirector-comercial-tunja/1884598445", "fecha_recuperacion": "2021-03-01-22-17", "titulo_oferta": "Subdirector comercial tunja", "salario": "Salario a convenir", "ciudad": "Boyac\u00e1", "fecha_publicacion": "Publicado 17 Feb 2021", "area": "Salud", "num_vacantes": "1 Vacante", "profesion": "Odontolog\u00eda", "descripcion_general": "Descripci\u00f3n general                Cl\u00ednicas odontol\u00f3gicas Dentix requiere Subdirector Comercial para su cl\u00ednica en la ciudad de TUNJA. Buscamos profesionales en odontolog\u00eda, administradores de empresa, ingenieros industriales o carreras afines con amplia experiencia comercial en venta consultiva y venta directa y deseable experiencia en manejo de esquemas de financiaci\u00f3n. Disponibilidad para trabajar turnos rotativos y fines de semana.  RESPONSABILIDAD: Gestionar la venta comercial a pacientes de primeras valoraciones cumpliendo a cabalidad con los protocolos Dentix, garantizando la consecuci\u00f3n de los objetivos comerciales asignados, siempre bajos los mejores est\u00e1ndares de servicio. Profesional en odontolog\u00eda o carreras administrativas, con experiencia m\u00ednimo 5 a\u00f1os en gesti\u00f3n comercial y conocimientos en venta consultiva, venta directa, consecuci\u00f3n de objetivos, servicio al clientes y manejo de paquete office.  COMPETENCIAS REQUERIDAS: Proactividad:  Las personas curiosas e inquietas no se aburren nunca! \u00a1Y en Dentix, mucho menos! \u00a1Siempre habr\u00e1 cosas nuevas por hacer!Trabajo en Equipo:  En Dentix los equipos son los verdaderos h\u00e9roes y t\u00fa te pones la camiseta y juegas con todos y para todos.Orientaci\u00f3n al cliente:  Disfrutas las sonrisas de los pacientes o clientes y te llena el coraz\u00f3n cumplir sus expectativas. Orientaci\u00f3n al logro: Todos los d\u00edas encuentras oportunidades de cumplir tus sue\u00f1os y trabajas para ello con convicci\u00f3n y dedicaci\u00f3n.  Adaptabilidad:  Las cosas cambian permanentemente, tu no solo lo entiendes, sino que logras tu mejor versi\u00f3n en momentos que implican cambios y nuevos escenarios.  Compromiso: Asumes tus responsabilidades con dedicaci\u00f3n y te esfuerzas por hacer las cosas al 100% y cumplir con tu palabra.Manejo de presi\u00f3n: \u00a1Las cosas no siempre salen como queremos! Pero no te detienes y aceptas los desaf\u00edos con pasi\u00f3n y siempre una sonrisa.                    Cl\u00ednicas odontol\u00f3gicas Dentix requiere Subdirector Comercial para su cl\u00ednica en la ciudad de TUNJA. Buscamos profesionales en odontolog\u00eda, administradores de empresa, ingenieros industriales o carreras afines con amplia experiencia comercial en venta consultiva y venta directa y deseable experiencia en manejo de esquemas de financiaci\u00f3n. Disponibilidad para trabajar turnos rotativos y fines de semana.  RESPONSABILIDAD: Gestionar la venta comercial a pacientes de primeras valoraciones cumpliendo a cabalidad con los protocolos Dentix, garantizando la consecuci\u00f3n de los objetivos comerciales asignados, siempre bajos los mejores est\u00e1ndares de servicio. Profesional en odontolog\u00eda o carreras administrativas, con experiencia m\u00ednimo 5 a\u00f1os en gesti\u00f3n comercial y conocimientos en venta consultiva, venta directa, consecuci\u00f3n de objetivos, servicio al clientes y manejo de paquete office.  COMPETENCIAS REQUERIDAS: Proactividad:  Las personas curiosas e inquietas no se aburren nunca! \u00a1Y en Dentix, mucho menos! \u00a1Siempre habr\u00e1 cosas nuevas por hacer!Trabajo en Equipo:  En Dentix los equipos son los verdaderos h\u00e9roes y t\u00fa te pones la camiseta y juegas con todos y para todos.Orientaci\u00f3n al cliente:  Disfrutas las sonrisas de los pacientes o clientes y te llena el coraz\u00f3n cumplir sus expectativas. Orientaci\u00f3n al logro: Todos los d\u00edas encuentras oportunidades de cumplir tus sue\u00f1os y trabajas para ello con convicci\u00f3n y dedicaci\u00f3n.  Adaptabilidad:  Las cosas cambian permanentemente, tu no solo lo entiendes, sino que logras tu mejor versi\u00f3n en momentos que implican cambios y nuevos escenarios.  Compromiso: Asumes tus responsabilidades con dedicaci\u00f3n y te esfuerzas por hacer las cosas al 100% y cumplir con tu palabra.Manejo de presi\u00f3n: \u00a1Las cosas no siempre salen como queremos! Pero no te detienes y aceptas los desaf\u00edos con pasi\u00f3n y siempre una sonrisa.                            Profesional                            Universitaria            Odontolog\u00eda3 a\u00f1os de experiencia                1                Vacante            Competencias para la vacante                                            comerciales", "tipo_contrato": "", "nivel_educativo": "Universitaria", "categoria": "Profesional", "sector": "Servicios hospitalarios, m\u00e9dicos...", "experiencia": "3 a\u00f1os de experiencia", "id_empleo": "1884598445", "competencias": "comerciales"}