{"url_empleo": "https://www.elempleo.com/co/ofertas-trabajo/gran-convocatoria-laboral/1884479266", "fecha_recuperacion": "2021-03-01-22-14", "titulo_oferta": "Gran convocatoria laboral", "salario": "$1 a $1,5 millones", "ciudad": "Bogot\u00e1", "fecha_publicacion": "Publicado 18 Feb 2021", "area": "Comercial, Ventas y Telemercadeo", "num_vacantes": "1 Vacante", "profesion": "Otra", "descripcion_general": "Descripci\u00f3n general                Multinacional requiere personal para su departamento comercial ,en sus diferentes \u00e1reas : * MERCADEO Y PUBLICIDAD * CALL CENTER * SERVICIO AL CLIENTE.Con o sin experiencia en BOGOT\u00c1. Ofrecemos: Contrato directo con la compa\u00f1\u00eda+ contrato a t\u00e9rmino Indefinido Estabilidad LaboralPosibilidad de ascenso y crecimiento laboral Traslados a nivel internacional     -                    Multinacional requiere personal para su departamento comercial ,en sus diferentes \u00e1reas : * MERCADEO Y PUBLICIDAD * CALL CENTER * SERVICIO AL CLIENTE.Con o sin experiencia en BOGOT\u00c1. Ofrecemos: Contrato directo con la compa\u00f1\u00eda+ contrato a t\u00e9rmino Indefinido Estabilidad LaboralPosibilidad de ascenso y crecimiento laboral Traslados a nivel internacional     -                            Profesional Senior                            Media (10\u00b0 - 13\u00b0)            OtraMenos de un a\u00f1o de experiencia                1                Vacante            Competencias para la vacante                                            asesor", "tipo_contrato": "", "nivel_educativo": "Media (10\u00b0 - 13\u00b0)", "categoria": "Profesional Senior", "sector": "Otros", "experiencia": "Menos de un a\u00f1o de experiencia", "id_empleo": "1884479266", "competencias": "asesor"}