{"url_empleo": "https://www.elempleo.com/co/ofertas-trabajo/auxiliar-de-enfermeria/1884635164", "fecha_recuperacion": "2021-03-01-22-12", "titulo_oferta": "Auxiliar de enfermeria", "salario": "Menos de $1 mill\u00f3n", "ciudad": "Bogot\u00e1", "fecha_publicacion": "Publicado 19 Feb 2021", "area": "Salud", "num_vacantes": "1 Vacante", "profesion": "Enfermer\u00eda", "descripcion_general": "Descripci\u00f3n general                Importante empresa del sector de la Salud. Requiere para su equipo de trabajo. AUXILIAR DE ENFERMERIA  (Misi\u00f3n del cargo cantarada en labores administrativas de la IPS)Con experiencia m\u00ednima de 1 a\u00f1o en el cargo. Para laborar en importante IPS. Con experiencia en el \u00e1rea de procedimientos, promoci\u00f3n y prevenci\u00f3n, programas cr\u00f3nicos, demanda inducida. El personal interesado, debe adjuntar hoja de vida, junto con todos los soportes y estudios adicionales. Importe en lo posible  tener CERTIFICACI\u00d3N EN VACUNACI\u00d3N,  habilidades de trabajo en equipo y trabajo bajo presi\u00f3n. Ser una persona responsable, constante y comprometida. Se ofrece estabilidad laboral y buen clima organizacional. HORARIO LABORAL: lunes a viernes de 7+00 AM a 5+00 PM y un s\u00e1bado cada 15 d\u00edas en horario de 7+00 AM a 1+00 PM.  Salario M\u00ednimo con prestaciones sociales.                    Importante empresa del sector de la Salud. Requiere para su equipo de trabajo. AUXILIAR DE ENFERMERIA  (Misi\u00f3n del cargo cantarada en labores administrativas de la IPS)Con experiencia m\u00ednima de 1 a\u00f1o en el cargo. Para laborar en importante IPS. Con experiencia en el \u00e1rea de procedimientos, promoci\u00f3n y prevenci\u00f3n, programas cr\u00f3nicos, demanda inducida. El personal interesado, debe adjuntar hoja de vida, junto con todos los soportes y estudios adicionales. Importe en lo posible  tener CERTIFICACI\u00d3N EN VACUNACI\u00d3N,  habilidades de trabajo en equipo y trabajo bajo presi\u00f3n. Ser una persona responsable, constante y comprometida. Se ofrece estabilidad laboral y buen clima organizacional. HORARIO LABORAL: lunes a viernes de 7+00 AM a 5+00 PM y un s\u00e1bado cada 15 d\u00edas en horario de 7+00 AM a 1+00 PM.  Salario M\u00ednimo con prestaciones sociales.                            Auxiliar, asistencial y otros                            T\u00e9cnico Laboral            Enfermer\u00eda1 a\u00f1o de experiencia                1                Vacante            Competencias para la vacante                                            IPS                                                                                    AUXILIAR ENFERMERIA                                                                                    consulta externa                                                                                    NUEVA EPS", "tipo_contrato": "Contrato Por obra o labor", "nivel_educativo": "T\u00e9cnico Laboral", "categoria": "Auxiliar, asistencial y otros", "sector": "IPS", "experiencia": "1 a\u00f1o de experiencia", "id_empleo": "1884635164", "competencias": "IPS,AUXILIAR ENFERMERIA,consulta externa,NUEVA EPS"}