{"url_empleo": "https://www.elempleo.com/co/ofertas-trabajo/asesor-pensional-para-fondo-de-pensiones/1884622055", "fecha_recuperacion": "2021-03-01-22-07", "titulo_oferta": "Asesor pensional para fondo de pensiones", "salario": "$1 a $1,5 millones", "ciudad": "Bogot\u00e1", "fecha_publicacion": "Publicado 24 Feb 2021", "area": "Comercial, Ventas y Telemercadeo", "num_vacantes": "1 Vacante", "profesion": "Administraci\u00f3n de empresas", "descripcion_general": "Descripci\u00f3n general                Personas comerciales con experiencia en venta de productos pensionales y de seguros , orientado a resultados.                    Personas comerciales con experiencia en venta de productos pensionales y de seguros , orientado a resultados.                            Profesional                            Universitaria            Administraci\u00f3n de empresasAdministraci\u00f3n de negociosAdministraci\u00f3n financieraFinanzas y Gobierno2 a\u00f1os de experiencia                1                Vacante            Competencias para la vacante                                            pensiones                                                                                    cesantias                                                                                    seguros", "tipo_contrato": "Contrato Prestacion de Servicios", "nivel_educativo": "Universitaria", "categoria": "Profesional", "sector": "Fondos de pensiones", "experiencia": "2 a\u00f1os de experiencia", "id_empleo": "1884622055", "competencias": "pensiones,cesantias,seguros"}