{"url_empleo": "https://www.elempleo.com/co/ofertas-trabajo/supernumerario-comercial-tuyabucaramanga/1884644323", "fecha_recuperacion": "2021-03-01-22-05", "titulo_oferta": "Supernumerario comercial tuya-bucaramanga", "salario": "$1 a $1,5 millones", "ciudad": "Medell\u00edn", "fecha_publicacion": "Publicado 25 Feb 2021", "area": "Administrativa y Financiera", "num_vacantes": "1 Vacante", "profesion": "Administraci\u00f3n de empresas", "descripcion_general": "Descripci\u00f3n general                Tuya es una compa\u00f1\u00eda de Financiamiento constituida en 1971.Creamos soluciones financieras a la medida de nuestros clientes, para construir y cumplir sus sue\u00f1os. Actualmente manejamos dentro de nuestro portafolio, la tarjeta \u00e9xito, Carulla, Alkosto y Ktronix, adem\u00e1s de diferentes convenios con seguros sura y cardif.Nos apoyamos en las fortalezas de nuestros accionistas principales, Grupo \u00e9xito y Grupo Bancolombia, para desarrollar soluciones financieras para nuestro pa\u00eds, Colombia las funciones principales ser\u00e1 las siguientes:\u2022 Identificar y abordar a los clientes en frio.\u2022 Brindar informaci\u00f3n completa al cliente sobre los beneficios de los productos.\u2022 Cumplir con el presupuesto de ventas asignado. \u2022 Implementar estrategias de ventas, adoptando el modelo de ventas definido por la Compa\u00f1\u00eda.\u2022 Cumplir las pol\u00edticas, normas y procedimientos definidos por la compa\u00f1\u00eda y por los entes que la regulan.  Te ofrecemos :Contrato: Termino Indefinido Salario: B\u00e1sico de $1.106.000 mas comisiones+3 primas extralegales prestacionales y otros beneficios adicionales .Horario: Lunes a S\u00e1bado mas dos domingos en el mes en turnos rotativitos, importante tener disponibilidad de tiempo.* T\u00e9cnico \u00f3  tecn\u00f3logo graduado.* Experiencia de minimo 1 a\u00f1o en el \u00e1rea comercial* Disponibilidad para trabajar lunes a s\u00e1bado mas dos domingos al mes.* Turnos rotativo: 8:00 a.m. A 5 p.m. - 10:00 a.m. A 7:00 p.m. - 12:00 m A 9:00 p.m.                    Tuya es una compa\u00f1\u00eda de Financiamiento constituida en 1971.Creamos soluciones financieras a la medida de nuestros clientes, para construir y cumplir sus sue\u00f1os. Actualmente manejamos dentro de nuestro portafolio, la tarjeta \u00e9xito, Carulla, Alkosto y Ktronix, adem\u00e1s de diferentes convenios con seguros sura y cardif.Nos apoyamos en las fortalezas de nuestros accionistas principales, Grupo \u00e9xito y Grupo Bancolombia, para desarrollar soluciones financieras para nuestro pa\u00eds, Colombia las funciones principales ser\u00e1 las siguientes:\u2022 Identificar y abordar a los clientes en frio.\u2022 Brindar informaci\u00f3n completa al cliente sobre los beneficios de los productos.\u2022 Cumplir con el presupuesto de ventas asignado. \u2022 Implementar estrategias de ventas, adoptando el modelo de ventas definido por la Compa\u00f1\u00eda.\u2022 Cumplir las pol\u00edticas, normas y procedimientos definidos por la compa\u00f1\u00eda y por los entes que la regulan.  Te ofrecemos :Contrato: Termino Indefinido Salario: B\u00e1sico de $1.106.000 mas comisiones+3 primas extralegales prestacionales y otros beneficios adicionales .Horario: Lunes a S\u00e1bado mas dos domingos en el mes en turnos rotativitos, importante tener disponibilidad de tiempo.* T\u00e9cnico \u00f3  tecn\u00f3logo graduado.* Experiencia de minimo 1 a\u00f1o en el \u00e1rea comercial* Disponibilidad para trabajar lunes a s\u00e1bado mas dos domingos al mes.* Turnos rotativo: 8:00 a.m. A 5 p.m. - 10:00 a.m. A 7:00 p.m. - 12:00 m A 9:00 p.m.                            Auxiliar, asistencial y otros                            Formaci\u00f3n Tec profesional            Administraci\u00f3n de empresasAdministraci\u00f3n de negociosTecnolog\u00eda En Banca Y FinanzasTecnolog\u00eda En Gesti\u00f3n ComercialAdministraci\u00f3n Comercial Y De MercadeoMenos de un a\u00f1o de experiencia                1                Vacante            Competencias para la vacante                                            comercial                                                                                    supernumerario                                                                                    ventas                                                                                    creditos", "tipo_contrato": "Contrato Indefinido", "nivel_educativo": "Formaci\u00f3n Tec profesional", "categoria": "Auxiliar, asistencial y otros", "sector": "Compa\u00f1\u00edas de financiamiento", "experiencia": "Menos de un a\u00f1o de experiencia", "id_empleo": "1884644323", "competencias": "comercial,supernumerario,ventas,creditos"}