{"url_empleo": "https://www.elempleo.com/co/ofertas-trabajo/ejecutivos-comerciales-de-libranza-en-bucaramanga/1884644609", "fecha_recuperacion": "2021-03-01-22-02", "titulo_oferta": "Ejecutivos comerciales de libranza en bucaramanga", "salario": "$2,5 a $3 millones", "ciudad": "Bucaramanga", "fecha_publicacion": "Publicado 1 Mar 2021", "area": "Administrativa y Financiera", "num_vacantes": "1 Vacante", "profesion": "T\u00e9cnico en Gesti\u00f3n Contable", "descripcion_general": "Descripci\u00f3n general                Nuestro equipo de gesti\u00f3n comercial tiene la responsabilidad de garantizar la colocaci\u00f3n de producto de libranza en la ciudad de Bucaramanga y aleda\u00f1os.  De igual manera, asesorar y acompa\u00f1ar de manera transparente a nuestros clientes para garantizar su satisfacci\u00f3n. Los asesores de libranza responsables de la colocaci\u00f3n del producto gu\u00edan a los clientes durante todo el proceso de manera directa y personalizada. El candidato ideal es una persona comercial, anal\u00edtica, centrada en el cliente, creativa, con esp\u00edritu de equipo y alta orientaci\u00f3n al logro, que tendr\u00e1 a cargo todo el ciclo de vida del producto, desde la consecuci\u00f3n de clientes hasta la fidelizaci\u00f3n del mismo con nuestra marca. Adem\u00e1s, trabajar\u00e1 de manera interdisciplinaria para contribuir a la fidelizaci\u00f3n y consecuci\u00f3n masiva de productos e identificar nuevas oportunidades. Responsabilidades \u2022\tCrear estrategias comerciales para la identificaci\u00f3n de nuevos clientes y nuevas oportunidades de negocio.\u2022\tAcompa\u00f1ar y asesorar al cliente a trav\u00e9s de toda la vida del cr\u00e9dito. \u2022\tGarantizar el cumplimiento de pol\u00edticas y procesos, al igual que de documentos por parte del cliente.\u2022\tCumplir con el presupuesto mensual asignados en los productos de libranza y seguros en la Zona.\u2022\tLlevar a cabo una amplia validaci\u00f3n e interacci\u00f3n con los clientes. Requisitos \u2022\tFormaci\u00f3n T\u00e9cnica o Tecnol\u00f3gica en carreras afines al \u00e1rea financieras.\u2022\tExperiencia como asesor externo de libranza \u2022\tSolidas aptitudes y habilidades comerciales, comunicaci\u00f3n oral y escrita. Remuneraci\u00f3n\u2022\tSalario B\u00e1sico.\u2022\tAuxilio de movilidad.\u2022\tAtractivo paquete de comisiones sin techo \u2022\tPosibilidad de crecimiento y Plan Carrera.                    Nuestro equipo de gesti\u00f3n comercial tiene la responsabilidad de garantizar la colocaci\u00f3n de producto de libranza en la ciudad de Bucaramanga y aleda\u00f1os.  De igual manera, asesorar y acompa\u00f1ar de manera transparente a nuestros clientes para garantizar su satisfacci\u00f3n. Los asesores de libranza responsables de la colocaci\u00f3n del producto gu\u00edan a los clientes durante todo el proceso de manera directa y personalizada. El candidato ideal es una persona comercial, anal\u00edtica, centrada en el cliente, creativa, con esp\u00edritu de equipo y alta orientaci\u00f3n al logro, que tendr\u00e1 a cargo todo el ciclo de vida del producto, desde la consecuci\u00f3n de clientes hasta la fidelizaci\u00f3n del mismo con nuestra marca. Adem\u00e1s, trabajar\u00e1 de manera interdisciplinaria para contribuir a la fidelizaci\u00f3n y consecuci\u00f3n masiva de productos e identificar nuevas oportunidades. Responsabilidades \u2022\tCrear estrategias comerciales para la identificaci\u00f3n de nuevos clientes y nuevas oportunidades de negocio.\u2022\tAcompa\u00f1ar y asesorar al cliente a trav\u00e9s de toda la vida del cr\u00e9dito. \u2022\tGarantizar el cumplimiento de pol\u00edticas y procesos, al igual que de documentos por parte del cliente.\u2022\tCumplir con el presupuesto mensual asignados en los productos de libranza y seguros en la Zona.\u2022\tLlevar a cabo una amplia validaci\u00f3n e interacci\u00f3n con los clientes. Requisitos \u2022\tFormaci\u00f3n T\u00e9cnica o Tecnol\u00f3gica en carreras afines al \u00e1rea financieras.\u2022\tExperiencia como asesor externo de libranza \u2022\tSolidas aptitudes y habilidades comerciales, comunicaci\u00f3n oral y escrita. Remuneraci\u00f3n\u2022\tSalario B\u00e1sico.\u2022\tAuxilio de movilidad.\u2022\tAtractivo paquete de comisiones sin techo \u2022\tPosibilidad de crecimiento y Plan Carrera.                            Auxiliar, asistencial y otros                            T\u00e9cnico Laboral            T\u00e9cnico en Gesti\u00f3n ContableTecnolog\u00eda En Gesti\u00f3n Comercial2 a\u00f1os de experiencia                1                Vacante            Competencias para la vacante                                            santander                                                                                    bucaramanga                                                                                    ventas                                                                                    libranza                                                                                    reportados                                                                                    asesores                                                                                    comerciales", "tipo_contrato": "Contrato Indefinido", "nivel_educativo": "T\u00e9cnico Laboral", "categoria": "Auxiliar, asistencial y otros", "sector": "Servicios financieros", "experiencia": "2 a\u00f1os de experiencia", "id_empleo": "1884644609", "competencias": "santander,bucaramanga,ventas,libranza,reportados,asesores,comerciales"}