{"url_empleo": "https://www.elempleo.com/co/ofertas-trabajo/jefe-nacional-de-servicio-al-cliente/1884670270", "fecha_recuperacion": "2021-03-01-22-10", "titulo_oferta": "Jefe nacional de servicio al cliente", "salario": "$6 a $8 millones", "ciudad": "Bogot\u00e1", "fecha_publicacion": "Publicado 22 Feb 2021", "area": "Distribuci\u00f3n o log\u00edstica de Tran...", "num_vacantes": "1 Vacante", "profesion": "Ingenier\u00eda administrativa", "descripcion_general": "Descripci\u00f3n general                Importante empresa de Log\u00edstica con sede principal en Bogota\u00b4 se encuentra en b\u00fasqueda de Profesional en carreras administrativas, ingenier\u00eda, log\u00edstica o carreras afines, preferiblemente con Especializaci\u00f3n en tema afines al servicio; con m\u00ednimo 3 an~os de experiencia reciente y certificable en cargos relacionados preferiblemente en el sector Log\u00edstico y/o de trasporte de carga de mercanc\u00eda terrestre o afines. El reto principal que tendr\u00e1s es \u201cMantener un excelente relacionamiento con el cliente y garantizar que la informaci\u00f3n de servicio sea de manera oportuna y veraz, dar respuesta eficaz siendo cuidadoso con los clientes a nivel Nacional; adem\u00e1s de contribuir a la generaci\u00f3n de soluciones a las incidencias presentadas en las operaciones internas de la compa\u00f1\u00eda\u201d.Si te apasiona el manejo de cliente interno y externo (Soluci\u00f3n a los retos que se presenten) estamos seguros de que te alinear\u00e1s a lo que buscamos. \u00a1Te ofrecemos! Horario lunes a s\u00e1bado, Salario $7.000.000 m\u00e1s todas las prestaciones de ley y algunos beneficios que sin duda ser\u00e1n atractivos. Contrato directo con la compa\u00f1\u00eda. Si te encuentras interesado/a y cumples con todos los requisitos post\u00falate.                    Importante empresa de Log\u00edstica con sede principal en Bogota\u00b4 se encuentra en b\u00fasqueda de Profesional en carreras administrativas, ingenier\u00eda, log\u00edstica o carreras afines, preferiblemente con Especializaci\u00f3n en tema afines al servicio; con m\u00ednimo 3 an~os de experiencia reciente y certificable en cargos relacionados preferiblemente en el sector Log\u00edstico y/o de trasporte de carga de mercanc\u00eda terrestre o afines. El reto principal que tendr\u00e1s es \u201cMantener un excelente relacionamiento con el cliente y garantizar que la informaci\u00f3n de servicio sea de manera oportuna y veraz, dar respuesta eficaz siendo cuidadoso con los clientes a nivel Nacional; adem\u00e1s de contribuir a la generaci\u00f3n de soluciones a las incidencias presentadas en las operaciones internas de la compa\u00f1\u00eda\u201d.Si te apasiona el manejo de cliente interno y externo (Soluci\u00f3n a los retos que se presenten) estamos seguros de que te alinear\u00e1s a lo que buscamos. \u00a1Te ofrecemos! Horario lunes a s\u00e1bado, Salario $7.000.000 m\u00e1s todas las prestaciones de ley y algunos beneficios que sin duda ser\u00e1n atractivos. Contrato directo con la compa\u00f1\u00eda. Si te encuentras interesado/a y cumples con todos los requisitos post\u00falate.                            Profesional                            Universitaria            Ingenier\u00eda administrativaEspecializaci\u00f3n En Administraci\u00f3n De Servicios De SaludIngenier\u00eda ComercialAdministraci\u00f3n Comercial Y De Mercadeo3 a\u00f1os de experiencia                1                Vacante            Competencias para la vacante                                            Trasporte                                                                                    Logistica                                                                                    3PL", "tipo_contrato": "Contrato Indefinido", "nivel_educativo": "Universitaria", "categoria": "Profesional", "sector": "Transporte", "experiencia": "3 a\u00f1os de experiencia", "id_empleo": "1884670270", "competencias": "Trasporte,Logistica,3PL"}