{"url_empleo": "https://www.elempleo.com/co/ofertas-trabajo/operarios-de-personalizacion-de-tarjetas-de-credito-bogota-dc/1884495757", "fecha_recuperacion": "2021-03-01-22-12", "titulo_oferta": "Operarios de personalizaci\u00f3n de tarjetas de cr\u00e9dito - bogot\u00e1 d.c", "salario": "$1 a $1,5 millones", "ciudad": "Bogot\u00e1", "fecha_publicacion": "Publicado 20 Feb 2021", "area": "Operaciones y Procesos", "num_vacantes": "1 Vacante", "profesion": "Otra", "descripcion_general": "Descripci\u00f3n general                - Bachilleres con 1 a\u00f1o de experiencia en manejo de m\u00e1quinas personalizadoras de tarjetas cr\u00e9dito                    - Bachilleres con 1 a\u00f1o de experiencia en manejo de m\u00e1quinas personalizadoras de tarjetas cr\u00e9dito                            Auxiliar, asistencial y otros                            Media (10\u00b0 - 13\u00b0)            Otra1 a\u00f1o de experiencia                1                Vacante            Competencias para la vacante                                            Operador de personalizaci\u00f3n", "tipo_contrato": "Contrato Por obra o labor", "nivel_educativo": "Media (10\u00b0 - 13\u00b0)", "categoria": "Auxiliar, asistencial y otros", "sector": "Tarjetas de cr\u00e9dito", "experiencia": "1 a\u00f1o de experiencia", "id_empleo": "1884495757", "competencias": "Operador de personalizaci\u00f3n"}