{"url_empleo": "https://www.elempleo.com/co/ofertas-trabajo/analista-profesional-mercadeo-ecommerce/1884660642", "fecha_recuperacion": "2021-03-01-22-13", "titulo_oferta": "Analista profesional mercadeo e-commerce", "salario": "$2,5 a $3 millones", "ciudad": "Bogot\u00e1", "fecha_publicacion": "Publicado 19 Feb 2021", "area": "Mercadeo y Publicidad", "num_vacantes": "1 Vacante", "profesion": "Otra", "descripcion_general": "Descripci\u00f3n general                Importante grupo empresarial, requiere para ser parte de su grupo laboral Analista Profesional de Mercadeo, con minimo 3 a\u00f1os de experiencia en todo lo relacionado con temas e-commerce, conocimiento en dise\u00f1o y contenido digital de paginas. Profesional en carreras como Comunicacion social, publicidad, o Dise\u00f1o. Contrato directo con la compa\u00f1ia. Para trabajar de Lunes a Viernes horarios de oficina. Salario: 2.900.000 + Prestaciones de ley.                    Importante grupo empresarial, requiere para ser parte de su grupo laboral Analista Profesional de Mercadeo, con minimo 3 a\u00f1os de experiencia en todo lo relacionado con temas e-commerce, conocimiento en dise\u00f1o y contenido digital de paginas. Profesional en carreras como Comunicacion social, publicidad, o Dise\u00f1o. Contrato directo con la compa\u00f1ia. Para trabajar de Lunes a Viernes horarios de oficina. Salario: 2.900.000 + Prestaciones de ley.                            Profesional Senior                            Universitaria            Otra4 a\u00f1os de experiencia                1                Vacante            Competencias para la vacante                                            E-commerce                                                                                    Mercadeo", "tipo_contrato": "", "nivel_educativo": "Universitaria", "categoria": "Profesional Senior", "sector": "Manufacturas varias", "experiencia": "4 a\u00f1os de experiencia", "id_empleo": "1884660642", "competencias": "E-commerce,Mercadeo"}