{"url_empleo": "https://www.elempleo.com/co/ofertas-trabajo/operario-de-empaque-y-codificado/1884489922", "fecha_recuperacion": "2021-03-01-22-03", "titulo_oferta": "Operario de empaque y codificado", "salario": "Menos de $1 mill\u00f3n", "ciudad": "Bogot\u00e1", "fecha_publicacion": "Publicado 26 Feb 2021", "area": "Producci\u00f3n", "num_vacantes": "1 Vacante", "profesion": "Bachillerato Acad\u00e9mico", "descripcion_general": "Descripci\u00f3n general                Laboratorio farmac\u00e9utico a nivel nacional requiere para el \u00e1rea de producci\u00f3n, operarios de empaque y codificado con experiencia m\u00ednima de 1 a\u00f1o en la industria, en el desarrollo de labores de empaque, encapsulado y codificado, importante manejo de maquina Blister  manejo y diligenciamiento en la documentaci\u00f3n de calidad referente al proceso. Contrataci\u00f3n inmediata. Ciudad Bogot\u00e1. Si no cumple con el perfil no aplicar. Trabajo por turnos.                    Laboratorio farmac\u00e9utico a nivel nacional requiere para el \u00e1rea de producci\u00f3n, operarios de empaque y codificado con experiencia m\u00ednima de 1 a\u00f1o en la industria, en el desarrollo de labores de empaque, encapsulado y codificado, importante manejo de maquina Blister  manejo y diligenciamiento en la documentaci\u00f3n de calidad referente al proceso. Contrataci\u00f3n inmediata. Ciudad Bogot\u00e1. Si no cumple con el perfil no aplicar. Trabajo por turnos.                            Auxiliar, asistencial y otros                            Media (10\u00b0 - 13\u00b0)            Bachillerato Acad\u00e9mico2 a\u00f1os de experiencia                1                Vacante            Competencias para la vacante                                            operario de empaque", "tipo_contrato": "", "nivel_educativo": "Media (10\u00b0 - 13\u00b0)", "categoria": "Auxiliar, asistencial y otros", "sector": "Laboratorios farmac\u00e9uticos y otros", "experiencia": "2 a\u00f1os de experiencia", "id_empleo": "1884489922", "competencias": "operario de empaque"}