{"url_empleo": "https://www.elempleo.com/co/ofertas-trabajo/account-manager-profesional-en-ingenieria-requisito-indispensable-bogota/1884648849", "fecha_recuperacion": "2021-03-01-22-12", "titulo_oferta": "Account manager profesional en ingenieria (requisito indispensable)- bogota", "salario": "$4,5 a $5,5 millones", "ciudad": "Bogot\u00e1", "fecha_publicacion": "Publicado 21 Feb 2021", "area": "Comercial, Ventas y Telemercadeo", "num_vacantes": "1 Vacante", "profesion": "Ingenier\u00eda industrial", "descripcion_general": "Descripci\u00f3n general                UBICACION: BOGOTA Buscamos los mejores talentos para ocupar la posici\u00f3n de ACCOUNT MANAGER/ GERENTE DE CUENTA FORMACION: Profesional en INGENENIERIA (REQUISITO INDISPENSABLE).  EXPERIENCIA: 3 a\u00f1os en captaci\u00f3n de clientes, VENTA CONSULTIVA,  negociaci\u00f3n.  Importante experiencia en venta de productos o servicios de alto costo.  Disponibilidad para viajar CONOCIMIENTOS: -\tManejo CRM-\tManejo KPI\u2019S-\tVenta consultiva COMPETENCIAS: ? Liderazgo ? Dominancia ? Responsabilidad ? Trabajo en equipo ? Orientaci\u00f3n a resultados ? Orientaci\u00f3n al cliente CONTRATO: indefinido SALARIO: B\u00e1sico: 2.800.000+ variable: 600.000+ Aux. Movilizaci\u00f3n+ Comisiones HORARIO: L-V (7:00 am- 5:30 pm)                    UBICACION: BOGOTA Buscamos los mejores talentos para ocupar la posici\u00f3n de ACCOUNT MANAGER/ GERENTE DE CUENTA FORMACION: Profesional en INGENENIERIA (REQUISITO INDISPENSABLE).  EXPERIENCIA: 3 a\u00f1os en captaci\u00f3n de clientes, VENTA CONSULTIVA,  negociaci\u00f3n.  Importante experiencia en venta de productos o servicios de alto costo.  Disponibilidad para viajar CONOCIMIENTOS: -\tManejo CRM-\tManejo KPI\u2019S-\tVenta consultiva COMPETENCIAS: ? Liderazgo ? Dominancia ? Responsabilidad ? Trabajo en equipo ? Orientaci\u00f3n a resultados ? Orientaci\u00f3n al cliente CONTRATO: indefinido SALARIO: B\u00e1sico: 2.800.000+ variable: 600.000+ Aux. Movilizaci\u00f3n+ Comisiones HORARIO: L-V (7:00 am- 5:30 pm)                            Coordinador supervisor o especialista                            Universitaria            Ingenier\u00eda industrialOtraIngenier\u00eda electr\u00f3nicaIngenier\u00eda electromec\u00e1nica3 a\u00f1os de experiencia                1                Vacante            Competencias para la vacante                                            GERENTE DE CUENTA                                                                                    VENTA CONSULTIVA                                                                                    ACCOUNT MANAGER                                                                                    ingenieros                                                                                    ingenieras                                                                                    ingeniera                                                                                    ingeniero", "tipo_contrato": "", "nivel_educativo": "Universitaria", "categoria": "Coordinador supervisor o especialista", "sector": "Otros", "experiencia": "3 a\u00f1os de experiencia", "id_empleo": "1884648849", "competencias": "GERENTE DE CUENTA,VENTA CONSULTIVA,ACCOUNT MANAGER,ingenieros,ingenieras,ingeniera,ingeniero"}