{"url_empleo": "https://www.elempleo.com/co/ofertas-trabajo/mensajero-administrativo-a-pie/1884397134", "fecha_recuperacion": "2021-03-01-22-17", "titulo_oferta": "Mensajero administrativo a pie", "salario": "$1 a $1,5 millones", "ciudad": "Bogot\u00e1", "fecha_publicacion": "Publicado 17 Feb 2021", "area": "Administraci\u00f3n: servicios generales", "num_vacantes": "1 Vacante", "profesion": "Sin Profesi\u00f3n", "descripcion_general": "Descripci\u00f3n general                Importante empresa busca mensajero para que cumpla con las siguientes funciones:Organizar la correspondencia enrutada por las diferentes \u00e1reas y organizar las rutas de los 3 mensajeros.Realizar las operaciones bancarias: dep\u00f3sitos, cobro de cheques, pagos de impuestos, pagos de facturas, pago de voluntarios y AFC, radicar cartas para anulaci\u00f3n de cheques, radicar monetizaciones.Radicar documentos en clientes y proveedores.Recolecci\u00f3n de firmas en formularios.Realizar tr\u00e1mites en la DIAN y Secretaria de Hacienda.  Realizar actualizaci\u00f3n de RUT y RIT.Radicar facturaci\u00f3n de TMF.Solicitar C\u00e1maras de Comercio y radicar solicitudes ante la entidad.Radicar afiliaciones a EPS y cajas de compensaci\u00f3n.Radicar incapacidades.Llevar control escrito de todas diligencias realizadas y reportar gastos de transporte diariamente.                    Importante empresa busca mensajero para que cumpla con las siguientes funciones:Organizar la correspondencia enrutada por las diferentes \u00e1reas y organizar las rutas de los 3 mensajeros.Realizar las operaciones bancarias: dep\u00f3sitos, cobro de cheques, pagos de impuestos, pagos de facturas, pago de voluntarios y AFC, radicar cartas para anulaci\u00f3n de cheques, radicar monetizaciones.Radicar documentos en clientes y proveedores.Recolecci\u00f3n de firmas en formularios.Realizar tr\u00e1mites en la DIAN y Secretaria de Hacienda.  Realizar actualizaci\u00f3n de RUT y RIT.Radicar facturaci\u00f3n de TMF.Solicitar C\u00e1maras de Comercio y radicar solicitudes ante la entidad.Radicar afiliaciones a EPS y cajas de compensaci\u00f3n.Radicar incapacidades.Llevar control escrito de todas diligencias realizadas y reportar gastos de transporte diariamente.                            Auxiliar, asistencial y otros                            Universitaria            Sin Profesi\u00f3n2 a\u00f1os de experiencia                1                Vacante            Competencias para la vacante                                            Mensajero                                                                                    administrativo", "tipo_contrato": "Contrato Indefinido", "nivel_educativo": "Universitaria", "categoria": "Auxiliar, asistencial y otros", "sector": "Servicios financieros", "experiencia": "2 a\u00f1os de experiencia", "id_empleo": "1884397134", "competencias": "Mensajero,administrativo"}