{"url_empleo": "https://www.elempleo.com/co/ofertas-trabajo/coordinador-de-validaciones-industriales/1884477112", "fecha_recuperacion": "2021-03-01-22-02", "titulo_oferta": "Coordinador de validaciones industriales", "salario": "$2,5 a $3 millones", "ciudad": "Bogot\u00e1", "fecha_publicacion": "Publicado 1 Mar 2021", "area": "Salud", "num_vacantes": "1 Vacante", "profesion": "Qu\u00edmica Farmac\u00e9utica", "descripcion_general": "Descripci\u00f3n general                Empresa farmaceutica requiere COORDINADOR DE VALIDACIONES INDUSTRIALES formacion quimico farmaceutico, con 3 a\u00f1os de experiencia en cargo.Salario 2.800.000 + plHorarios: L a V                    Empresa farmaceutica requiere COORDINADOR DE VALIDACIONES INDUSTRIALES formacion quimico farmaceutico, con 3 a\u00f1os de experiencia en cargo.Salario 2.800.000 + plHorarios: L a V                            Profesional Senior                            Universitaria            Qu\u00edmica Farmac\u00e9utica3 a\u00f1os de experiencia                1                Vacante            Competencias para la vacante                                            quimico", "tipo_contrato": "Contrato Por obra o labor", "nivel_educativo": "Universitaria", "categoria": "Profesional Senior", "sector": "Laboratorios farmac\u00e9uticos y otros", "experiencia": "3 a\u00f1os de experiencia", "id_empleo": "1884477112", "competencias": "quimico"}