{"url_empleo": "https://www.elempleo.com/co/ofertas-trabajo/medico-especialista-en-salud-ocupacional-o-seguridad-y-salud-en-el-trabajo/1884671574", "fecha_recuperacion": "2021-03-01-22-01", "titulo_oferta": "Medico especialista en salud ocupacional o seguridad y salud en el trabajo", "salario": "$5,5 a $6 millones", "ciudad": "Bogot\u00e1", "fecha_publicacion": "Publicado 1 Mar 2021", "area": "Salud", "num_vacantes": "1 Vacante", "profesion": "Medicina", "descripcion_general": "Descripci\u00f3n general                Importante entidad de salud de reconocimiento internacional, busca Profesional en medicina que cuente con Especializaci\u00f3n en Salud Ocupacional o Seguridad y Salud en el Trabajo, experiencia de M\u00ednimo 1 a\u00f1o de experiencia como m\u00e9dico ocupacional en servicios de Salud,   empresas   y   A.R.L.   Auditor\u00edas   y   asesor\u00edas   empresariales relacionadas   con   la   Salud   Ocupacional   en   los   componentes   de Medicina  preventiva  y  del  trabajo  e  Higiene  y  Seguridad  Industrial. Lugar de Trabajo, Sevillana Sur de la ciudadHorario  8 horas Lunes a Viernes No Fines de SemanaSalario: 4.080.000 + 1.000.000, todas las prestaciones de ley.Importante: Contar con Veh\u00edculo para su propia movilizaci\u00f3n.                    Importante entidad de salud de reconocimiento internacional, busca Profesional en medicina que cuente con Especializaci\u00f3n en Salud Ocupacional o Seguridad y Salud en el Trabajo, experiencia de M\u00ednimo 1 a\u00f1o de experiencia como m\u00e9dico ocupacional en servicios de Salud,   empresas   y   A.R.L.   Auditor\u00edas   y   asesor\u00edas   empresariales relacionadas   con   la   Salud   Ocupacional   en   los   componentes   de Medicina  preventiva  y  del  trabajo  e  Higiene  y  Seguridad  Industrial. Lugar de Trabajo, Sevillana Sur de la ciudadHorario  8 horas Lunes a Viernes No Fines de SemanaSalario: 4.080.000 + 1.000.000, todas las prestaciones de ley.Importante: Contar con Veh\u00edculo para su propia movilizaci\u00f3n.                            Profesional Senior                            Especializaci\u00f3n            Medicina3 a\u00f1os de experiencia                1                Vacante            Competencias para la vacante                                            Medico                                                                                    SST                                                                                    Salud Ocupacional", "tipo_contrato": "Contrato Por obra o labor", "nivel_educativo": "Especializaci\u00f3n", "categoria": "Profesional Senior", "sector": "Salud, trabajo y seguridad social", "experiencia": "3 a\u00f1os de experiencia", "id_empleo": "1884671574", "competencias": "Medico,SST,Salud Ocupacional"}