{"url_empleo": "https://www.elempleo.com/co/ofertas-trabajo/fullstack-osftware-engineer/1884583221", "fecha_recuperacion": "2021-03-01-22-08", "titulo_oferta": "Full-stack osftware engineer", "salario": "Salario a convenir", "ciudad": "Bogot\u00e1", "fecha_publicacion": "Publicado 23 Feb 2021", "area": "Calidad (aseguramiento, gesti\u00f3n ...", "num_vacantes": "1 Vacante", "profesion": "Ingenier\u00eda de sistemas  Computaci\u00f3n", "descripcion_general": "Descripci\u00f3n general                Nuestro equipo est\u00e1 buscando un desarrollador .Net responsable de dise\u00f1ar y codificar nuevas funciones y mejoras de funciones para la plataforma Bizagi Modeler Cloud tanto en frontend como backend. Trabajar\u00e1s en un equipo \u00e1gil, innovador y colaborativo, siempre esforz\u00e1ndote por marcar la diferencia en todo lo que hacemos.Construir\u00e1 / modificar\u00e1 diferentes componentes / aplicaciones de la plataforma en la nube de Modeler, incluidas WebApps, Webjobs, aplicaciones WinForms y diferentes componentes basados ??en Azure. Por lo tanto, se requiere experiencia previa en desarrollo en Microsoft .NET (C #) y tecnolog\u00edas frontales modernas. Adem\u00e1s, es deseable una buena comprensi\u00f3n de la plataforma Azure y las arquitecturas modernas de la nube.                    Nuestro equipo est\u00e1 buscando un desarrollador .Net responsable de dise\u00f1ar y codificar nuevas funciones y mejoras de funciones para la plataforma Bizagi Modeler Cloud tanto en frontend como backend. Trabajar\u00e1s en un equipo \u00e1gil, innovador y colaborativo, siempre esforz\u00e1ndote por marcar la diferencia en todo lo que hacemos.Construir\u00e1 / modificar\u00e1 diferentes componentes / aplicaciones de la plataforma en la nube de Modeler, incluidas WebApps, Webjobs, aplicaciones WinForms y diferentes componentes basados ??en Azure. Por lo tanto, se requiere experiencia previa en desarrollo en Microsoft .NET (C #) y tecnolog\u00edas frontales modernas. Adem\u00e1s, es deseable una buena comprensi\u00f3n de la plataforma Azure y las arquitecturas modernas de la nube.                            Profesional                            Universitaria            Ingenier\u00eda de sistemas  Computaci\u00f3nIngenier\u00eda electr\u00f3nica2 a\u00f1os de experiencia                1                Vacante            Competencias para la vacante                                            full-Stack                                                                                    programador                                                                                    desarrollador", "tipo_contrato": "Contrato Indefinido", "nivel_educativo": "Universitaria", "categoria": "Profesional", "sector": "Ciencia y tecnolog\u00eda", "experiencia": "2 a\u00f1os de experiencia", "id_empleo": "1884583221", "competencias": "full-Stack,programador,desarrollador"}