{"url_empleo": "https://www.elempleo.com/co/ofertas-trabajo/asistente-de-contabilidad/1884671684", "fecha_recuperacion": "2021-03-01-22-03", "titulo_oferta": "Asistente de contabilidad", "salario": "Salario a convenir", "ciudad": "Bogot\u00e1", "fecha_publicacion": "Publicado 26 Feb 2021", "area": "Administrativa y Financiera", "num_vacantes": "1 Vacante", "profesion": "Contadur\u00eda", "descripcion_general": "Descripci\u00f3n general                Empresa de consumo masivo requiere Asistente de Contabilidad  estudiante de profesional o estudiante de \u00faltimos semestres de contadur\u00eda  con experiencia m\u00ednima de 3 a\u00f1os en e \u00e1rea contable   para Contabilizar las cuentas por pagar en el m\u00f3dulo de proveedores,  para suministrar informaci\u00f3n tributaria y financiera y lograr que haya una contabilizaci\u00f3n adecuada de los movimientos contables.                    Empresa de consumo masivo requiere Asistente de Contabilidad  estudiante de profesional o estudiante de \u00faltimos semestres de contadur\u00eda  con experiencia m\u00ednima de 3 a\u00f1os en e \u00e1rea contable   para Contabilizar las cuentas por pagar en el m\u00f3dulo de proveedores,  para suministrar informaci\u00f3n tributaria y financiera y lograr que haya una contabilizaci\u00f3n adecuada de los movimientos contables.                            Profesional Junior                            Universitaria            Contadur\u00eda3 a\u00f1os de experiencia                1                Vacante            Competencias para la vacante                                            contaduria                                                                                    cuentas por pagar                                                                                    contabilidad", "tipo_contrato": "Contrato Indefinido", "nivel_educativo": "Universitaria", "categoria": "Profesional Junior", "sector": "Laboratorios farmac\u00e9uticos y otros", "experiencia": "3 a\u00f1os de experiencia", "id_empleo": "1884671684", "competencias": "contaduria,cuentas por pagar,contabilidad"}