{"url_empleo": "https://www.elempleo.com/co/ofertas-trabajo/ejecutivo-comercial-call-center-experiencia-en-venta-de-seguros-o-intangibles/1884662457", "fecha_recuperacion": "2021-03-01-22-12", "titulo_oferta": "Ejecutivo comercial call center - experiencia en venta de seguros o intangibles", "salario": "$2 a $2,5 millones", "ciudad": "Bogot\u00e1", "fecha_publicacion": "Publicado 19 Feb 2021", "area": "Comercial, Ventas y Telemercadeo", "num_vacantes": "1 Vacante", "profesion": "Administraci\u00f3n de empresas", "descripcion_general": "Descripci\u00f3n general                Coomeva Cooperativa requiere para su vinculaci\u00f3n inmediata Ejecutivo Comercial Call Center, debe contar con estudios Tecn\u00f3logos o estudiante de carreras Administrativas o \u00e1reas a fines. Con habilidades comerciales, comunicaci\u00f3n asertiva y orientaci\u00f3n a resultados. Experiencia m\u00ednima de 2 a\u00f1os en entidades bancarias, cooperativas, aseguradoras o de servicios, desempe\u00f1ando funciones relacionadas con venta de productos intangibles y servicios, atenci\u00f3n y mantenimiento de clientes. Horario de lunes a viernesSalario B\u00e1sico $ 980.802 + Garantizado + Aux de movilizaci\u00f3n + comisiones 100% prestacionales sin techo. Promedio salarial $ 2.000.000 Vinculaci\u00f3n Inmediata                    Coomeva Cooperativa requiere para su vinculaci\u00f3n inmediata Ejecutivo Comercial Call Center, debe contar con estudios Tecn\u00f3logos o estudiante de carreras Administrativas o \u00e1reas a fines. Con habilidades comerciales, comunicaci\u00f3n asertiva y orientaci\u00f3n a resultados. Experiencia m\u00ednima de 2 a\u00f1os en entidades bancarias, cooperativas, aseguradoras o de servicios, desempe\u00f1ando funciones relacionadas con venta de productos intangibles y servicios, atenci\u00f3n y mantenimiento de clientes. Horario de lunes a viernesSalario B\u00e1sico $ 980.802 + Garantizado + Aux de movilizaci\u00f3n + comisiones 100% prestacionales sin techo. Promedio salarial $ 2.000.000 Vinculaci\u00f3n Inmediata                            Auxiliar, asistencial y otros                            Tecnol\u00f3gica            Administraci\u00f3n de empresas3 a\u00f1os de experiencia                1                Vacante            Competencias para la vacante                                            ventas", "tipo_contrato": "", "nivel_educativo": "Tecnol\u00f3gica", "categoria": "Auxiliar, asistencial y otros", "sector": "Compa\u00f1\u00edas de seguros", "experiencia": "3 a\u00f1os de experiencia", "id_empleo": "1884662457", "competencias": "ventas"}