{"url_empleo": "https://www.elempleo.com/co/ofertas-trabajo/digital-project-manager/1884572165", "fecha_recuperacion": "2021-03-01-22-02", "titulo_oferta": "Digital project manager", "salario": "$2 a $2,5 millones", "ciudad": "Bogot\u00e1", "fecha_publicacion": "Publicado 1 Mar 2021", "area": "Dise\u00f1o y publicidad", "num_vacantes": "1 Vacante", "profesion": "Publicidad y mercadeo", "descripcion_general": "Descripci\u00f3n general                Hola en Cheil Colombia estamos en b\u00fasqueda de un profesional en publicidad o administraci\u00f3n de empresas con experiencia m\u00ednima de 3 a\u00f1os de experiencia desempe\u00f1ando cargos relacionados a la posici\u00f3n de Digital Project Manager preferiblemente en agencias de publicidad. Las principales funciones a desempe\u00f1ar: planificaci\u00f3n, seguimiento y monitoreo de proyectos, garantizando la calidad de los resultados, manejo de presupuestos y elaboraci\u00f3n de informes. Buscamos una persona con habilidades de comunicaci\u00f3n, organizaci\u00f3n, soluci\u00f3n de problemas, as\u00ed como conocimiento avanzado de Excel. Si quieres ser parte de una gran agencia de publicidad donde contamos con grandes beneficios c\u00f3mo horarios flexibles, programas de reconocimiento al buen desempe\u00f1o. Esperamos contar con tu gran talento.                    Hola en Cheil Colombia estamos en b\u00fasqueda de un profesional en publicidad o administraci\u00f3n de empresas con experiencia m\u00ednima de 3 a\u00f1os de experiencia desempe\u00f1ando cargos relacionados a la posici\u00f3n de Digital Project Manager preferiblemente en agencias de publicidad. Las principales funciones a desempe\u00f1ar: planificaci\u00f3n, seguimiento y monitoreo de proyectos, garantizando la calidad de los resultados, manejo de presupuestos y elaboraci\u00f3n de informes. Buscamos una persona con habilidades de comunicaci\u00f3n, organizaci\u00f3n, soluci\u00f3n de problemas, as\u00ed como conocimiento avanzado de Excel. Si quieres ser parte de una gran agencia de publicidad donde contamos con grandes beneficios c\u00f3mo horarios flexibles, programas de reconocimiento al buen desempe\u00f1o. Esperamos contar con tu gran talento.                            Profesional                            Universitaria            Publicidad y mercadeoAdministraci\u00f3n de empresas3 a\u00f1os de experiencia                1                Vacante            Competencias para la vacante                                            Digital preject manager", "tipo_contrato": "Contrato Definido", "nivel_educativo": "Universitaria", "categoria": "Profesional", "sector": "Otros (Publicidad y mercadeo)", "experiencia": "3 a\u00f1os de experiencia", "id_empleo": "1884572165", "competencias": "Digital preject manager"}