{"url_empleo": "https://www.elempleo.com/co/ofertas-trabajo/conductor-bus-escolar/1884668566", "fecha_recuperacion": "2021-03-01-22-06", "titulo_oferta": "Conductor bus escolar", "salario": "Salario a convenir", "ciudad": "Bogot\u00e1", "fecha_publicacion": "Publicado 24 Feb 2021", "area": "Distribuci\u00f3n o log\u00edstica de Tran...", "num_vacantes": "1 Vacante", "profesion": "Bachillerato Acad\u00e9mico", "descripcion_general": "Descripci\u00f3n general                Colegio del Norte de Bogot\u00e1, necesita CONDUCTORES, con pase categor\u00eda C2 y gran experticia en la conducci\u00f3n de veh\u00edculos grandes; para realizar rutas de estudiantes. Interesados enviar hoja de vida a **********************@*****.**            Colegio del Norte de Bogot\u00e1, necesita CONDUCTORES, con pase categor\u00eda C2 y gran experticia en la conducci\u00f3n de veh\u00edculos grandes; para realizar rutas de estudiantes. Interesados enviar hoja de vida a **********************@*****.**                Auxiliar, asistencial y otros                            Media (10\u00b0 - 13\u00b0)            Bachillerato Acad\u00e9mico3 a\u00f1os de experiencia                1                Vacante            Competencias para la vacante                                            conductor                                                                                    conductores                                                                                    operador de bus                                                                                    operario de veh\u00edculos pesados", "tipo_contrato": "Contrato Definido", "nivel_educativo": "Media (10\u00b0 - 13\u00b0)", "categoria": "Auxiliar, asistencial y otros", "sector": "Educaci\u00f3n, cultura y turismo", "experiencia": "3 a\u00f1os de experiencia", "id_empleo": "1884668566", "competencias": "conductor,conductores,operador de bus,operario de veh\u00edculos pesados"}