{"url_empleo": "https://www.elempleo.com/co/ofertas-trabajo/tech-lead-net/1884572764", "fecha_recuperacion": "2021-03-01-22-06", "titulo_oferta": "Tech lead .net", "salario": "$6 a $8 millones", "ciudad": "Medell\u00edn", "fecha_publicacion": "Publicado 25 Feb 2021", "area": "Sistemas y Tecnolog\u00eda", "num_vacantes": "1 Vacante", "profesion": "Ingenier\u00eda de sistemas  Computaci\u00f3n", "descripcion_general": "Descripci\u00f3n general                Description:We are looking for a technical leader in .NET. Should be able to lead developers, create and build good relationships between the different roles inside the team and solve questions to other developers. Required Skills:  C1 English level for reading and writing.NETResponsible for the technical evolution of the team, focused on technical excellence and identifying critical success factors to solve the need of the business.Definition of technical guidelines of the projects.Definition of technical indicators of the project.Identification of technical risks of projects.Technically lead the development teams where you are assigned.Definition of technological strategy of projects.   Details: Level of education required: ProfessionalTitles in the areas of: Systems engineering or relatedProfessional Card: NoRequired certifications: NoTime of experience in activities related to the vacancy: 5 to 6 years in general and at least 2 or 3 as leaderCity of the vacancy: Medellin or Remote in ColombiaHours per week to work: 45Availability 7x24: NoDate on which work is required to begin: As soon as possibleSalary range of the vacancy: $7\u2019000.000 up to $7\u2019750.000 COP monthlyType of expected contract: IndefiniteRequires fluent English: Only Reading and writing C1 Requires US VISA: No                    Description:We are looking for a technical leader in .NET. Should be able to lead developers, create and build good relationships between the different roles inside the team and solve questions to other developers. Required Skills:  C1 English level for reading and writing.NETResponsible for the technical evolution of the team, focused on technical excellence and identifying critical success factors to solve the need of the business.Definition of technical guidelines of the projects.Definition of technical indicators of the project.Identification of technical risks of projects.Technically lead the development teams where you are assigned.Definition of technological strategy of projects.   Details: Level of education required: ProfessionalTitles in the areas of: Systems engineering or relatedProfessional Card: NoRequired certifications: NoTime of experience in activities related to the vacancy: 5 to 6 years in general and at least 2 or 3 as leaderCity of the vacancy: Medellin or Remote in ColombiaHours per week to work: 45Availability 7x24: NoDate on which work is required to begin: As soon as possibleSalary range of the vacancy: $7\u2019000.000 up to $7\u2019750.000 COP monthlyType of expected contract: IndefiniteRequires fluent English: Only Reading and writing C1 Requires US VISA: No                            Profesional Senior                            Universitaria            Ingenier\u00eda de sistemas  Computaci\u00f3n5 a\u00f1os de experiencia                1                Vacante            Competencias para la vacante                                            .NET                                                                                    Developer                                                                                    Leader                                                                                    Lider                                                                                    Project", "tipo_contrato": "Contrato Indefinido", "nivel_educativo": "Universitaria", "categoria": "Profesional Senior", "sector": "Inform\u00e1ticos", "experiencia": "5 a\u00f1os de experiencia", "id_empleo": "1884572764", "competencias": ".NET,Developer,Leader,Lider,Project"}