{"url_empleo": "https://www.elempleo.com/co/ofertas-trabajo/asistente-de-compras-para-barranquilla/1884573534", "fecha_recuperacion": "2021-03-01-22-02", "titulo_oferta": "Asistente de compras para barranquilla.", "salario": "$1,5 a $2 millones", "ciudad": "Barranquilla", "fecha_publicacion": "Publicado 28 Feb 2021", "area": "Compras e Inventarios", "num_vacantes": "1 Vacante", "profesion": "Tecnolog\u00eda en Gesti\u00f3n Administra...", "descripcion_general": "Descripci\u00f3n general                Se requiere ASISTENTE DE COMPRAS PARA LA CIUDAD DE BARRANQUILLA, con estudios t\u00e9cnicos en administraci\u00f3n y carreras a fines. Con experiencia de un a\u00f1o en cargos similares, realizando funciones como atender las peticiones de insumo y productos de la empresa.Salario a convenir.Disponibilidad inmediata.                    Se requiere ASISTENTE DE COMPRAS PARA LA CIUDAD DE BARRANQUILLA, con estudios t\u00e9cnicos en administraci\u00f3n y carreras a fines. Con experiencia de un a\u00f1o en cargos similares, realizando funciones como atender las peticiones de insumo y productos de la empresa.Salario a convenir.Disponibilidad inmediata.                            Auxiliar, asistencial y otros                            Formaci\u00f3n Tec profesional            Tecnolog\u00eda en Gesti\u00f3n Administrativa1 a\u00f1o de experiencia                1                Vacante            Competencias para la vacante                                            Tecnico administrativo                                                                                    Compras                                                                                    Barranquilla", "tipo_contrato": "Contrato Por obra o labor", "nivel_educativo": "Formaci\u00f3n Tec profesional", "categoria": "Auxiliar, asistencial y otros", "sector": "Manufacturas varias", "experiencia": "1 a\u00f1o de experiencia", "id_empleo": "1884573534", "competencias": "Tecnico administrativo,Compras,Barranquilla"}