{"url_empleo": "https://www.elempleo.com/co/ofertas-trabajo/tecnico-de-equipos-de-refrigeracion/1884628842", "fecha_recuperacion": "2021-03-01-22-15", "titulo_oferta": "T\u00e9cnico de equipos de refrigeraci\u00f3n", "salario": "$1 a $1,5 millones", "ciudad": "Bogot\u00e1", "fecha_publicacion": "Publicado 18 Feb 2021", "area": "Construcci\u00f3n y Obra", "num_vacantes": "1 Vacante", "profesion": "Ingenier\u00eda el\u00e9ctrica", "descripcion_general": "Descripci\u00f3n general                Importante empresa del sector de alimentos requiere para su equipo de trabajo T\u00e9cnico de mantenimiento de maquinaria y equipos de refrigeraci\u00f3n en la ciudad de Medell\u00edn. Escolaridad Formaci\u00f3n t\u00e9cnica o tecnol\u00f3gica en mantenimiento el\u00e9ctrico \u00f3 industrial o preferiblemente en sistema de refrigeraci\u00f3n.                    Importante empresa del sector de alimentos requiere para su equipo de trabajo T\u00e9cnico de mantenimiento de maquinaria y equipos de refrigeraci\u00f3n en la ciudad de Medell\u00edn. Escolaridad Formaci\u00f3n t\u00e9cnica o tecnol\u00f3gica en mantenimiento el\u00e9ctrico \u00f3 industrial o preferiblemente en sistema de refrigeraci\u00f3n.                            Auxiliar, asistencial y otros                            T\u00e9cnico Laboral            Ingenier\u00eda el\u00e9ctricaBachillerato T\u00e9cnicoTecnolog\u00eda En Operaci\u00f3n Y Mantenimiento Electromec\u00e1nicoTecnolog\u00eda En Producci\u00f3n Industrial2 a\u00f1os de experiencia                1                Vacante            Competencias para la vacante                                            tecnico                                                                                    refrigeracion                                                                                    electrico                                                                                    cavas                                                                                    neveras                                                                                    aire acondicionado", "tipo_contrato": "Contrato Indefinido", "nivel_educativo": "T\u00e9cnico Laboral", "categoria": "Auxiliar, asistencial y otros", "sector": "Alimentos / Bebidas", "experiencia": "2 a\u00f1os de experiencia", "id_empleo": "1884628842", "competencias": "tecnico,refrigeracion,electrico,cavas,neveras,aire acondicionado"}