{"url_empleo": "https://www.elempleo.com/co/ofertas-trabajo/coordinador-de-impuestos/1884667026", "fecha_recuperacion": "2021-03-01-22-15", "titulo_oferta": "Coordinador de impuestos", "salario": "$4,5 a $5,5 millones", "ciudad": "Cartagena", "fecha_publicacion": "Publicado 18 Feb 2021", "area": "Contabilidad: cartera y costos", "num_vacantes": "1 Vacante", "profesion": "Contadur\u00eda", "descripcion_general": "Descripci\u00f3n general                Importante empresa del sector Industrial de la ciudad de Cartagena solicita Coordinador de Impuestos con disponibilidad inmediata. Experiencia Laboral: 3 a\u00f1os en el cargo. Formaci\u00f3n Acad\u00e9mica: Profesional en Contadur\u00eda P\u00fablica- Especialista en Impuestos. Conocimientos aplicados: Dominio de Excel nivel Avanzado, Manejo de SAP, Liquidaci\u00f3n, presentaci\u00f3n y pago de bases gravables de impuestos, c\u00e1lculo y control de las tasas efectivas de tributaci\u00f3n , Normas Internacionales NIIF Plenas Grupo 1,  Impuestos ICA, IVA, Retenci\u00f3n en la Fuente, Industria y Comercio, Informaci\u00f3n ex\u00f3gena nacional y municipales, Conciliaci\u00f3n fiscal formato 2516. Competencias: Manejo de personal,                    Importante empresa del sector Industrial de la ciudad de Cartagena solicita Coordinador de Impuestos con disponibilidad inmediata. Experiencia Laboral: 3 a\u00f1os en el cargo. Formaci\u00f3n Acad\u00e9mica: Profesional en Contadur\u00eda P\u00fablica- Especialista en Impuestos. Conocimientos aplicados: Dominio de Excel nivel Avanzado, Manejo de SAP, Liquidaci\u00f3n, presentaci\u00f3n y pago de bases gravables de impuestos, c\u00e1lculo y control de las tasas efectivas de tributaci\u00f3n , Normas Internacionales NIIF Plenas Grupo 1,  Impuestos ICA, IVA, Retenci\u00f3n en la Fuente, Industria y Comercio, Informaci\u00f3n ex\u00f3gena nacional y municipales, Conciliaci\u00f3n fiscal formato 2516. Competencias: Manejo de personal,                            Profesional                            Especializaci\u00f3n            Contadur\u00eda5 a\u00f1os de experiencia                1                Vacante            Competencias para la vacante                                            impuestos", "tipo_contrato": "Contrato Indefinido", "nivel_educativo": "Especializaci\u00f3n", "categoria": "Profesional", "sector": "Otros", "experiencia": "5 a\u00f1os de experiencia", "id_empleo": "1884667026", "competencias": "impuestos"}