{"url_empleo": "https://www.elempleo.com/co/ofertas-trabajo/profesional-de-contenidos/1884670567", "fecha_recuperacion": "2021-03-01-22-15", "titulo_oferta": "Profesional de contenidos", "salario": "Salario a convenir", "ciudad": "Medell\u00edn", "fecha_publicacion": "Publicado 18 Feb 2021", "area": "Proyectos (an\u00e1lisis, desarrollo,...", "num_vacantes": "1 Vacante", "profesion": "Artes pl\u00e1sticas", "descripcion_general": "Descripci\u00f3n general                Buscamos profesionales en artes, dise\u00f1o, electr\u00f3nica, rob\u00f3tica, mecatr\u00f3nica, ingenier\u00eda y \u00e1reas afines, para proponer, dise\u00f1ar y desarrollar productos relacionados con contenidos, programaci\u00f3n y gesti\u00f3n cultural (talleres, actividades, cursos, entre otros), teniendo en cuenta los lineamientos para la apropiaci\u00f3n social de la ciencia y la tecnolog\u00eda en espacios creativos.                    Buscamos profesionales en artes, dise\u00f1o, electr\u00f3nica, rob\u00f3tica, mecatr\u00f3nica, ingenier\u00eda y \u00e1reas afines, para proponer, dise\u00f1ar y desarrollar productos relacionados con contenidos, programaci\u00f3n y gesti\u00f3n cultural (talleres, actividades, cursos, entre otros), teniendo en cuenta los lineamientos para la apropiaci\u00f3n social de la ciencia y la tecnolog\u00eda en espacios creativos.                            Profesional                            Universitaria            Artes pl\u00e1sticasIngenier\u00eda electr\u00f3nicaIngenier\u00eda mecatr\u00f3nicaIngenier\u00eda de dise\u00f1o de producto2 a\u00f1os de experiencia                1                Vacante            Competencias para la vacante                                            rob\u00f3tica                                                                                    prototipado", "tipo_contrato": "Contrato Definido", "nivel_educativo": "Universitaria", "categoria": "Profesional", "sector": "Otros servicios", "experiencia": "2 a\u00f1os de experiencia", "id_empleo": "1884670567", "competencias": "rob\u00f3tica,prototipado"}