{"url_empleo": "https://www.elempleo.com/co/ofertas-trabajo/ingeniero-laboratoriosubsuelowl/1884666105", "fecha_recuperacion": "2021-03-01-22-16", "titulo_oferta": "Ingeniero laboratorio-subsuelo-wl", "salario": "Salario a convenir", "ciudad": "Villavicencio", "fecha_publicacion": "Publicado 17 Feb 2021", "area": "Operaciones y Procesos", "num_vacantes": "1 Vacante", "profesion": "Ingenier\u00eda electr\u00f3nica", "descripcion_general": "Descripci\u00f3n general                Se requiere Ingeniero Laboratorio-Proyectos Subsuelo, UBICACI\u00d3N: Departamento del MetaNivel educativo: Ingeniero Electr\u00f3nico, Mecatr\u00f3nica o telecomunicaciones. Conocimientos Espec\u00edficos / Habilidades:?\tDeseable manejo de software warrior.?\tDeseable manejo del idioma ingl\u00e9s. ?\tManejo de Office \u2013 Excel.?\tInstrumentaci\u00f3n electr\u00f3nica. ?\tInterpretaci\u00f3n de planos electr\u00f3nicos. ?\tConocimientos de soldadura en circuitos impresos.  Experiencia laboral: M\u00ednimo dos (2) a\u00f1os de experiencia en mantenimiento electr\u00f3nico, deseable experiencia en mantenimiento de herramientas de registros el\u00e9ctricos. Conocimiento del Negocio: Pol\u00edticas y lineamientos del sector petrolero en salud, seguridad y medio ambiente.Indispensable en la industria de O\u00edl & Gas, energ\u00eda, miner\u00eda e industria.                    Se requiere Ingeniero Laboratorio-Proyectos Subsuelo, UBICACI\u00d3N: Departamento del MetaNivel educativo: Ingeniero Electr\u00f3nico, Mecatr\u00f3nica o telecomunicaciones. Conocimientos Espec\u00edficos / Habilidades:?\tDeseable manejo de software warrior.?\tDeseable manejo del idioma ingl\u00e9s. ?\tManejo de Office \u2013 Excel.?\tInstrumentaci\u00f3n electr\u00f3nica. ?\tInterpretaci\u00f3n de planos electr\u00f3nicos. ?\tConocimientos de soldadura en circuitos impresos.  Experiencia laboral: M\u00ednimo dos (2) a\u00f1os de experiencia en mantenimiento electr\u00f3nico, deseable experiencia en mantenimiento de herramientas de registros el\u00e9ctricos. Conocimiento del Negocio: Pol\u00edticas y lineamientos del sector petrolero en salud, seguridad y medio ambiente.Indispensable en la industria de O\u00edl & Gas, energ\u00eda, miner\u00eda e industria.                            Profesional                            Universitaria            Ingenier\u00eda electr\u00f3nicaIngenier\u00eda mecatr\u00f3nica2 a\u00f1os de experiencia                1                Vacante            Competencias para la vacante                                            Wire line                                                                                    Subsuelo                                                                                    Electric Line                                                                                    Slick Line                                                                                    Registros electricos                                                                                    Mantenimiento electronico", "tipo_contrato": "Contrato Definido", "nivel_educativo": "Universitaria", "categoria": "Profesional", "sector": "Servicios petroleros", "experiencia": "2 a\u00f1os de experiencia", "id_empleo": "1884666105", "competencias": "Wire line,,Subsuelo,Electric Line,Slick Line,Registros electricos,Mantenimiento electronico"}