{"url_empleo": "https://www.elempleo.com/co/ofertas-trabajo/contador/1884665488", "fecha_recuperacion": "2021-03-01-22-15", "titulo_oferta": "Contador", "salario": "$3 a $3,5 millones", "ciudad": "Bogot\u00e1", "fecha_publicacion": "Publicado 18 Feb 2021", "area": "Construcci\u00f3n y Obra", "num_vacantes": "1 Vacante", "profesion": "Contadur\u00eda", "descripcion_general": "Descripci\u00f3n general                Empresa del sector construcci\u00f3n de obras civiles y fabricaci\u00f3n de estructuras met\u00e1licas requiere Contador con 4 a\u00f1os de experiencia general en el sector construcci\u00f3n. Horario de lunes a viernes de 7 am a 5 pm.                    Empresa del sector construcci\u00f3n de obras civiles y fabricaci\u00f3n de estructuras met\u00e1licas requiere Contador con 4 a\u00f1os de experiencia general en el sector construcci\u00f3n. Horario de lunes a viernes de 7 am a 5 pm.                            Profesional                            Universitaria            Contadur\u00eda4 a\u00f1os de experiencia                1                Vacante            Competencias para la vacante                                            CONTADOR", "tipo_contrato": "", "nivel_educativo": "Universitaria", "categoria": "Profesional", "sector": "Construcci\u00f3n", "experiencia": "4 a\u00f1os de experiencia", "id_empleo": "1884665488", "competencias": "CONTADOR"}