{"url_empleo": "https://www.elempleo.com/co/ofertas-trabajo/tecnico-mecanico-en-cacipay-granja-la-uchuta/1884642499", "fecha_recuperacion": "2021-03-01-22-17", "titulo_oferta": "Tecnico mecanico en cacipay - granja la uchuta", "salario": "$1 a $1,5 millones", "ciudad": "Bogot\u00e1", "fecha_publicacion": "Publicado 17 Feb 2021", "area": "Mantenimiento", "num_vacantes": "1 Vacante", "profesion": "Tecn Mec\u00e1nico", "descripcion_general": "Descripci\u00f3n general                Ejecutar y desarrollar labores de mantenimiento en todas las \u00e1reas de la granja y desarrollar el mantenimiento correctivo y preventivo de todos los equipos e instalaciones de la granja Tecnico o Tecn\u00f3logo en Mantenimiento o electromec\u00e1nico Experiencia preferiblemente en Avicolas * Se requiere unicamente personas que vivan en Cachipay, anolaima o que tenga total disponibilidad para radicarse en este sector (Debe tener vehiculo propio)                    Ejecutar y desarrollar labores de mantenimiento en todas las \u00e1reas de la granja y desarrollar el mantenimiento correctivo y preventivo de todos los equipos e instalaciones de la granja Tecnico o Tecn\u00f3logo en Mantenimiento o electromec\u00e1nico Experiencia preferiblemente en Avicolas * Se requiere unicamente personas que vivan en Cachipay, anolaima o que tenga total disponibilidad para radicarse en este sector (Debe tener vehiculo propio)                            Auxiliar, asistencial y otros                            Tecnol\u00f3gica            Tecn Mec\u00e1nico3 a\u00f1os de experiencia                1                Vacante            Competencias para la vacante                                            avicola", "tipo_contrato": "Contrato Definido", "nivel_educativo": "Tecnol\u00f3gica", "categoria": "Auxiliar, asistencial y otros", "sector": "Av\u00edcola", "experiencia": "3 a\u00f1os de experiencia", "id_empleo": "1884642499", "competencias": "avicola"}