{"url_empleo": "https://www.elempleo.com/co/ofertas-trabajo/docente-/1884646876", "fecha_recuperacion": "2021-03-01-22-15", "titulo_oferta": "Docente -14", "salario": "Salario a convenir", "ciudad": "Bucaramanga", "fecha_publicacion": "Publicado 18 Feb 2021", "area": "Docencia", "num_vacantes": "1 Vacante", "profesion": "Fonoaudiolog\u00eda", "descripcion_general": "Descripci\u00f3n general                Importante Instituci\u00f3n de Educaci\u00f3n Superior busca para su banco de hojas de vida para completar su planta docente para el a\u00f1o 2021 en la ciudad de Bucaramanga.Fonoaudi\u00f3logo docente de pr\u00e1ctica (Nivel Pr\u00e1ctica integral). Medio Tiempo. Especialista en Terapia Miofuncional y Disfagia/Especialista en Disfagia Orofar\u00edngea o Especialista en Rehabilitaci\u00f3n de la Discapacidad de la Comunicaci\u00f3n Infantil, en Administraci\u00f3n o Rehabilitaci\u00f3n en Salud .Magister en Neurociencias, Neurorehabilitaci\u00f3n, Discapacidad, u otras \u00e1reas en salud como  Gesti\u00f3n, Administraci\u00f3n en Salud.Experiencia Laboral en intervenci\u00f3n Cl\u00ednica y hospitalaria  en el \u00e1rea de miofuncional, disfagia, lenguaje, voz y comunicaci\u00f3n  con m\u00ednimo 3 a\u00f1os y experiencia acad\u00e9mica de dos (2) a\u00f1os.                    Importante Instituci\u00f3n de Educaci\u00f3n Superior busca para su banco de hojas de vida para completar su planta docente para el a\u00f1o 2021 en la ciudad de Bucaramanga.Fonoaudi\u00f3logo docente de pr\u00e1ctica (Nivel Pr\u00e1ctica integral). Medio Tiempo. Especialista en Terapia Miofuncional y Disfagia/Especialista en Disfagia Orofar\u00edngea o Especialista en Rehabilitaci\u00f3n de la Discapacidad de la Comunicaci\u00f3n Infantil, en Administraci\u00f3n o Rehabilitaci\u00f3n en Salud .Magister en Neurociencias, Neurorehabilitaci\u00f3n, Discapacidad, u otras \u00e1reas en salud como  Gesti\u00f3n, Administraci\u00f3n en Salud.Experiencia Laboral en intervenci\u00f3n Cl\u00ednica y hospitalaria  en el \u00e1rea de miofuncional, disfagia, lenguaje, voz y comunicaci\u00f3n  con m\u00ednimo 3 a\u00f1os y experiencia acad\u00e9mica de dos (2) a\u00f1os.                            Profesional                            Especializaci\u00f3n            Fonoaudiolog\u00edaDocente2 a\u00f1os de experiencia                1                Vacante            Competencias para la vacante                                            docente                                                                                    fonoaudiologas                                                                                    fonoaudiologos                                                                                    bucaramanga", "tipo_contrato": "", "nivel_educativo": "Especializaci\u00f3n", "categoria": "Profesional", "sector": "Universidades", "experiencia": "2 a\u00f1os de experiencia", "id_empleo": "1884646876", "competencias": "docente,fonoaudiologas,fonoaudiologos,bucaramanga"}