{"url_empleo": "https://www.elempleo.com/co/ofertas-trabajo/asesor-operativo-caucasia-antioquia/1884656413", "fecha_recuperacion": "2021-03-01-22-12", "titulo_oferta": "Asesor operativo caucasia antioquia", "salario": "$1,5 a $2 millones", "ciudad": "Medell\u00edn", "fecha_publicacion": "Publicado 20 Feb 2021", "area": "Administrativa y Financiera", "num_vacantes": "1 Vacante", "profesion": "Comercio internacional", "descripcion_general": "Descripci\u00f3n general                CFA Cooperativa Financiera, requiere para su equipo de trabajo tecnologo o profesional (graduado) en  Administraci\u00f3n de empresas, mercadeo y ventas, contabilidad, o afines, con experiencia m\u00ednima de un a\u00f1o en control de caja (arqueos, aumento, disminuci\u00f3n, control dual,etc), asesor\u00eda comercial y manejo administrativo (en entidades financieras o bancarias). Horario: Lunes a S\u00e1bado. Salario: $1.900.000 + beneficios extralegales. Contrato a termino indefinido. Debe vivir en la zona.                    CFA Cooperativa Financiera, requiere para su equipo de trabajo tecnologo o profesional (graduado) en  Administraci\u00f3n de empresas, mercadeo y ventas, contabilidad, o afines, con experiencia m\u00ednima de un a\u00f1o en control de caja (arqueos, aumento, disminuci\u00f3n, control dual,etc), asesor\u00eda comercial y manejo administrativo (en entidades financieras o bancarias). Horario: Lunes a S\u00e1bado. Salario: $1.900.000 + beneficios extralegales. Contrato a termino indefinido. Debe vivir en la zona.                            Auxiliar, asistencial y otros                            Tecnol\u00f3gica            Comercio internacionalContadur\u00edaAdministraci\u00f3n de empresasTecnolog\u00eda en Gesti\u00f3n Administrativa1 a\u00f1o de experiencia                1                Vacante            Competencias para la vacante                                            asesor comercial                                                                                    cajero", "tipo_contrato": "Contrato Indefinido", "nivel_educativo": "Tecnol\u00f3gica", "categoria": "Auxiliar, asistencial y otros", "sector": "Cooperativas", "experiencia": "1 a\u00f1o de experiencia", "id_empleo": "1884656413", "competencias": "asesor comercial,cajero"}