{"url_empleo": "https://www.elempleo.com/co/ofertas-trabajo/instrumentador-quirurgico/1884660855", "fecha_recuperacion": "2021-03-01-22-10", "titulo_oferta": "Instrumentador quir\u00fargico", "salario": "$2 a $2,5 millones", "ciudad": "Bogot\u00e1", "fecha_publicacion": "Publicado 22 Feb 2021", "area": "Salud", "num_vacantes": "1 Vacante", "profesion": "Otra", "descripcion_general": "Descripci\u00f3n general                Compensar requiere para su equipo de trabajo profesional en instrumentaci\u00f3n Quir\u00fargica con m\u00ednimo 1 a\u00f1o de experiencia en salas de cirug\u00eda, con el objetivo de brindar una atenci\u00f3n segura al paciente dentro y fuera del quir\u00f3fano, mediante la aplicaci\u00f3n de conocimientos cient\u00edficos y t\u00e9cnicos, garantizando la confiabilidad y disponibilidad del servicio. Disponibilidad para rotar por diferentes sedes.                    Compensar requiere para su equipo de trabajo profesional en instrumentaci\u00f3n Quir\u00fargica con m\u00ednimo 1 a\u00f1o de experiencia en salas de cirug\u00eda, con el objetivo de brindar una atenci\u00f3n segura al paciente dentro y fuera del quir\u00f3fano, mediante la aplicaci\u00f3n de conocimientos cient\u00edficos y t\u00e9cnicos, garantizando la confiabilidad y disponibilidad del servicio. Disponibilidad para rotar por diferentes sedes.                            Profesional                            Universitaria            Otra2 a\u00f1os de experiencia                1                Vacante            Competencias para la vacante                                            INSTRUMENTACION QUIRURGICA", "tipo_contrato": "", "nivel_educativo": "Universitaria", "categoria": "Profesional", "sector": "Salud, trabajo y seguridad social", "experiencia": "2 a\u00f1os de experiencia", "id_empleo": "1884660855", "competencias": "INSTRUMENTACION QUIRURGICA"}