{"url_empleo": "https://www.elempleo.com/co/ofertas-trabajo/gerente-de-cuenta-comex-cali/1884642120", "fecha_recuperacion": "2021-03-01-22-03", "titulo_oferta": "Gerente de cuenta comex - cali", "salario": "$3 a $3,5 millones", "ciudad": "Bogot\u00e1", "fecha_publicacion": "Publicado 26 Feb 2021", "area": "Administrativa y Financiera", "num_vacantes": "1 Vacante", "profesion": "Finanzas Relaciones internaciona...", "descripcion_general": "Descripci\u00f3n general                Si eres Cercano, apasionado, Innovador, Positivo y sabio\u2026 Esta es la oportunidad del \u00a1Siempre se Puede!: En Banco Popular nos encontramos en la B\u00fasqueda de Talentos Populares para ocupar el cargo de Gerente de Cuenta Comex Suroccidental. Lo que necesitas para ser un Talento Popular: Profesional en carreras Administrativas, Econ\u00f3micas y Financieras o afines. Experiencia m\u00ednima de dos (2) a\u00f1os de experiencia en el sector financiero, con conocimiento en normas bancarias.. Las funciones a realizar son dise\u00f1ar, planear e implementar iniciativas atractivas y novedosas orientadas a la mejora de la oferta de valor de los productos Comex, teniendo en cuenta las necesidades de los clientes correspondientes a su segmento, para aportar al cierre de negocios,  y  comisiones, para dar cumplimiento a los objetivos estrat\u00e9gicos del Banco. Es importante que tengas conocimiento canales del sector, normativa fiinanciera y cambiaria,  tecnolog\u00eda financiera, manejo rentabilidades. y conocimiento del r\u00e9gimen cambiario. Horario de oficina de lunes a viernes. Beneficios del banco como: primas extralegales, auxilio de alimentaci\u00f3n, auxilio de transporte, prima de vacaciones, entre otros ben\u00e9ficos. Contrato a t\u00e9rmino indefinido.  Te esperamos\u2026 \u00a1Juntos Lograremos ser el Banco principal de nuestros clientes!                    Si eres Cercano, apasionado, Innovador, Positivo y sabio\u2026 Esta es la oportunidad del \u00a1Siempre se Puede!: En Banco Popular nos encontramos en la B\u00fasqueda de Talentos Populares para ocupar el cargo de Gerente de Cuenta Comex Suroccidental. Lo que necesitas para ser un Talento Popular: Profesional en carreras Administrativas, Econ\u00f3micas y Financieras o afines. Experiencia m\u00ednima de dos (2) a\u00f1os de experiencia en el sector financiero, con conocimiento en normas bancarias.. Las funciones a realizar son dise\u00f1ar, planear e implementar iniciativas atractivas y novedosas orientadas a la mejora de la oferta de valor de los productos Comex, teniendo en cuenta las necesidades de los clientes correspondientes a su segmento, para aportar al cierre de negocios,  y  comisiones, para dar cumplimiento a los objetivos estrat\u00e9gicos del Banco. Es importante que tengas conocimiento canales del sector, normativa fiinanciera y cambiaria,  tecnolog\u00eda financiera, manejo rentabilidades. y conocimiento del r\u00e9gimen cambiario. Horario de oficina de lunes a viernes. Beneficios del banco como: primas extralegales, auxilio de alimentaci\u00f3n, auxilio de transporte, prima de vacaciones, entre otros ben\u00e9ficos. Contrato a t\u00e9rmino indefinido.  Te esperamos\u2026 \u00a1Juntos Lograremos ser el Banco principal de nuestros clientes!                            Gerente                            Universitaria            Finanzas Relaciones internacionales y gobiernoIngenier\u00eda industrialAdministraci\u00f3n financieraAdministraci\u00f3n Comercial Y De Mercadeo2 a\u00f1os de experiencia                1                Vacante            Competencias para la vacante                                            Gerente                                                                                    comercial                                                                                    comerciales                                                                                    finanzas", "tipo_contrato": "Contrato Indefinido", "nivel_educativo": "Universitaria", "categoria": "Gerente", "sector": "Banca", "experiencia": "2 a\u00f1os de experiencia", "id_empleo": "1884642120", "competencias": "Gerente,comercial,comerciales,finanzas"}