{"url_empleo": "https://www.elempleo.com/co/ofertas-trabajo/desarrollador-de-java/1884506473", "fecha_recuperacion": "2021-03-01-22-08", "titulo_oferta": "Desarrollador de java", "salario": "$3 a $3,5 millones", "ciudad": "Bogot\u00e1", "fecha_publicacion": "Publicado 23 Feb 2021", "area": "Sistemas y Tecnolog\u00eda", "num_vacantes": "1 Vacante", "profesion": "Ingenier\u00eda de sistemas  Computaci\u00f3n", "descripcion_general": "Descripci\u00f3n general                Profesional en sistemas y/o Sistemas de informaci\u00f3n y/ o con  conocimiento  en tecnolog\u00edas Web basadas en Java y Javascript , importante que haya trabajado o conozca   el lenguaje React Native.                    Profesional en sistemas y/o Sistemas de informaci\u00f3n y/ o con  conocimiento  en tecnolog\u00edas Web basadas en Java y Javascript , importante que haya trabajado o conozca   el lenguaje React Native.                            Profesional                            Formaci\u00f3n Tec profesional            Ingenier\u00eda de sistemas  Computaci\u00f3n2 a\u00f1os de experiencia                1                Vacante            Competencias para la vacante                                            React Native                                                                                    desarrollador", "tipo_contrato": "Contrato Indefinido", "nivel_educativo": "Formaci\u00f3n Tec profesional", "categoria": "Profesional", "sector": "Inform\u00e1ticos", "experiencia": "2 a\u00f1os de experiencia", "id_empleo": "1884506473", "competencias": "React Native,desarrollador"}