{"url_empleo": "https://www.elempleo.com/co/ofertas-trabajo/auditor-enferneroa/1884655579", "fecha_recuperacion": "2021-03-01-22-09", "titulo_oferta": "Auditor enfernero(a)", "salario": "Salario a convenir", "ciudad": "Bogot\u00e1", "fecha_publicacion": "Publicado 23 Feb 2021", "area": "Operaciones y Procesos", "num_vacantes": "1 Vacante", "profesion": "Enfermer\u00eda", "descripcion_general": "Descripci\u00f3n general                Importante empresa BPO requiere para su equipo de trabajo profresional en medicina o carreras afines para laborar como Auditor enfermero(a) aplicando sus conocimientos m\u00e9dicos en la auditoria de siniestros en los ramos de SOAT y AP para reconocer a las IPS los servicios prestados, desde el punto de vista m\u00e9dico, normativo y financiero, debe contar con experiencia m\u00ednima de 2 a\u00f1os en auditoria en salud o medica y conocimientos en:* Auditoria de cuentas m\u00e9dicas* Auditoria presencial* Auditoria en facturaci\u00f3n* Manuales tarifarios en salud                    Importante empresa BPO requiere para su equipo de trabajo profresional en medicina o carreras afines para laborar como Auditor enfermero(a) aplicando sus conocimientos m\u00e9dicos en la auditoria de siniestros en los ramos de SOAT y AP para reconocer a las IPS los servicios prestados, desde el punto de vista m\u00e9dico, normativo y financiero, debe contar con experiencia m\u00ednima de 2 a\u00f1os en auditoria en salud o medica y conocimientos en:* Auditoria de cuentas m\u00e9dicas* Auditoria presencial* Auditoria en facturaci\u00f3n* Manuales tarifarios en salud                            Profesional                            Universitaria            Enfermer\u00edaMedicinaEspecializaci\u00f3n En Administraci\u00f3n De Servicios De Salud2 a\u00f1os de experiencia                1                Vacante            Competencias para la vacante                                            soat                                                                                    auditoria cuentas medicas                                                                                    reclamaciones soat", "tipo_contrato": "Contrato Indefinido", "nivel_educativo": "Universitaria", "categoria": "Profesional", "sector": "Otros servicios", "experiencia": "2 a\u00f1os de experiencia", "id_empleo": "1884655579", "competencias": "soat,auditoria cuentas medicas,reclamaciones soat"}