{"url_empleo": "https://www.elempleo.com/co/ofertas-trabajo/cajera-bogota/1884635248", "fecha_recuperacion": "2021-03-01-22-10", "titulo_oferta": "Cajera bogota", "salario": "$1 a $1,5 millones", "ciudad": "Bogot\u00e1", "fecha_publicacion": "Publicado 22 Feb 2021", "area": "Ventas", "num_vacantes": "1 Vacante", "profesion": "T\u00e9cnico en Gesti\u00f3n Contable", "descripcion_general": "Descripci\u00f3n general                POR CRECIMIENTO SE APERTURA 10 VACANTES EN EL CARGO DE CAJERA EN LA CIUDAD DE BOGOTA PARA LABORAR EN  UNA PRESTIGIOSA Y  RECONOCIDA EMPRESA DE TELECOMUNICACIONES LLAMADA CLARO.REQUISITOS:1.\tEXPERIENCIA M\u00cdNIMO 2 A\u00d1OS EN EL AREA DE CAJAS2.\tESTUDIOS: TECNOLOGOO TEGNOLOGOS (CARRERAS COMERCIALES y/o CARRERAS A FINES)3.\t3. DISPONIBILIDAD TIEMPO COMPLETOCARACTER\u00cdSTICAS DEL CARGO: \u2022\tLUNES A SABADOS\u2022\tD\u00cdA DE DESCANSO ENTRE SEMANA Y 2 DOMINGOS AL MES NO SE TRABAJAN \u2022\tHORARIO ROTATIVO 8 HORAS\u2022\tSALARIO: 940.000+ PRESTACIONES DE LEY+COMISI\u00d3N+BONIFICACION   NO SOMOS UNA TEMPORAL, CONTRATACI\u00d3N INMEDIATA Y TERMINO INDEFINI                    POR CRECIMIENTO SE APERTURA 10 VACANTES EN EL CARGO DE CAJERA EN LA CIUDAD DE BOGOTA PARA LABORAR EN  UNA PRESTIGIOSA Y  RECONOCIDA EMPRESA DE TELECOMUNICACIONES LLAMADA CLARO.REQUISITOS:1.\tEXPERIENCIA M\u00cdNIMO 2 A\u00d1OS EN EL AREA DE CAJAS2.\tESTUDIOS: TECNOLOGOO TEGNOLOGOS (CARRERAS COMERCIALES y/o CARRERAS A FINES)3.\t3. DISPONIBILIDAD TIEMPO COMPLETOCARACTER\u00cdSTICAS DEL CARGO: \u2022\tLUNES A SABADOS\u2022\tD\u00cdA DE DESCANSO ENTRE SEMANA Y 2 DOMINGOS AL MES NO SE TRABAJAN \u2022\tHORARIO ROTATIVO 8 HORAS\u2022\tSALARIO: 940.000+ PRESTACIONES DE LEY+COMISI\u00d3N+BONIFICACION   NO SOMOS UNA TEMPORAL, CONTRATACI\u00d3N INMEDIATA Y TERMINO INDEFINI                            Auxiliar, asistencial y otros                            T\u00e9cnico Laboral            T\u00e9cnico en Gesti\u00f3n Contable2 a\u00f1os de experiencia                1                Vacante            Competencias para la vacante                                            CAJA                                                                                    DINERO                                                                                    bogota d.c.", "tipo_contrato": "Contrato Indefinido", "nivel_educativo": "T\u00e9cnico Laboral", "categoria": "Auxiliar, asistencial y otros", "sector": "Equipos de telecomunicaciones", "experiencia": "2 a\u00f1os de experiencia", "id_empleo": "1884635248", "competencias": "CAJA,DINERO,bogota d.c."}