{"url_empleo": "https://www.elempleo.com/co/ofertas-trabajo/coordinador-de-soporte-en-sitio-y-de-instalaciones-por-proyecto/1884630582", "fecha_recuperacion": "2021-03-01-22-17", "titulo_oferta": "Coordinador de soporte en sitio y de instalaciones por proyecto", "salario": "$2 a $2,5 millones", "ciudad": "Bogot\u00e1", "fecha_publicacion": "Publicado 17 Feb 2021", "area": "Sistemas y Tecnolog\u00eda", "num_vacantes": "1 Vacante", "profesion": "Ingenier\u00eda de sistemas  Computaci\u00f3n", "descripcion_general": "Descripci\u00f3n general                importante empresa de tecnologia requiere coordinador de instalaciones con dos a\u00f1os de experiencia en soporte tecnico salario $ 2500000 contrato por un proyecto corto debe haber tenido personal tecnico a cargo.                    importante empresa de tecnologia requiere coordinador de instalaciones con dos a\u00f1os de experiencia en soporte tecnico salario $ 2500000 contrato por un proyecto corto debe haber tenido personal tecnico a cargo.                            Profesional                            Universitaria            Ingenier\u00eda de sistemas  Computaci\u00f3n2 a\u00f1os de experiencia                1                Vacante            Competencias para la vacante                                            coordinador                                                                                    soporte tecnico", "tipo_contrato": "Contrato Por obra o labor", "nivel_educativo": "Universitaria", "categoria": "Profesional", "sector": "Servicios de telecomunicaciones", "experiencia": "2 a\u00f1os de experiencia", "id_empleo": "1884630582", "competencias": "coordinador,soporte tecnico"}