{"url_empleo": "https://www.elempleo.com/co/ofertas-trabajo/asesora-comercial/1884582390", "fecha_recuperacion": "2021-03-01-22-05", "titulo_oferta": "Asesora comercial", "salario": "$3,5 a $4 millones", "ciudad": "Bogot\u00e1", "fecha_publicacion": "Publicado 25 Feb 2021", "area": "Comercial, Ventas y Telemercadeo", "num_vacantes": "1 Vacante", "profesion": "Arquitectura", "descripcion_general": "Descripci\u00f3n general                Empresa con trayectoria de 29 a\u00f1os en el mercado de venta de materiales para la construcci\u00f3n, solicita para su equipo de trabajo Asesora Comercial . Experiencia m\u00ednima de 5 a\u00f1o en Ventas, con conocimiento en carreras de ingenier\u00eda o Arquitectura., persona extrovertida, con gusto en las ventas. salario de $3.000.000 a $ 4.000.000 pesos mas prestaciones sociales; contrataci\u00f3n directa con la empresa. Horario Laboral de Lunes a viernes de 7:30 a.m a 5:30 pm y  sabados de 8:00 a 1:00 pm.                    Empresa con trayectoria de 29 a\u00f1os en el mercado de venta de materiales para la construcci\u00f3n, solicita para su equipo de trabajo Asesora Comercial . Experiencia m\u00ednima de 5 a\u00f1o en Ventas, con conocimiento en carreras de ingenier\u00eda o Arquitectura., persona extrovertida, con gusto en las ventas. salario de $3.000.000 a $ 4.000.000 pesos mas prestaciones sociales; contrataci\u00f3n directa con la empresa. Horario Laboral de Lunes a viernes de 7:30 a.m a 5:30 pm y  sabados de 8:00 a 1:00 pm.                            Auxiliar, asistencial y otros                            Universitaria            Arquitectura1 a\u00f1o de experiencia                1                Vacante            Competencias para la vacante                                            Ventas                                                                                    asesora", "tipo_contrato": "", "nivel_educativo": "Universitaria", "categoria": "Auxiliar, asistencial y otros", "sector": "Distribuci\u00f3n de materiales de co...", "experiencia": "1 a\u00f1o de experiencia", "id_empleo": "1884582390", "competencias": "Ventas,asesora"}