{"url_empleo": "https://www.elempleo.com/co/ofertas-trabajo/docente-/1884645359", "fecha_recuperacion": "2021-03-01-22-14", "titulo_oferta": "Docente -10", "salario": "Salario a convenir", "ciudad": "Bogot\u00e1", "fecha_publicacion": "Publicado 18 Feb 2021", "area": "Docencia", "num_vacantes": "1 Vacante", "profesion": "Medicina", "descripcion_general": "Descripci\u00f3n general                Importante Instituci\u00f3n de Educaci\u00f3n Superior busca para su banco de hojas de vida para completar su planta docente para el a\u00f1o 2021 en las sedes de Bogot\u00e1 y Cundinamarca.  Medico. Docente  MT,   requerido para el programa de Especializaci\u00f3n en Seguridad y Salud en el trabajo, \u00e1rea de Medicina Laboral. Maestr\u00eda en Seguridad y Salud en el trabajo y/o Esp. Medicina Laboral. Experiencia en Medicina Laboral y Juntas de calificaci\u00f3n   (5 a\u00f1os) , experiencia docente (2a\u00f1os).                    Importante Instituci\u00f3n de Educaci\u00f3n Superior busca para su banco de hojas de vida para completar su planta docente para el a\u00f1o 2021 en las sedes de Bogot\u00e1 y Cundinamarca.  Medico. Docente  MT,   requerido para el programa de Especializaci\u00f3n en Seguridad y Salud en el trabajo, \u00e1rea de Medicina Laboral. Maestr\u00eda en Seguridad y Salud en el trabajo y/o Esp. Medicina Laboral. Experiencia en Medicina Laboral y Juntas de calificaci\u00f3n   (5 a\u00f1os) , experiencia docente (2a\u00f1os).                            Profesional                            Especializaci\u00f3n            MedicinaDocente2 a\u00f1os de experiencia                1                Vacante            Competencias para la vacante                                            Medico                                                                                    docente                                                                                    Especializaci\u00f3n en Seguridad y Salud en el trabajo", "tipo_contrato": "", "nivel_educativo": "Especializaci\u00f3n", "categoria": "Profesional", "sector": "Universidades", "experiencia": "2 a\u00f1os de experiencia", "id_empleo": "1884645359", "competencias": "Medico,docente,Especializaci\u00f3n en Seguridad y Salud en el trabajo"}