{"url_empleo": "https://www.elempleo.com/co/ofertas-trabajo/ejecutivo-recaudo-barranquilla/1884575213", "fecha_recuperacion": "2021-03-01-22-02", "titulo_oferta": "Ejecutivo recaudo- barranquilla", "salario": "$1 a $1,5 millones", "ciudad": "Barranquilla", "fecha_publicacion": "Publicado 1 Mar 2021", "area": "Administrativa y Financiera", "num_vacantes": "1 Vacante", "profesion": "Tecnolog\u00eda en Gesti\u00f3n Administra...", "descripcion_general": "Descripci\u00f3n general                Empresa multinacional, requiere Ejecutivo de Cuenta en la ciudad de Barranquilla. Buscamos una persona responsable, honesta y con disponibilidad de tiempo para trabajar, se requiere con m\u00ednimo un a\u00f1o de experiencias en las \u00e1reas de cartera, comercia y habilidades de atenci\u00f3n al cliente. Horarios de lunes a viernes de 7:00 AM  a 5:00 PM y los s\u00e1bados de 9:00AM a 12:00PM, se garantiza estabilidad laboral y proyecci\u00f3n dentro de la compa\u00f1\u00eda, contrato a t\u00e9rmino Fijo y todas las prestaciones de ley                    Empresa multinacional, requiere Ejecutivo de Cuenta en la ciudad de Barranquilla. Buscamos una persona responsable, honesta y con disponibilidad de tiempo para trabajar, se requiere con m\u00ednimo un a\u00f1o de experiencias en las \u00e1reas de cartera, comercia y habilidades de atenci\u00f3n al cliente. Horarios de lunes a viernes de 7:00 AM  a 5:00 PM y los s\u00e1bados de 9:00AM a 12:00PM, se garantiza estabilidad laboral y proyecci\u00f3n dentro de la compa\u00f1\u00eda, contrato a t\u00e9rmino Fijo y todas las prestaciones de ley                            Auxiliar, asistencial y otros                            T\u00e9cnico Laboral            Tecnolog\u00eda en Gesti\u00f3n AdministrativaMercadeo1 a\u00f1o de experiencia                1                Vacante            Competencias para la vacante                                            EJECUTIVO RECAUDO                                                                                    cartera", "tipo_contrato": "Contrato Definido", "nivel_educativo": "T\u00e9cnico Laboral", "categoria": "Auxiliar, asistencial y otros", "sector": "Impresi\u00f3n editorial", "experiencia": "1 a\u00f1o de experiencia", "id_empleo": "1884575213", "competencias": "EJECUTIVO RECAUDO,cartera"}