{"url_empleo": "https://www.elempleo.com/co/ofertas-trabajo/desarrollador-ios/1884524342", "fecha_recuperacion": "2021-03-01-22-08", "titulo_oferta": "Desarrollador ios", "salario": "$3 a $3,5 millones", "ciudad": "Bogot\u00e1", "fecha_publicacion": "Publicado 23 Feb 2021", "area": "Sistemas y Tecnolog\u00eda", "num_vacantes": "1 Vacante", "profesion": "Ingenier\u00eda de sistemas  Computaci\u00f3n", "descripcion_general": "Descripci\u00f3n general                Desarrollador nativo en iOS, con conocimientos en manejo de swift y objetive -c, coredata, manejo de alguna arquitectura MVVM, MVP , VIPER, manejo de push notifications, saber publicar una app,saber usar  Fundation, conocimiento de buenas practicas de desarrollo(\"SOLID\"), manejo de cocoapods.                    Desarrollador nativo en iOS, con conocimientos en manejo de swift y objetive -c, coredata, manejo de alguna arquitectura MVVM, MVP , VIPER, manejo de push notifications, saber publicar una app,saber usar  Fundation, conocimiento de buenas practicas de desarrollo(\"SOLID\"), manejo de cocoapods.                            Profesional Senior                            Universitaria            Ingenier\u00eda de sistemas  Computaci\u00f3n1 a\u00f1o de experiencia                1                Vacante            Competencias para la vacante                                            ingeniero", "tipo_contrato": "Contrato Indefinido", "nivel_educativo": "Universitaria", "categoria": "Profesional Senior", "sector": "Desarrollo y dise\u00f1o de p\u00e1ginas web", "experiencia": "1 a\u00f1o de experiencia", "id_empleo": "1884524342", "competencias": "ingeniero"}