{"url_empleo": "https://www.elempleo.com/co/ofertas-trabajo/analista-de-ciberseguridad/1884666872", "fecha_recuperacion": "2021-03-01-22-06", "titulo_oferta": "Analista de ciberseguridad", "salario": "$6 a $8 millones", "ciudad": "Medell\u00edn", "fecha_publicacion": "Publicado 25 Feb 2021", "area": "Sistemas y Tecnolog\u00eda", "num_vacantes": "1 Vacante", "profesion": "Ingenier\u00eda de sistemas  Computaci\u00f3n", "descripcion_general": "Descripci\u00f3n general                Descripci\u00f3n de la vacante: Buscamos profesionales en Ingenier\u00eda de sistemas o afines con 5 a\u00f1os de experiencia en la gesti\u00f3n e implementaci\u00f3n de proyectos de ciberseguridad, con conocimientos en el manejo de elementos en la nube AWS Actividades: Garantizar la seguridad de la informaci\u00f3n identificando los riesgos cibern\u00e9ticos que se pueda enfrentarDefinir las metodolog\u00edas en los equipos de trabajo para evolucionar la seguridad de los proyectos a medida que el producto creceDise\u00f1ar la arquitectura del producto que ayude a incrementar el nivel de detalle de los controles de seguridad cuando sea requerido para prevenir o mitigar riesgos de ciberseguridadModelar con las \u00e1reas involucradas las pruebas de seguridad necesarias para validar la correcta implementaci\u00f3n de los controles dise\u00f1ados en el marco de los proyectos de transformaci\u00f3n. Revisar y aceptar cuando se cumplen los requerimientos, los resultados de las pruebas de seguridad realizadas.Identificar los impactos en las \u00e1reas de seguridad a nivel corporativo de los proyectos para garantizar la continuidad de los controles de seguridad en el d\u00eda a d\u00eda y colocar en operaci\u00f3n los nuevos controles. Habilidades necesarias: 5 a\u00f1os de experiencia en gesti\u00f3n de proyectos de seguridad,Experiencia en gesti\u00f3n de riesgos de ciberseguridadConocimientos en Est\u00e1ndares de Seguridad Inform\u00e1tica (ISO/IEC 27001, 27002, 27005)Conocimientos en infraestructura en nube AWS  Detalles de la vacante: Nivel de escolaridad requerido: Profesional en Ingenier\u00eda de sistemas o afines.Tiempo de experiencia en actividades afines a la vacante:  5 a\u00f1osCiudad de la vacante: Medell\u00ednHoras por semana que debe trabajar: 48Disponibilidad 7x24: NoRango salarial de la vacante: $7\u2019000.000 a $8\u2019000.000 seg\u00fan conocimientos y experienciaTipo de contrato esperado: T\u00e9rmino indefinidoRequiere hablar ingl\u00e9s fluido: NoRequiere VISA de EEUU: No                    Descripci\u00f3n de la vacante: Buscamos profesionales en Ingenier\u00eda de sistemas o afines con 5 a\u00f1os de experiencia en la gesti\u00f3n e implementaci\u00f3n de proyectos de ciberseguridad, con conocimientos en el manejo de elementos en la nube AWS Actividades: Garantizar la seguridad de la informaci\u00f3n identificando los riesgos cibern\u00e9ticos que se pueda enfrentarDefinir las metodolog\u00edas en los equipos de trabajo para evolucionar la seguridad de los proyectos a medida que el producto creceDise\u00f1ar la arquitectura del producto que ayude a incrementar el nivel de detalle de los controles de seguridad cuando sea requerido para prevenir o mitigar riesgos de ciberseguridadModelar con las \u00e1reas involucradas las pruebas de seguridad necesarias para validar la correcta implementaci\u00f3n de los controles dise\u00f1ados en el marco de los proyectos de transformaci\u00f3n. Revisar y aceptar cuando se cumplen los requerimientos, los resultados de las pruebas de seguridad realizadas.Identificar los impactos en las \u00e1reas de seguridad a nivel corporativo de los proyectos para garantizar la continuidad de los controles de seguridad en el d\u00eda a d\u00eda y colocar en operaci\u00f3n los nuevos controles. Habilidades necesarias: 5 a\u00f1os de experiencia en gesti\u00f3n de proyectos de seguridad,Experiencia en gesti\u00f3n de riesgos de ciberseguridadConocimientos en Est\u00e1ndares de Seguridad Inform\u00e1tica (ISO/IEC 27001, 27002, 27005)Conocimientos en infraestructura en nube AWS  Detalles de la vacante: Nivel de escolaridad requerido: Profesional en Ingenier\u00eda de sistemas o afines.Tiempo de experiencia en actividades afines a la vacante:  5 a\u00f1osCiudad de la vacante: Medell\u00ednHoras por semana que debe trabajar: 48Disponibilidad 7x24: NoRango salarial de la vacante: $7\u2019000.000 a $8\u2019000.000 seg\u00fan conocimientos y experienciaTipo de contrato esperado: T\u00e9rmino indefinidoRequiere hablar ingl\u00e9s fluido: NoRequiere VISA de EEUU: No                            Profesional Senior                            Universitaria            Ingenier\u00eda de sistemas  Computaci\u00f3n5 a\u00f1os de experiencia                1                Vacante            Competencias para la vacante                                            AWS                                                                                    Linux                                                                                    Seguridad                                                                                    Ciberseguridad", "tipo_contrato": "Contrato Indefinido", "nivel_educativo": "Universitaria", "categoria": "Profesional Senior", "sector": "Inform\u00e1ticos", "experiencia": "5 a\u00f1os de experiencia", "id_empleo": "1884666872", "competencias": "AWS,Linux,Seguridad,Ciberseguridad"}