{"url_empleo": "https://www.elempleo.com/co/ofertas-trabajo/full-stack-ruby-on-rails/1884616109", "fecha_recuperacion": "2021-03-01-22-05", "titulo_oferta": "Full stack ruby on rails", "salario": "$4,5 a $5,5 millones", "ciudad": "Medell\u00edn", "fecha_publicacion": "Publicado 25 Feb 2021", "area": "Sistemas y Tecnolog\u00eda", "num_vacantes": "1 Vacante", "profesion": "Ingenier\u00eda de sistemas  Computaci\u00f3n", "descripcion_general": "Descripci\u00f3n general                Descripci\u00f3n de la vacante:El objetivo de la empresa es revisar todo el proceso de b\u00fasqueda y compra de viviendas, encontrando las mejores alternativas y brindando un servicio de la mejor calidad. Comenzamos en 2017 y tuvimos una excelente tracci\u00f3n. Hemos sido respaldados por los principales inversores en tecnolog\u00eda inmobiliaria en los Estados Unidos y Latinoam\u00e9rica.Uno de nuestros objetivos es crear un equipo de ingenier\u00eda de \u00e9lite que pueda aprovechar las \u00faltimas soluciones tecnol\u00f3gicas con c\u00f3digo de propiedad. Estamos buscando personas t\u00e9cnicas y creativas que tengan experiencia en resolver problemas t\u00e9cnicos y deseen impactar fuertemente en el mercado inmobiliario. Actividades del cargo:Dise\u00f1ar y construir la plataforma m\u00e1s \u00e1gil y m\u00e1s comprometida para la negociaci\u00f3n inmobiliaria.Agregar o aportar nuevos servicios y herramientas tecnol\u00f3gicas a nuestra plataforma. No tengas miedo de elegir nuevas tecnolog\u00edas e implementarlas.Habilidades de liderazgo. No solo haces lo que se necesita. Se espera proponer ideas y dise\u00f1ar productos de alta calidad UX / UI.Investigar, mejorar y mejorar nuestra plataforma de aprendizaje autom\u00e1tico.Gestionar prioridades individuales de proyectos, plazos y entregables. Detalles de la vacanteNivel de escolaridad requerido: ProfesionalTarjeta Profesional: No\u00bfAcepta candidatos con alguna condici\u00f3n de discapacidad? SiCertificaciones requeridas: No A\u00f1os de experiencia en actividades afines a la vacante: 2 a 10 a\u00f1os de experiencia.Ciudad de la vacante: Medell\u00edn o Remoto desde ColombiaHoras por semana que debe trabajar: 48Disponibilidad 7x24: NoFecha en la que se requiere iniciar a trabajar: Noviembre 2020   Requiere hablar Ingl\u00e9s fluido:NoRequiere VISA: NoTipo de contrato ofrecido: IndefinidoSalario: Entre $3\u2019000.000 y $12\u2019000.000 COP mensuales seg\u00fan experiencia y conocimientos.                    Descripci\u00f3n de la vacante:El objetivo de la empresa es revisar todo el proceso de b\u00fasqueda y compra de viviendas, encontrando las mejores alternativas y brindando un servicio de la mejor calidad. Comenzamos en 2017 y tuvimos una excelente tracci\u00f3n. Hemos sido respaldados por los principales inversores en tecnolog\u00eda inmobiliaria en los Estados Unidos y Latinoam\u00e9rica.Uno de nuestros objetivos es crear un equipo de ingenier\u00eda de \u00e9lite que pueda aprovechar las \u00faltimas soluciones tecnol\u00f3gicas con c\u00f3digo de propiedad. Estamos buscando personas t\u00e9cnicas y creativas que tengan experiencia en resolver problemas t\u00e9cnicos y deseen impactar fuertemente en el mercado inmobiliario. Actividades del cargo:Dise\u00f1ar y construir la plataforma m\u00e1s \u00e1gil y m\u00e1s comprometida para la negociaci\u00f3n inmobiliaria.Agregar o aportar nuevos servicios y herramientas tecnol\u00f3gicas a nuestra plataforma. No tengas miedo de elegir nuevas tecnolog\u00edas e implementarlas.Habilidades de liderazgo. No solo haces lo que se necesita. Se espera proponer ideas y dise\u00f1ar productos de alta calidad UX / UI.Investigar, mejorar y mejorar nuestra plataforma de aprendizaje autom\u00e1tico.Gestionar prioridades individuales de proyectos, plazos y entregables. Detalles de la vacanteNivel de escolaridad requerido: ProfesionalTarjeta Profesional: No\u00bfAcepta candidatos con alguna condici\u00f3n de discapacidad? SiCertificaciones requeridas: No A\u00f1os de experiencia en actividades afines a la vacante: 2 a 10 a\u00f1os de experiencia.Ciudad de la vacante: Medell\u00edn o Remoto desde ColombiaHoras por semana que debe trabajar: 48Disponibilidad 7x24: NoFecha en la que se requiere iniciar a trabajar: Noviembre 2020   Requiere hablar Ingl\u00e9s fluido:NoRequiere VISA: NoTipo de contrato ofrecido: IndefinidoSalario: Entre $3\u2019000.000 y $12\u2019000.000 COP mensuales seg\u00fan experiencia y conocimientos.                            Profesional                            Universitaria            Ingenier\u00eda de sistemas  Computaci\u00f3n2 a\u00f1os de experiencia                1                Vacante            Competencias para la vacante                                            Ruby on Rails                                                                                    Rails                                                                                    Ruby                                                                                    React                                                                                    Javascript                                                                                    Angular", "tipo_contrato": "Contrato Indefinido", "nivel_educativo": "Universitaria", "categoria": "Profesional", "sector": "Inform\u00e1ticos", "experiencia": "2 a\u00f1os de experiencia", "id_empleo": "1884616109", "competencias": "Ruby on Rails,Rails,Ruby,React,Javascript,Angular"}