{"url_empleo": "https://www.elempleo.com/co/ofertas-trabajo/auxiliar-en-vacunacion/1884580848", "fecha_recuperacion": "2021-03-01-22-13", "titulo_oferta": "Auxiliar en vacunaci\u00f3n", "salario": "Salario a convenir", "ciudad": "Madrid", "fecha_publicacion": "Publicado 19 Feb 2021", "area": "Salud", "num_vacantes": "1 Vacante", "profesion": "Enfermer\u00eda", "descripcion_general": "Descripci\u00f3n general                VACANTE EN MADRID CUNDINAMARCASOLO POSTULARSE SI CUENTA CON CONOCIMIENTOS B\u00c1SICOS,  EXPERIENCIA CERTIFICADA EN EL \u00c1REA DE VACUNACI\u00d3N Y CON CERTIFICADO VIGENTE DE ADMINISTRACI\u00d3N DE INMUNOBIOL\u00d3GICOS.  Importante empresa del sector de la Salud. Requiere para su equipo de trabajo. AUXILIAR DE ENFERMERIA con experiencia m\u00ednima de 1 a\u00f1o en el \u00e1rea de vacunaci\u00f3n. Para laborar en importante IPS con sede ubicada en MADRID Cundinamarca. Con experiencia en el \u00e1rea y conocimiento de todo lo relacionado con el programa ampliado de inmunizaciones (PAI), demanda inducida, seguimiento a cohortes y dem\u00e1s actividades inherentes al cargo. El personal interesado, debe adjuntar hoja de vida, junto con todos los soportes y estudios adicionales. Importe tener CERTIFICACI\u00d3N EN VACUNACI\u00d3N, CURSO ACLS, BLCS Y V\u00cdCTIMAS; habilidades de trabajo en equipo y trabajo bajo presi\u00f3n. Ser una persona responsable, constante y comprometida. HORARIO LABORAL: lunes a viernes de 7+00 AM a 5+00 PM y un s\u00e1bado cada 15 d\u00edas en horario de 7+00 AM a 1+00 PM.Se ofrece estabilidad laboral y buen clima organizacional. POSTULATE SOLO SI CUMPLES CON LOS REQUISITOS.                    VACANTE EN MADRID CUNDINAMARCASOLO POSTULARSE SI CUENTA CON CONOCIMIENTOS B\u00c1SICOS,  EXPERIENCIA CERTIFICADA EN EL \u00c1REA DE VACUNACI\u00d3N Y CON CERTIFICADO VIGENTE DE ADMINISTRACI\u00d3N DE INMUNOBIOL\u00d3GICOS.  Importante empresa del sector de la Salud. Requiere para su equipo de trabajo. AUXILIAR DE ENFERMERIA con experiencia m\u00ednima de 1 a\u00f1o en el \u00e1rea de vacunaci\u00f3n. Para laborar en importante IPS con sede ubicada en MADRID Cundinamarca. Con experiencia en el \u00e1rea y conocimiento de todo lo relacionado con el programa ampliado de inmunizaciones (PAI), demanda inducida, seguimiento a cohortes y dem\u00e1s actividades inherentes al cargo. El personal interesado, debe adjuntar hoja de vida, junto con todos los soportes y estudios adicionales. Importe tener CERTIFICACI\u00d3N EN VACUNACI\u00d3N, CURSO ACLS, BLCS Y V\u00cdCTIMAS; habilidades de trabajo en equipo y trabajo bajo presi\u00f3n. Ser una persona responsable, constante y comprometida. HORARIO LABORAL: lunes a viernes de 7+00 AM a 5+00 PM y un s\u00e1bado cada 15 d\u00edas en horario de 7+00 AM a 1+00 PM.Se ofrece estabilidad laboral y buen clima organizacional. POSTULATE SOLO SI CUMPLES CON LOS REQUISITOS.                            Auxiliar, asistencial y otros                            T\u00e9cnico Laboral            Enfermer\u00eda1 a\u00f1o de experiencia                1                Vacante            Competencias para la vacante                                            AUXILIAR EN ENFERMERIA                                                                                    VACUNACI\u00d3N                                                                                    IPS                                                                                    VACUNADORA                                                                                    MADRID CUNDINAMARCA", "tipo_contrato": "", "nivel_educativo": "T\u00e9cnico Laboral", "categoria": "Auxiliar, asistencial y otros", "sector": "Salud, trabajo y seguridad social", "experiencia": "1 a\u00f1o de experiencia", "id_empleo": "1884580848", "competencias": "AUXILIAR EN ENFERMERIA,VACUNACI\u00d3N,IPS,VACUNADORA,MADRID CUNDINAMARCA"}