{"url_empleo": "https://www.elempleo.com/co/ofertas-trabajo/senior-frontend-developer/1884603090", "fecha_recuperacion": "2021-03-01-22-08", "titulo_oferta": "Senior frontend developer", "salario": "Salario a convenir", "ciudad": "Bogot\u00e1", "fecha_publicacion": "Publicado 23 Feb 2021", "area": "Sistemas", "num_vacantes": "1 Vacante", "profesion": "T\u00e9cnico en desarrollo y mantenim...", "descripcion_general": "Descripci\u00f3n general                Let\u2019s just start with Zemoga is different ...and we hope you are too. We are looking for a Senior Front-end Developer with expertise including writing semantic and modular code using HTML and CSS by following W3C coding practices and guidelines, as well as providing user interaction and data inputs/outputs via strong knowledge of JavaScript and its related APIs, toolkits and frameworks. Zemoga is the groundbreaking and industry-leading design and technology firm that was the first to offer the world\u2019s leading brands the amazing talent from Colombia and has been doing so for over 18 years. Our teams are the top 5% of the workforce, we have one of the highest retention rates in the industry, and we have the most comprehensive and creative benefits program in the industry. Zemoga might be the perfect place for you if you\u2019re driven by new ideas, international travel and working directly with the leaders of some of the smartest companies in the world. We are a people-driven company committed to ethical business practices and are driven by the passion and creativity that is Colombia. We build better and enjoy it every step of the way.  You will thrive in Zemoga if you have... or are: High experience working with styling languages such as SASS, LESS, etc.Strong JavaScript programming skills (ES6+, programming patterns, abstraction, good practices, persistence, security, state).HTML knowledge including templating tools (i.e Handlebars, Vue templates, JSX, etc).Familiarity with layout tools (i.e Bootstrap, Foundation, Bulma, Pure).Knowledge of multi-screen / multi form-factor techniques.Experience working with MV* frameworks (either AngularJS, VueJS, ReactJS, etc.).Strong English communication skills.Familiarized with agile methodologiesFamiliarized with unit testing tools and methodologies (TDD, BDD, E2E). Apply today and #buildbetter with us!                    Let\u2019s just start with Zemoga is different ...and we hope you are too. We are looking for a Senior Front-end Developer with expertise including writing semantic and modular code using HTML and CSS by following W3C coding practices and guidelines, as well as providing user interaction and data inputs/outputs via strong knowledge of JavaScript and its related APIs, toolkits and frameworks. Zemoga is the groundbreaking and industry-leading design and technology firm that was the first to offer the world\u2019s leading brands the amazing talent from Colombia and has been doing so for over 18 years. Our teams are the top 5% of the workforce, we have one of the highest retention rates in the industry, and we have the most comprehensive and creative benefits program in the industry. Zemoga might be the perfect place for you if you\u2019re driven by new ideas, international travel and working directly with the leaders of some of the smartest companies in the world. We are a people-driven company committed to ethical business practices and are driven by the passion and creativity that is Colombia. We build better and enjoy it every step of the way.  You will thrive in Zemoga if you have... or are: High experience working with styling languages such as SASS, LESS, etc.Strong JavaScript programming skills (ES6+, programming patterns, abstraction, good practices, persistence, security, state).HTML knowledge including templating tools (i.e Handlebars, Vue templates, JSX, etc).Familiarity with layout tools (i.e Bootstrap, Foundation, Bulma, Pure).Knowledge of multi-screen / multi form-factor techniques.Experience working with MV* frameworks (either AngularJS, VueJS, ReactJS, etc.).Strong English communication skills.Familiarized with agile methodologiesFamiliarized with unit testing tools and methodologies (TDD, BDD, E2E). Apply today and #buildbetter with us!                            Coordinador supervisor o especialista                            Universitaria            T\u00e9cnico en desarrollo y mantenimiento de softwareTecnolog\u00eda En Desarrollo De Sistemas Inform\u00e1ticosIngenier\u00eca De Software6 a\u00f1os de experiencia                1                Vacante            Competencias para la vacante                                            Front-end                                                                                    Javascript                                                                                    CSS                                                                                    HTML                                                                                    Vue.JS                                                                                    Node.JS                                                                                    Angular                                                                                    React", "tipo_contrato": "Contrato Indefinido", "nivel_educativo": "Universitaria", "categoria": "Coordinador supervisor o especialista", "sector": "Productores y distribuidores de ...", "experiencia": "6 a\u00f1os de experiencia", "id_empleo": "1884603090", "competencias": "Front-end,Javascript,CSS,HTML,Vue.JS,Node.JS,Angular,React"}