{"url_empleo": "https://www.elempleo.com/co/ofertas-trabajo/profesional-contable/1884397089", "fecha_recuperacion": "2021-03-01-22-05", "titulo_oferta": "Profesional contable", "salario": "$1,5 a $2 millones", "ciudad": "Bogot\u00e1", "fecha_publicacion": "Publicado 25 Feb 2021", "area": "Administrativa y Financiera", "num_vacantes": "1 Vacante", "profesion": "Contadur\u00eda", "descripcion_general": "Descripci\u00f3n general                Empresa dedicada a brindar servicios de Consultor\u00eda, Auditor\u00eda y manejo del Outsourcing Contable, se encuentra en la b\u00fasqueda de Estudiantes de Contadur\u00eda P\u00fablica o Contadores reci\u00e9n graduados, que cuenten con experiencia de 2 a\u00f1os realizando labores dentro del \u00e1rea contable (Causaciones, conciliaciones, n\u00f3mina, seguridad social etc) y manejo del software contable SIIGO.                    Empresa dedicada a brindar servicios de Consultor\u00eda, Auditor\u00eda y manejo del Outsourcing Contable, se encuentra en la b\u00fasqueda de Estudiantes de Contadur\u00eda P\u00fablica o Contadores reci\u00e9n graduados, que cuenten con experiencia de 2 a\u00f1os realizando labores dentro del \u00e1rea contable (Causaciones, conciliaciones, n\u00f3mina, seguridad social etc) y manejo del software contable SIIGO.                            Profesional                            Universitaria            Contadur\u00eda2 a\u00f1os de experiencia                1                Vacante            Competencias para la vacante                                            SIIGO", "tipo_contrato": "Contrato Indefinido", "nivel_educativo": "Universitaria", "categoria": "Profesional", "sector": "Consultor\u00eda contable / Revisor\u00eda...", "experiencia": "2 a\u00f1os de experiencia", "id_empleo": "1884397089", "competencias": "SIIGO"}