{"url_empleo": "https://www.elempleo.com/co/ofertas-trabajo/docente/1884645243", "fecha_recuperacion": "2021-03-01-22-14", "titulo_oferta": "Docente-1", "salario": "Salario a convenir", "ciudad": "Bucaramanga", "fecha_publicacion": "Publicado 18 Feb 2021", "area": "Docencia", "num_vacantes": "1 Vacante", "profesion": "Fonoaudiolog\u00eda", "descripcion_general": "Descripci\u00f3n general                Importante Instituci\u00f3n de Educaci\u00f3n Superior busca para su banco de hojas de vida para completar su planta docente para el a\u00f1o 2021 en la ciudad de Bucaramanga.Fonoaudi\u00f3logo docente de pr\u00e1ctica (Pr\u00e1ctica de Habla). Medio Tiempo. Especialista en  Rehabilitaci\u00f3n de la Discapacidad de la Comunicaci\u00f3n Infantil, o \u00e1reas relacionadas con discapacidad, y  comunicaci\u00f3n. Magister en Educaci\u00f3n, Salud, Comunidad, Desarrollo Social. Experiencia en abordaje comunitario de poblaci\u00f3n vulnerable (Discapacidad, adulto mayor, en situaci\u00f3n de abandono) , con m\u00ednimo tres (3) a\u00f1os y experiencia.                    Importante Instituci\u00f3n de Educaci\u00f3n Superior busca para su banco de hojas de vida para completar su planta docente para el a\u00f1o 2021 en la ciudad de Bucaramanga.Fonoaudi\u00f3logo docente de pr\u00e1ctica (Pr\u00e1ctica de Habla). Medio Tiempo. Especialista en  Rehabilitaci\u00f3n de la Discapacidad de la Comunicaci\u00f3n Infantil, o \u00e1reas relacionadas con discapacidad, y  comunicaci\u00f3n. Magister en Educaci\u00f3n, Salud, Comunidad, Desarrollo Social. Experiencia en abordaje comunitario de poblaci\u00f3n vulnerable (Discapacidad, adulto mayor, en situaci\u00f3n de abandono) , con m\u00ednimo tres (3) a\u00f1os y experiencia.                            Profesional                            Especializaci\u00f3n            Fonoaudiolog\u00edaDocente3 a\u00f1os de experiencia                1                Vacante            Competencias para la vacante                                            docente                                                                                    fonoaudiologas                                                                                    fonoaudiologo                                                                                    Magister en educaci\u00f3n", "tipo_contrato": "", "nivel_educativo": "Especializaci\u00f3n", "categoria": "Profesional", "sector": "Universidades", "experiencia": "3 a\u00f1os de experiencia", "id_empleo": "1884645243", "competencias": "docente,fonoaudiologas,fonoaudiologo,Magister en educaci\u00f3n"}