{"url_empleo": "https://www.elempleo.com/co/ofertas-trabajo/coordinador-de-nomina-licencia-de-maternidad/1884555247", "fecha_recuperacion": "2021-03-01-22-00", "titulo_oferta": "Coordinador de nomina (licencia de maternidad)", "salario": "$3 a $3,5 millones", "ciudad": "Madrid", "fecha_publicacion": "Publicado 1 Mar 2021", "area": "Administrativa y Financiera", "num_vacantes": "1 Vacante", "profesion": "Contadur\u00eda", "descripcion_general": "Descripci\u00f3n general                Multinacional ubicada en Madrid Cund., requiere para su equipo de trabajo Coordinadora de Nomina con experiencia en plantas de producci\u00f3n con mas de 500 colaboradores con experiencia de mas de 4 a\u00f1os.Requisitos para aplicar:\u2022\tProfesional en administraci\u00f3n de empresas, econom\u00eda, contadur\u00eda, carreras administrativas y/o afines.\u2022\tPreferiblemente especialista en Gerencia de Talento Humano.Formacion complementaria:Medios Magn\u00e9ticos DIANExcel avanzadoRetenci\u00f3n en la fuenteSeguridad Social Principales responsabilidades:\u2022\tLiquidar lasn\u00f3mina\u2022\tRealizar autoliquidaciones para el pago de la seguridad social y parafiscales.\u2022\tRealizar la liquidaci\u00f3n de prestaciones sociales a todo el personal que se desvincula de la compa\u00f1\u00eda.\u2022\tValidar todas las novedades necesarias para liquidar la n\u00f3mina.\u2022\tAprobar los documentos necesarios para realizar pagos a terceros\u2022\tCoordinar el cobro de incapacidades ante la entidad correspondiente\u2022\tRealizar informes correspondientes al costo del personal \u2022\tRealizar seguimiento a los procesos disciplinarios\u2022\tRealizar seguimiento a los indicadores como horas extras y compensatorios\u2022\tSupervisar el proceso de n\u00f3mina, pago de aportes parafiscales y dem\u00e1s laborales de los trabajadores, para mantener la seguridad jur\u00eddica de la empresa.\u2022\tRevisi\u00f3n de cuentas contables labores.\u2022\tAdministrar el proceso de compensaci\u00f3n y beneficios de Colombia Contrato aproximadamente de 6 meses por reemplazo durante licencia de maternidad.                    Multinacional ubicada en Madrid Cund., requiere para su equipo de trabajo Coordinadora de Nomina con experiencia en plantas de producci\u00f3n con mas de 500 colaboradores con experiencia de mas de 4 a\u00f1os.Requisitos para aplicar:\u2022\tProfesional en administraci\u00f3n de empresas, econom\u00eda, contadur\u00eda, carreras administrativas y/o afines.\u2022\tPreferiblemente especialista en Gerencia de Talento Humano.Formacion complementaria:Medios Magn\u00e9ticos DIANExcel avanzadoRetenci\u00f3n en la fuenteSeguridad Social Principales responsabilidades:\u2022\tLiquidar lasn\u00f3mina\u2022\tRealizar autoliquidaciones para el pago de la seguridad social y parafiscales.\u2022\tRealizar la liquidaci\u00f3n de prestaciones sociales a todo el personal que se desvincula de la compa\u00f1\u00eda.\u2022\tValidar todas las novedades necesarias para liquidar la n\u00f3mina.\u2022\tAprobar los documentos necesarios para realizar pagos a terceros\u2022\tCoordinar el cobro de incapacidades ante la entidad correspondiente\u2022\tRealizar informes correspondientes al costo del personal \u2022\tRealizar seguimiento a los procesos disciplinarios\u2022\tRealizar seguimiento a los indicadores como horas extras y compensatorios\u2022\tSupervisar el proceso de n\u00f3mina, pago de aportes parafiscales y dem\u00e1s laborales de los trabajadores, para mantener la seguridad jur\u00eddica de la empresa.\u2022\tRevisi\u00f3n de cuentas contables labores.\u2022\tAdministrar el proceso de compensaci\u00f3n y beneficios de Colombia Contrato aproximadamente de 6 meses por reemplazo durante licencia de maternidad.                            Profesional Senior                            Universitaria            Contadur\u00edaEconom\u00edaAdministraci\u00f3n de empresas3 a\u00f1os de experiencia                1                Vacante            Competencias para la vacante                                            nomina                                                                                    coordinador                                                                                    parafiscales", "tipo_contrato": "Contrato Por obra o labor", "nivel_educativo": "Universitaria", "categoria": "Profesional Senior", "sector": "Construcci\u00f3n", "experiencia": "3 a\u00f1os de experiencia", "id_empleo": "1884555247", "competencias": "nomina,coordinador,parafiscales"}