{"url_empleo": "https://www.elempleo.com/co/ofertas-trabajo/full-stack-nodejs-angular/1884563056", "fecha_recuperacion": "2021-03-01-22-05", "titulo_oferta": "Full stack node.js /angular", "salario": "$2,5 a $3 millones", "ciudad": "Medell\u00edn", "fecha_publicacion": "Publicado 25 Feb 2021", "area": "Sistemas", "num_vacantes": "1 Vacante", "profesion": "Ingenier\u00eda de sistemas  Computaci\u00f3n", "descripcion_general": "Descripci\u00f3n general                Actividades del cargo: Revisi\u00f3n, monitoreo y mejora de los procesos de gesti\u00f3n del desarrollo de aplicativosContacto con los clientes ocasionalAsegurar la calidad de los proyectos de software desarrollados mediante metodolog\u00eda de gesti\u00f3n de la calidad inform\u00e1tica.  Habilidades necesarias: Angular.JSNode.JSJavascript Conocimiento en desarrollo de aplicaciones webPL/SQL Sistemas operativosPruebas Unitarias de softwareMetodolog\u00eda de desarrollo de aplicacionesCiclo de vida del desarrolloFormaci\u00f3n y capacitaci\u00f3n en tecnolog\u00edas, integraci\u00f3n de sistemas de informaci\u00f3n, (Web services).  Habilidades deseadas:  C#.NETSeguimiento de instrucciones precisas.Toma decisiones.Analizar y resolver problemas  Detalles de la vacante: Nivel de escolaridad requerido: Tecn\u00f3logo o ProfesionalTarjeta Profesional: NoCertificaciones requeridas: No.Tiempo de experiencia en actividades afines a la vacante: 1.5 a\u00f1os m\u00ednimoCiudad de la vacante: Medell\u00ednHoras por semana que debe trabajar: 48Disponibilidad 7x24: S\u00edFecha en la que se requiere iniciar a trabajar: Agosto 2020    Rango salarial de la vacante: $2\u2019000.000 a $3\u2019000.000 seg\u00fan conocimientos y experiencia.Tipo de contrato esperado: IndefinidoRequiere hablar ingl\u00e9s fluido: NoRequiere VISA de EEUU: No                    Actividades del cargo: Revisi\u00f3n, monitoreo y mejora de los procesos de gesti\u00f3n del desarrollo de aplicativosContacto con los clientes ocasionalAsegurar la calidad de los proyectos de software desarrollados mediante metodolog\u00eda de gesti\u00f3n de la calidad inform\u00e1tica.  Habilidades necesarias: Angular.JSNode.JSJavascript Conocimiento en desarrollo de aplicaciones webPL/SQL Sistemas operativosPruebas Unitarias de softwareMetodolog\u00eda de desarrollo de aplicacionesCiclo de vida del desarrolloFormaci\u00f3n y capacitaci\u00f3n en tecnolog\u00edas, integraci\u00f3n de sistemas de informaci\u00f3n, (Web services).  Habilidades deseadas:  C#.NETSeguimiento de instrucciones precisas.Toma decisiones.Analizar y resolver problemas  Detalles de la vacante: Nivel de escolaridad requerido: Tecn\u00f3logo o ProfesionalTarjeta Profesional: NoCertificaciones requeridas: No.Tiempo de experiencia en actividades afines a la vacante: 1.5 a\u00f1os m\u00ednimoCiudad de la vacante: Medell\u00ednHoras por semana que debe trabajar: 48Disponibilidad 7x24: S\u00edFecha en la que se requiere iniciar a trabajar: Agosto 2020    Rango salarial de la vacante: $2\u2019000.000 a $3\u2019000.000 seg\u00fan conocimientos y experiencia.Tipo de contrato esperado: IndefinidoRequiere hablar ingl\u00e9s fluido: NoRequiere VISA de EEUU: No                            Profesional                            Tecnol\u00f3gica            Ingenier\u00eda de sistemas  Computaci\u00f3n2 a\u00f1os de experiencia                1                Vacante            Competencias para la vacante                                            Node.js                                                                                    Angular.js                                                                                    SQL                                                                                    C#                                                                                    .net", "tipo_contrato": "Contrato Indefinido", "nivel_educativo": "Tecnol\u00f3gica", "categoria": "Profesional", "sector": "Inform\u00e1ticos", "experiencia": "2 a\u00f1os de experiencia", "id_empleo": "1884563056", "competencias": "Node.js,Angular.js,SQL,C#,.net"}