{"url_empleo": "https://www.elempleo.com/co/ofertas-trabajo/asesor-de-microfinanzas-cali/1884669235", "fecha_recuperacion": "2021-03-01-22-13", "titulo_oferta": "Asesor  de microfinanzas cali", "salario": "$3 a $3,5 millones", "ciudad": "Cali", "fecha_publicacion": "Publicado 19 Feb 2021", "area": "Ventas", "num_vacantes": "1 Vacante", "profesion": "Contadur\u00eda", "descripcion_general": "Descripci\u00f3n general                COPROCENVA - Cooperativa de Ahorro y Cr\u00e9dito se encuentra en b\u00fasqueda de ASESOR DE MICROFINANZAS para la ciudad de CALIObjetivo del cargo:  Gestionar comercialmente la vinculaci\u00f3n de nuevos asociados, productos de ahorro y colocaci\u00f3n; haciendo constante seguimiento y mantenimiento a la cartera bajo su responsabilidad.Conocimiento requerido: Manejo de herramientas ofim\u00e1ticas, Atenci\u00f3n y servicio al cliente, Seguridad bancaria, Segmento Microfinanzas.Educaci\u00f3n: T\u00e9cnico en carreras administrativas, econ\u00f3micas o comerciales.Experiencia: Minimo1 a\u00f1o en cargos como asesor o analista comercial externo de Microcr\u00e9dito o vendedor TAT preferible en entidades del sector Financiero y/o Solidario.Horario: De lunes a viernes de 7:45 a.m. a 12:00 p.m. y de 1:45 p.m. a 6:00 p.m. S\u00e1bado: de 7:45 a.m. a 12:00 p.m.Salario: $1.351.000 m\u00e1s incentivos comerciales (sin techo) por cumplimiento, m\u00e1s auxilio de rodamiento ($351.000)  Vinculaci\u00f3n inicial a trav\u00e9s de empresa de servicios temporales. De acuerdo con resultados por desempe\u00f1o se le realizar\u00e1 vinculaci\u00f3n directa por la empresa.                    COPROCENVA - Cooperativa de Ahorro y Cr\u00e9dito se encuentra en b\u00fasqueda de ASESOR DE MICROFINANZAS para la ciudad de CALIObjetivo del cargo:  Gestionar comercialmente la vinculaci\u00f3n de nuevos asociados, productos de ahorro y colocaci\u00f3n; haciendo constante seguimiento y mantenimiento a la cartera bajo su responsabilidad.Conocimiento requerido: Manejo de herramientas ofim\u00e1ticas, Atenci\u00f3n y servicio al cliente, Seguridad bancaria, Segmento Microfinanzas.Educaci\u00f3n: T\u00e9cnico en carreras administrativas, econ\u00f3micas o comerciales.Experiencia: Minimo1 a\u00f1o en cargos como asesor o analista comercial externo de Microcr\u00e9dito o vendedor TAT preferible en entidades del sector Financiero y/o Solidario.Horario: De lunes a viernes de 7:45 a.m. a 12:00 p.m. y de 1:45 p.m. a 6:00 p.m. S\u00e1bado: de 7:45 a.m. a 12:00 p.m.Salario: $1.351.000 m\u00e1s incentivos comerciales (sin techo) por cumplimiento, m\u00e1s auxilio de rodamiento ($351.000)  Vinculaci\u00f3n inicial a trav\u00e9s de empresa de servicios temporales. De acuerdo con resultados por desempe\u00f1o se le realizar\u00e1 vinculaci\u00f3n directa por la empresa.                            Auxiliar, asistencial y otros                            Universitaria            Contadur\u00edaEconom\u00edaAdministraci\u00f3n de empresasAdministraci\u00f3n financieraAdministraci\u00f3n Agroindustrial1 a\u00f1o de experiencia                1                Vacante            Competencias para la vacante                                            microfinanzas                                                                                    asesor comercial", "tipo_contrato": "Contrato Definido", "nivel_educativo": "Universitaria", "categoria": "Auxiliar, asistencial y otros", "sector": "Cooperativas", "experiencia": "1 a\u00f1o de experiencia", "id_empleo": "1884669235", "competencias": "microfinanzas,asesor comercial"}