{"url_empleo": "https://www.elempleo.com/co/ofertas-trabajo/desarrollador-ios/1884422433", "fecha_recuperacion": "2021-03-01-22-09", "titulo_oferta": "Desarrollador ios", "salario": "Salario a convenir", "ciudad": "Bogot\u00e1", "fecha_publicacion": "Publicado 23 Feb 2021", "area": "Sistemas y Tecnolog\u00eda", "num_vacantes": "1 Vacante", "profesion": "Ingenier\u00eda de sistemas  Computaci\u00f3n", "descripcion_general": "Descripci\u00f3n general                se requiere desarrollador nativo en IOS, para multinacional Brasilera.                    se requiere desarrollador nativo en IOS, para multinacional Brasilera.                            Profesional                            Media (10\u00b0 - 13\u00b0)            Ingenier\u00eda de sistemas  Computaci\u00f3n                1                Vacante            Competencias para la vacante                                            ingeniero", "tipo_contrato": "Contrato Indefinido", "nivel_educativo": "Media (10\u00b0 - 13\u00b0)", "categoria": "Profesional", "sector": "Ciencia y tecnolog\u00eda", "experiencia": "", "id_empleo": "1884422433", "competencias": "ingeniero"}