{"url_empleo": "https://www.elempleo.com/co/ofertas-trabajo/operario-de-aseo-nocturo/1884529587", "fecha_recuperacion": "2021-03-01-22-16", "titulo_oferta": "Operario de aseo nocturo", "salario": "Menos de $1 mill\u00f3n", "ciudad": "Caldas", "fecha_publicacion": "Publicado 17 Feb 2021", "area": "Servicios Generales, Aseo y Vigi...", "num_vacantes": "1 Vacante", "profesion": "Otros", "descripcion_general": "Descripci\u00f3n general                Empresa del sector av\u00edcola requiere operario de aseo nocturno para laborar en la planta de caldas en la vereda la miel realizando las labores de lavado y desinfecci\u00f3n de nuestra planta. Debe tener disponibilidad para laborar en el turno de la noche (10pm- 6 am) de lunes a s\u00e1bado                    Empresa del sector av\u00edcola requiere operario de aseo nocturno para laborar en la planta de caldas en la vereda la miel realizando las labores de lavado y desinfecci\u00f3n de nuestra planta. Debe tener disponibilidad para laborar en el turno de la noche (10pm- 6 am) de lunes a s\u00e1bado                            Auxiliar, asistencial y otros                            B\u00e1sica Primaria (1\u00b0 - 5\u00b0)            OtrosMenos de un a\u00f1o de experiencia                1                Vacante            Competencias para la vacante                                            Aseo                                                                                    Operario de aseo y desinfecci\u00f3n                                                                                    Desinfecci\u00f3n                                                                                    aseonocturno                                                                                    oficios varios                                                                                    trabajonocturno", "tipo_contrato": "Contrato Definido", "nivel_educativo": "B\u00e1sica Primaria (1\u00b0 - 5\u00b0)", "categoria": "Auxiliar, asistencial y otros", "sector": "Alimentos / Bebidas", "experiencia": "Menos de un a\u00f1o de experiencia", "id_empleo": "1884529587", "competencias": "Aseo,Operario de aseo y desinfecci\u00f3n,Desinfecci\u00f3n,aseonocturno,oficios varios,trabajonocturno"}