{"url_empleo": "https://www.elempleo.com/co/ofertas-trabajo/coordinador-de-convenios/1884672900", "fecha_recuperacion": "2021-03-01-22-16", "titulo_oferta": "Coordinador de convenios", "salario": "$5,5 a $6 millones", "ciudad": "Cali", "fecha_publicacion": "Publicado 17 Feb 2021", "area": "Administrativa y Financiera", "num_vacantes": "1 Vacante", "profesion": "Enfermer\u00eda", "descripcion_general": "Descripci\u00f3n general                Empresa del sector  salud a nivel nacional requiere para su equipo de trabajo Director  Comercial ,quien ser\u00e1 el encargado de la administraci\u00f3n  permanente del portafolio de servicios de la instituci\u00f3n, generaci\u00f3n de estrategias de fidelizaci\u00f3n y consecuci\u00f3n de nuevos clientes,  medici\u00f3n y presentaci\u00f3n de indicadores de gesti\u00f3n.                    Empresa del sector  salud a nivel nacional requiere para su equipo de trabajo Director  Comercial ,quien ser\u00e1 el encargado de la administraci\u00f3n  permanente del portafolio de servicios de la instituci\u00f3n, generaci\u00f3n de estrategias de fidelizaci\u00f3n y consecuci\u00f3n de nuevos clientes,  medici\u00f3n y presentaci\u00f3n de indicadores de gesti\u00f3n.                            Coordinador supervisor o especialista                            Especializaci\u00f3n            Enfermer\u00edaMedicinaAdministraci\u00f3n hospitalariaEspecializaci\u00f3n En Administraci\u00f3n De Servicios De Salud3 a\u00f1os de experiencia                1                Vacante            Competencias para la vacante                                            Convenios                                                                                    Comercial                                                                                    Sector Salud", "tipo_contrato": "Contrato Indefinido", "nivel_educativo": "Especializaci\u00f3n", "categoria": "Coordinador supervisor o especialista", "sector": "Servicios hospitalarios, m\u00e9dicos...", "experiencia": "3 a\u00f1os de experiencia", "id_empleo": "1884672900", "competencias": "Convenios,Comercial,Sector Salud"}