{"url_empleo": "https://www.elempleo.com/co/ofertas-trabajo/tecnico-electromecanicomedellin/1884603728", "fecha_recuperacion": "2021-03-01-22-10", "titulo_oferta": "Tecnico electromecanico-medellin", "salario": "Salario a convenir", "ciudad": "Medell\u00edn", "fecha_publicacion": "Publicado 22 Feb 2021", "area": "Mantenimiento", "num_vacantes": "1 Vacante", "profesion": "Tecnolog\u00eda en electr\u00f3nica", "descripcion_general": "Descripci\u00f3n general                Importante planta de producci\u00f3n en la ciudad de Medellin  requiere en su equipo de trabajo tecnologo electromecanico con experiencia preferiblemente en empresas de alimentos, con conocimiento en sistemas el\u00e9ctricos, sistemas de generaci\u00f3n en frio, mantenimiento de equipos entre otros. Para trabajar en un horario de Domingo a Domingo (un dia compensatorio a la semana) con un salario mensual de $1.433.172                    Importante planta de producci\u00f3n en la ciudad de Medellin  requiere en su equipo de trabajo tecnologo electromecanico con experiencia preferiblemente en empresas de alimentos, con conocimiento en sistemas el\u00e9ctricos, sistemas de generaci\u00f3n en frio, mantenimiento de equipos entre otros. Para trabajar en un horario de Domingo a Domingo (un dia compensatorio a la semana) con un salario mensual de $1.433.172                            Auxiliar, asistencial y otros                            Tecnol\u00f3gica            Tecnolog\u00eda en electr\u00f3nicaTecnolog\u00eda En Electricidad Industrial1 a\u00f1o de experiencia                1                Vacante            Competencias para la vacante                                            Electromecanico                                                                                    Electricidad", "tipo_contrato": "Contrato Indefinido", "nivel_educativo": "Tecnol\u00f3gica", "categoria": "Auxiliar, asistencial y otros", "sector": "Alimentos / Bebidas", "experiencia": "1 a\u00f1o de experiencia", "id_empleo": "1884603728", "competencias": "Electromecanico,Electricidad"}