{"url_empleo": "https://www.elempleo.com/co/ofertas-trabajo/fisioterapeuta-/1884637766", "fecha_recuperacion": "2021-03-01-22-16", "titulo_oferta": "Fisioterapeuta -1", "salario": "Salario a convenir", "ciudad": "Bogot\u00e1", "fecha_publicacion": "Publicado 18 Feb 2021", "area": "Docencia", "num_vacantes": "1 Vacante", "profesion": "Fisioterapia", "descripcion_general": "Descripci\u00f3n general                Importante Instituci\u00f3n de Educaci\u00f3n Superior busca para su banco de hojas de vida para completar su planta docente para el a\u00f1o 2021 en las sedes de Bogot\u00e1 y Cundinamarca.  Fisioterapeuta. Doctor o Magister en Ciencia y tecnolog\u00edas del deporte y la actividad F\u00edsica o Ejercicio f\u00edsico para la salud.Experiencia profesional en \u00e1reas del deporte y la actividad f\u00edsica, entrenamiento deportivo e investigaci\u00f3n en el \u00e1rea (5 a\u00f1os) Experiencia docente en \u00e1reas del deporte, el ejercicio y la actividad f\u00edsica ( 2 a\u00f1os)                    Importante Instituci\u00f3n de Educaci\u00f3n Superior busca para su banco de hojas de vida para completar su planta docente para el a\u00f1o 2021 en las sedes de Bogot\u00e1 y Cundinamarca.  Fisioterapeuta. Doctor o Magister en Ciencia y tecnolog\u00edas del deporte y la actividad F\u00edsica o Ejercicio f\u00edsico para la salud.Experiencia profesional en \u00e1reas del deporte y la actividad f\u00edsica, entrenamiento deportivo e investigaci\u00f3n en el \u00e1rea (5 a\u00f1os) Experiencia docente en \u00e1reas del deporte, el ejercicio y la actividad f\u00edsica ( 2 a\u00f1os)                            Profesional                            Maestr\u00eda            FisioterapiaCultura f\u00edsica deporte y recreaci\u00f3n2 a\u00f1os de experiencia                1                Vacante            Competencias para la vacante                                            fisioterapia                                                                                    fisioterapeutas                                                                                    deportes                                                                                    docente", "tipo_contrato": "", "nivel_educativo": "Maestr\u00eda", "categoria": "Profesional", "sector": "Universidades", "experiencia": "2 a\u00f1os de experiencia", "id_empleo": "1884637766", "competencias": "fisioterapia,fisioterapeutas,deportes,docente"}