{"url_empleo": "https://www.elempleo.com/co/ofertas-trabajo/profesional-administrador-ecommerce/1884617733", "fecha_recuperacion": "2021-03-01-22-16", "titulo_oferta": "Profesional administrador ecommerce", "salario": "Salario a convenir", "ciudad": "Medell\u00edn", "fecha_publicacion": "Publicado 17 Feb 2021", "area": "Proyectos (an\u00e1lisis, desarrollo,...", "num_vacantes": "1 Vacante", "profesion": "Comunicaci\u00f3n social y periodismo", "descripcion_general": "Descripci\u00f3n general                Buscamos Profesional en comunicaci\u00f3n social, publicidad, marketing digital entre otras, para liderar los procesos de venta en los portales digitales. Entender y controlar el proceso deventa online desde el principio hasta el final con una visi\u00f3n anal\u00edtica. Dise\u00f1ar e implementar estrategias de marketing digital para la captaci\u00f3n, fidelizaci\u00f3n y mejoramientodel funnel de conversi\u00f3n.  Experiencia m\u00ednima de (2) dos a\u00f1os administrando tiendas o en agencias demarketing digital desarrollando leads, ideal conocimientos en CRM y manejode indicadores.                    Buscamos Profesional en comunicaci\u00f3n social, publicidad, marketing digital entre otras, para liderar los procesos de venta en los portales digitales. Entender y controlar el proceso deventa online desde el principio hasta el final con una visi\u00f3n anal\u00edtica. Dise\u00f1ar e implementar estrategias de marketing digital para la captaci\u00f3n, fidelizaci\u00f3n y mejoramientodel funnel de conversi\u00f3n.  Experiencia m\u00ednima de (2) dos a\u00f1os administrando tiendas o en agencias demarketing digital desarrollando leads, ideal conocimientos en CRM y manejode indicadores.                            Profesional                            Universitaria            Comunicaci\u00f3n social y periodismoPublicidad y mercadeoComunicaci\u00f3n publicitariaProfesional En Marketing Y Negocios Internacionales2 a\u00f1os de experiencia                1                Vacante            Competencias para la vacante                                            administrando tiendas o en agencias de marketing digital desarrollando leads                                                                                    ideal conocimientos en CRM                                                                                    manejo de indicadores.", "tipo_contrato": "Contrato Definido", "nivel_educativo": "Universitaria", "categoria": "Profesional", "sector": "Otros servicios", "experiencia": "2 a\u00f1os de experiencia", "id_empleo": "1884617733", "competencias": "administrando tiendas o en agencias de marketing digital desarrollando leads,ideal conocimientos en CRM,manejo de indicadores."}