{"url_empleo": "https://www.elempleo.com/co/ofertas-trabajo/consultor-o-analistas-sap-mm/1884642010", "fecha_recuperacion": "2021-03-01-22-10", "titulo_oferta": "Consultor o analistas sap mm", "salario": "Salario a convenir", "ciudad": "Bogot\u00e1", "fecha_publicacion": "Publicado 22 Feb 2021", "area": "Operaciones y Procesos", "num_vacantes": "1 Vacante", "profesion": "Ingenier\u00eda de sistemas  Computaci\u00f3n", "descripcion_general": "Descripci\u00f3n general                Profesional con  experiencia y capacitaci\u00f3n en el m\u00f3dulo de Finanzas de SAP MM; (Inventarios; Compras, Log\u00edstica).Funciones: Soporte de primer nivel; Capacitaci\u00f3n; Apoyar en Recibir los requerimientos de sistematizaci\u00f3n entenderlo y analizarlos; Gesti\u00f3n de calidad de los nuevos desarrollos. A\u00f1os de Experiencia: 2 a\u00f1os.                    Profesional con  experiencia y capacitaci\u00f3n en el m\u00f3dulo de Finanzas de SAP MM; (Inventarios; Compras, Log\u00edstica).Funciones: Soporte de primer nivel; Capacitaci\u00f3n; Apoyar en Recibir los requerimientos de sistematizaci\u00f3n entenderlo y analizarlos; Gesti\u00f3n de calidad de los nuevos desarrollos. A\u00f1os de Experiencia: 2 a\u00f1os.                            Profesional                            Universitaria            Ingenier\u00eda de sistemas  Computaci\u00f3nIngenier\u00eda industrialAdministraci\u00f3n de empresas2 a\u00f1os de experiencia                1                Vacante            Competencias para la vacante                                            SAP MM", "tipo_contrato": "Contrato Indefinido", "nivel_educativo": "Universitaria", "categoria": "Profesional", "sector": "Distribuci\u00f3n de productos textil...", "experiencia": "2 a\u00f1os de experiencia", "id_empleo": "1884642010", "competencias": "SAP MM"}