{"url_empleo": "https://www.elempleo.com/co/ofertas-trabajo/coordinador-de-comercio-exterior/1884671856", "fecha_recuperacion": "2021-03-01-22-04", "titulo_oferta": "Coordinador de comercio exterior", "salario": "Salario a convenir", "ciudad": "Bogot\u00e1", "fecha_publicacion": "Publicado 26 Feb 2021", "area": "Comercio Exterior", "num_vacantes": "1 Vacante", "profesion": "Comercio internacional", "descripcion_general": "Descripci\u00f3n general                Empresa de consumo masivo requiero  Coordinador de comercio exterior con experiencia minina  de 3 a\u00f1os en  Planificar, dirigir y controlar la ejecuci\u00f3n y desarrollo de las actividades de Importaci\u00f3n  coordinando la log\u00edstica aduanal y de transporte de las compras y ventas internacionales de acuerdo con las disposiciones legales que regulan estos procesos. Garantizar que las gestiones pertinentes a los procesos de importaci\u00f3n de materiales, mercanc\u00eda o producto terminado sean obtenidas experiencia en transporte mar\u00edtimo , a\u00e9reo y zona franca                    Empresa de consumo masivo requiero  Coordinador de comercio exterior con experiencia minina  de 3 a\u00f1os en  Planificar, dirigir y controlar la ejecuci\u00f3n y desarrollo de las actividades de Importaci\u00f3n  coordinando la log\u00edstica aduanal y de transporte de las compras y ventas internacionales de acuerdo con las disposiciones legales que regulan estos procesos. Garantizar que las gestiones pertinentes a los procesos de importaci\u00f3n de materiales, mercanc\u00eda o producto terminado sean obtenidas experiencia en transporte mar\u00edtimo , a\u00e9reo y zona franca                            Profesional                            Universitaria            Comercio internacional3 a\u00f1os de experiencia                1                Vacante            Competencias para la vacante                                            coordinadora de comercio exterior", "tipo_contrato": "Contrato Indefinido", "nivel_educativo": "Universitaria", "categoria": "Profesional", "sector": "Consumo masivo", "experiencia": "3 a\u00f1os de experiencia", "id_empleo": "1884671856", "competencias": "coordinadora de comercio exterior"}