{"url_empleo": "https://www.elempleo.com/co/ofertas-trabajo/auxiliar-de-enfermeria-salas-de-cirugia/1884616042", "fecha_recuperacion": "2021-03-01-22-08", "titulo_oferta": "Auxiliar de enfermer\u00eda salas de cirug\u00eda", "salario": "Menos de $1 mill\u00f3n", "ciudad": "Bogot\u00e1", "fecha_publicacion": "Publicado 24 Feb 2021", "area": "Salud", "num_vacantes": "1 Vacante", "profesion": "Enfermer\u00eda", "descripcion_general": "Descripci\u00f3n general                Compensar requiere para su equipo de trabajo  auxiliares de enfermer\u00eda certificados por competencias laborales, con disponibilidad de tiempo, con experiencia de 1 a\u00f1o como auxiliar de enfermer\u00eda salas de cirug\u00eda.                    Compensar requiere para su equipo de trabajo  auxiliares de enfermer\u00eda certificados por competencias laborales, con disponibilidad de tiempo, con experiencia de 1 a\u00f1o como auxiliar de enfermer\u00eda salas de cirug\u00eda.                            Auxiliar, asistencial y otros                            Formaci\u00f3n Tec profesional            Enfermer\u00eda1 a\u00f1o de experiencia                1                Vacante            Competencias para la vacante                                            enfermeria                                                                                    salas de cirugia", "tipo_contrato": "Contrato Definido", "nivel_educativo": "Formaci\u00f3n Tec profesional", "categoria": "Auxiliar, asistencial y otros", "sector": "Salud, trabajo y seguridad social", "experiencia": "1 a\u00f1o de experiencia", "id_empleo": "1884616042", "competencias": "enfermeria,salas de cirugia"}