{"url_empleo": "https://www.elempleo.com/co/ofertas-trabajo/analista-de-infraestructura-senior/1884632196", "fecha_recuperacion": "2021-03-01-22-13", "titulo_oferta": "Analista de infraestructura senior", "salario": "$4 a $4,5 millones", "ciudad": "Bogot\u00e1", "fecha_publicacion": "Publicado 19 Feb 2021", "area": "Sistemas y Tecnolog\u00eda", "num_vacantes": "1 Vacante", "profesion": "Ingenier\u00eda de telecomunicaciones", "descripcion_general": "Descripci\u00f3n general                Profesional en Ing. Electr\u00f3nica y/o Telecomunicaciones (tarjeta profesional) para la vacante de Ing de Infraestructura Senior para la ciudad de Bogot\u00e1: Requisitos:??Manejo y administraci\u00f3n de plataformas de virtualizaci\u00f3n (Vmware, OVM, Hyper-V, VirtualBox).??Escritorios Virtuales CITRIX.??Manejo y administraci\u00f3n G-Suit for Business.??Indispensable instalaci\u00f3n, manejo y administraci\u00f3n de sistemas operativos UNIX (RedHat, Oracle Linux, Ubuntu Server, Fedora, CentOS).??Instalaci\u00f3n y administraci\u00f3n Sistema Operativo Windows Server (GPO, Active Directory, WSUS).??Aseguramiento e instalaci\u00f3n de parches de Sistema Operativo.??Conocimiento en redes (LAN, WAN, DNS, DHCP, RADIUS).??Administraci\u00f3n de almacenamientos y backups.??Administraci\u00f3n de herramientas de monitoreo, gesti\u00f3n de incidentes.??Manejo de proveedores.??Soluciones de Antivirus.??Elaboraci\u00f3n de informes gerenciales.??Administrar certificados y dominios (renovaciones), manejo de CA de Windows.??Ingl\u00e9s t\u00e9cnico para entender y aplicar documentaci\u00f3n.                    Profesional en Ing. Electr\u00f3nica y/o Telecomunicaciones (tarjeta profesional) para la vacante de Ing de Infraestructura Senior para la ciudad de Bogot\u00e1: Requisitos:??Manejo y administraci\u00f3n de plataformas de virtualizaci\u00f3n (Vmware, OVM, Hyper-V, VirtualBox).??Escritorios Virtuales CITRIX.??Manejo y administraci\u00f3n G-Suit for Business.??Indispensable instalaci\u00f3n, manejo y administraci\u00f3n de sistemas operativos UNIX (RedHat, Oracle Linux, Ubuntu Server, Fedora, CentOS).??Instalaci\u00f3n y administraci\u00f3n Sistema Operativo Windows Server (GPO, Active Directory, WSUS).??Aseguramiento e instalaci\u00f3n de parches de Sistema Operativo.??Conocimiento en redes (LAN, WAN, DNS, DHCP, RADIUS).??Administraci\u00f3n de almacenamientos y backups.??Administraci\u00f3n de herramientas de monitoreo, gesti\u00f3n de incidentes.??Manejo de proveedores.??Soluciones de Antivirus.??Elaboraci\u00f3n de informes gerenciales.??Administrar certificados y dominios (renovaciones), manejo de CA de Windows.??Ingl\u00e9s t\u00e9cnico para entender y aplicar documentaci\u00f3n.                            Profesional                            Universitaria            Ingenier\u00eda de telecomunicaciones2 a\u00f1os de experiencia                1                Vacante            Competencias para la vacante                                            programador", "tipo_contrato": "Contrato Definido", "nivel_educativo": "Universitaria", "categoria": "Profesional", "sector": "Fiduciaria", "experiencia": "2 a\u00f1os de experiencia", "id_empleo": "1884632196", "competencias": "programador"}