{"url_empleo": "https://www.elempleo.com/co/ofertas-trabajo/profesional-integracion-proyectos-senior/1884662228", "fecha_recuperacion": "2021-03-01-22-09", "titulo_oferta": "Profesional integracion proyectos senior", "salario": "$3 a $3,5 millones", "ciudad": "Bogot\u00e1", "fecha_publicacion": "Publicado 23 Feb 2021", "area": "Sistemas y Tecnolog\u00eda", "num_vacantes": "1 Vacante", "profesion": "Ingenier\u00eda de sistemas  Computaci\u00f3n", "descripcion_general": "Descripci\u00f3n general                Horario                                                                                         5x8 Disponible 7x24Nivel Acad\u00e9micoProfesional en ingenier\u00eda electr\u00f3nica, telecomunicaciones o carreras afinesObligatorio especializaci\u00f3n en gerencia de proyectos. Experiencia de 5 a\u00f1os en gerencia de proyectos con monto de contrato de COP $2000 millones, Gesti\u00f3n de Procesos y/o Gesti\u00f3n de Riesgos y/o Gesti\u00f3n de Proyectos.Experiencia en manejo de clientesExperiencia en Proyectos de telecomunicaciones , soporte \u00e1reas comercialesMisi\u00f3nGestionar a satisfacci\u00f3n, los proyectos a su cargo, logrando traer el ingreso planeado en el tiempo esperado. Realizar una correcta planeaci\u00f3n, ejecuci\u00f3n y cierre de los proyectos, siguiendo la metodolog\u00eda que la organizaci\u00f3n determine, documentando los avances, indicadores de desempe\u00f1o y caracter\u00edsticas de los servicios implantados. Gestionar el riesgo, desde su identificaci\u00f3n, valoraci\u00f3n, seguimiento, mitigaci\u00f3n y documentaci\u00f3n. Influenciar el aumento del \u00edndice de satisfacci\u00f3n de cliente en el proceso de instalaci\u00f3n, realizando acciones que permitan fidelizar al cliente y establecer relaciones de negocio de largo plazo. Aportar al conocimiento en proyectos de la organizaci\u00f3n, con el ejercicio de lecciones aprendidas; de tal forma que sean aplicadas en los nuevos proyectos.                    Horario                                                                                         5x8 Disponible 7x24Nivel Acad\u00e9micoProfesional en ingenier\u00eda electr\u00f3nica, telecomunicaciones o carreras afinesObligatorio especializaci\u00f3n en gerencia de proyectos. Experiencia de 5 a\u00f1os en gerencia de proyectos con monto de contrato de COP $2000 millones, Gesti\u00f3n de Procesos y/o Gesti\u00f3n de Riesgos y/o Gesti\u00f3n de Proyectos.Experiencia en manejo de clientesExperiencia en Proyectos de telecomunicaciones , soporte \u00e1reas comercialesMisi\u00f3nGestionar a satisfacci\u00f3n, los proyectos a su cargo, logrando traer el ingreso planeado en el tiempo esperado. Realizar una correcta planeaci\u00f3n, ejecuci\u00f3n y cierre de los proyectos, siguiendo la metodolog\u00eda que la organizaci\u00f3n determine, documentando los avances, indicadores de desempe\u00f1o y caracter\u00edsticas de los servicios implantados. Gestionar el riesgo, desde su identificaci\u00f3n, valoraci\u00f3n, seguimiento, mitigaci\u00f3n y documentaci\u00f3n. Influenciar el aumento del \u00edndice de satisfacci\u00f3n de cliente en el proceso de instalaci\u00f3n, realizando acciones que permitan fidelizar al cliente y establecer relaciones de negocio de largo plazo. Aportar al conocimiento en proyectos de la organizaci\u00f3n, con el ejercicio de lecciones aprendidas; de tal forma que sean aplicadas en los nuevos proyectos.                            Profesional Senior                            Universitaria            Ingenier\u00eda de sistemas  Computaci\u00f3nIngenier\u00eda de telecomunicaciones2 a\u00f1os de experiencia                1                Vacante            Competencias para la vacante                                            ingenieria", "tipo_contrato": "", "nivel_educativo": "Universitaria", "categoria": "Profesional Senior", "sector": "Inform\u00e1ticos", "experiencia": "2 a\u00f1os de experiencia", "id_empleo": "1884662228", "competencias": "ingenieria"}