{"url_empleo": "https://www.elempleo.com/co/ofertas-trabajo/asistente-comercial/1884664513", "fecha_recuperacion": "2021-03-01-22-01", "titulo_oferta": "Asistente comercial", "salario": "Menos de $1 mill\u00f3n", "ciudad": "Bogot\u00e1", "fecha_publicacion": "Publicado 1 Mar 2021", "area": "Comercial, Ventas y Telemercadeo", "num_vacantes": "1 Vacante", "profesion": "Tecn Administraci\u00f3n de personal", "descripcion_general": "Descripci\u00f3n general                Empresa de consultor\u00eda y servicios de entrenamiento, requiere una persona con experiencia en Call center,  que halla realizado ventas telef\u00f3nicas, con muy buen manejo de las relaciones comerciales, atenci\u00f3n a dudas y reclamios.La persona ser\u00e1 responsable de realizar llamadas, contacto telef\u00f3nico con clientes para generar citas, solicitud de informaci\u00f3n, prospecci\u00f3n de clientes.Esta es una posici\u00f3n Home Office, el salario es el m\u00ednimo, el horario de trabajo es de lunes a viernes de 8 a 6, el candidato puede ser hombre o mujer.                    Empresa de consultor\u00eda y servicios de entrenamiento, requiere una persona con experiencia en Call center,  que halla realizado ventas telef\u00f3nicas, con muy buen manejo de las relaciones comerciales, atenci\u00f3n a dudas y reclamios.La persona ser\u00e1 responsable de realizar llamadas, contacto telef\u00f3nico con clientes para generar citas, solicitud de informaci\u00f3n, prospecci\u00f3n de clientes.Esta es una posici\u00f3n Home Office, el salario es el m\u00ednimo, el horario de trabajo es de lunes a viernes de 8 a 6, el candidato puede ser hombre o mujer.                            Auxiliar, asistencial y otros                            T\u00e9cnico Laboral            Tecn Administraci\u00f3n de personalTecn En seguros1 a\u00f1o de experiencia                1                Vacante            Competencias para la vacante                                            call center                                                                                    asistente", "tipo_contrato": "Contrato Indefinido", "nivel_educativo": "T\u00e9cnico Laboral", "categoria": "Auxiliar, asistencial y otros", "sector": "Otros servicios", "experiencia": "1 a\u00f1o de experiencia", "id_empleo": "1884664513", "competencias": "call center,asistente"}