{"url_empleo": "https://www.elempleo.com/co/ofertas-trabajo/ejecutivo-de-servicio-y-facturacion/1884646409", "fecha_recuperacion": "2021-03-01-22-13", "titulo_oferta": "Ejecutivo de servicio y facturaci\u00f3n", "salario": "$2,5 a $3 millones", "ciudad": "Bogot\u00e1", "fecha_publicacion": "Publicado 19 Feb 2021", "area": "Facturaci\u00f3n", "num_vacantes": "1 Vacante", "profesion": "Ingenier\u00eda industrial", "descripcion_general": "Descripci\u00f3n general                Multinacional del sector educativo requiere profesional en Ingenier\u00eda Industrial o Administraci\u00f3n de empresas con experiencia espec\u00edfica de m\u00ednimo dos a\u00f1os en procesamiento, planificaci\u00f3n y gesti\u00f3n de procesos de facturaci\u00f3n. Importante acreditar experiencia en temas como generaci\u00f3n de notas cr\u00e9dito, atenci\u00f3n de pedidos, devoluciones, estandarizaci\u00f3n de procesos, reportes de venta, servicio y atenci\u00f3n a clientes. Indispensable experiencia en ERP, CRM y Plataformas de emisi\u00f3n de facturas, nivel de excel avanzado y nivel de ingl\u00e9s intermedio. Deseable conocimiento y/o experiencia en el uso de TIC a nivel usuario y administrador. Competencias importantes apertura al cambio, trabajo en equipo, responsabilidad, servicio al cliente, aprendizaje continuo, dinamismo, resolutividad.Principales responsabilidades: Procesamiento de pedidos de producto f\u00edsico, entrega de reportes de venta, participar en la construccio\u00b4n de acuerdos de servicio con las a\u00b4reas interrelacionadas, seguimiento a los acuerdos de servicio con distribuidores y clientes directos, planificaci\u00f3n y desarrollo de las temporadas de facturacio\u00b4n, gesti\u00f3n y monitoreo de pedidos y devoluciones, realizaci\u00f3n de cotizaciones, cargue de precios, productos y servicios en el sistema, entre otros.Salario: 2 '500.000 a 2 '800.000   pesos colombianos, 50% de medicina prepagada, Bono de alimentaci\u00f3n por valor de 300.000 mensual, Bono anual por cumplimiento de objetivos. Contrataci\u00f3n: Directa con la compa\u00f1\u00eda a t\u00e9rmino indefinido.                    Multinacional del sector educativo requiere profesional en Ingenier\u00eda Industrial o Administraci\u00f3n de empresas con experiencia espec\u00edfica de m\u00ednimo dos a\u00f1os en procesamiento, planificaci\u00f3n y gesti\u00f3n de procesos de facturaci\u00f3n. Importante acreditar experiencia en temas como generaci\u00f3n de notas cr\u00e9dito, atenci\u00f3n de pedidos, devoluciones, estandarizaci\u00f3n de procesos, reportes de venta, servicio y atenci\u00f3n a clientes. Indispensable experiencia en ERP, CRM y Plataformas de emisi\u00f3n de facturas, nivel de excel avanzado y nivel de ingl\u00e9s intermedio. Deseable conocimiento y/o experiencia en el uso de TIC a nivel usuario y administrador. Competencias importantes apertura al cambio, trabajo en equipo, responsabilidad, servicio al cliente, aprendizaje continuo, dinamismo, resolutividad.Principales responsabilidades: Procesamiento de pedidos de producto f\u00edsico, entrega de reportes de venta, participar en la construccio\u00b4n de acuerdos de servicio con las a\u00b4reas interrelacionadas, seguimiento a los acuerdos de servicio con distribuidores y clientes directos, planificaci\u00f3n y desarrollo de las temporadas de facturacio\u00b4n, gesti\u00f3n y monitoreo de pedidos y devoluciones, realizaci\u00f3n de cotizaciones, cargue de precios, productos y servicios en el sistema, entre otros.Salario: 2 '500.000 a 2 '800.000   pesos colombianos, 50% de medicina prepagada, Bono de alimentaci\u00f3n por valor de 300.000 mensual, Bono anual por cumplimiento de objetivos. Contrataci\u00f3n: Directa con la compa\u00f1\u00eda a t\u00e9rmino indefinido.                            Profesional                            Universitaria            Ingenier\u00eda industrialAdministraci\u00f3n de empresasIngenier\u00eda administrativa4 a\u00f1os de experiencia                1                Vacante            Competencias para la vacante                                            Facturaci\u00f3n                                                                                    pedidos", "tipo_contrato": "Contrato Indefinido", "nivel_educativo": "Universitaria", "categoria": "Profesional", "sector": "Impresi\u00f3n editorial", "experiencia": "4 a\u00f1os de experiencia", "id_empleo": "1884646409", "competencias": "Facturaci\u00f3n,pedidos"}