{"url_empleo": "https://www.elempleo.com/co/ofertas-trabajo/auxiliar-mantenimiento-bogota/1884668474", "fecha_recuperacion": "2021-03-01-22-16", "titulo_oferta": "Auxiliar mantenimiento bogot\u00e1", "salario": "Menos de $1 mill\u00f3n", "ciudad": "Bogot\u00e1 alrededores", "fecha_publicacion": "Publicado 17 Feb 2021", "area": "Mantenimiento", "num_vacantes": "1 Vacante", "profesion": "Bachillerato Acad\u00e9mico", "descripcion_general": "Descripci\u00f3n general                Importante empresa de montaje, instalaci\u00f3n y mantenimiento de aire acondicionado, solicita para su equipo de trabajo un Auxiliar de Mantenimiento, bachiller acad\u00e9mico, deseable con curso de alturas vigente, experiencia m\u00ednima de 1 a\u00f1o en empresas del ramo a afines realizando funciones de mantenimiento preventivo y correctivo de sistemas de aire acondicionado. Contrato directo por la empresa, salario m\u00ednimo legal vigente con prestaciones de ley, disponibilidad de tiempo completo de domingo a domingo, no estar estudiando.                    Importante empresa de montaje, instalaci\u00f3n y mantenimiento de aire acondicionado, solicita para su equipo de trabajo un Auxiliar de Mantenimiento, bachiller acad\u00e9mico, deseable con curso de alturas vigente, experiencia m\u00ednima de 1 a\u00f1o en empresas del ramo a afines realizando funciones de mantenimiento preventivo y correctivo de sistemas de aire acondicionado. Contrato directo por la empresa, salario m\u00ednimo legal vigente con prestaciones de ley, disponibilidad de tiempo completo de domingo a domingo, no estar estudiando.                            Auxiliar, asistencial y otros                            Media (10\u00b0 - 13\u00b0)            Bachillerato Acad\u00e9micoBachillerato T\u00e9cnico1 a\u00f1o de experiencia                1                Vacante            Competencias para la vacante                                            mantenimiento                                                                                    Aire Acondicionado                                                                                    auxiliar", "tipo_contrato": "Contrato Definido", "nivel_educativo": "Media (10\u00b0 - 13\u00b0)", "categoria": "Auxiliar, asistencial y otros", "sector": "Acondicionamiento y terminaci\u00f3n ...", "experiencia": "1 a\u00f1o de experiencia", "id_empleo": "1884668474", "competencias": "mantenimiento,Aire Acondicionado,auxiliar"}