{"url_empleo": "https://www.elempleo.com/co/ofertas-trabajo/software-developer/1884636001", "fecha_recuperacion": "2021-03-01-22-06", "titulo_oferta": "Software developer", "salario": "$4,5 a $5,5 millones", "ciudad": "Medell\u00edn", "fecha_publicacion": "Publicado 25 Feb 2021", "area": "Sistemas y Tecnolog\u00eda", "num_vacantes": "1 Vacante", "profesion": "Ingenier\u00eda de sistemas  Computaci\u00f3n", "descripcion_general": "Descripci\u00f3n general                No somos una f\u00e1brica de software que hace software para otras empresas, o  que vende tiempo u horas de ingenier\u00eda, somos una empresa Colombiana que hace sus propios productos:  Orquestadores para la remediaci\u00f3n de vulnerabilidades. Troyanos para penetraci\u00f3n de sistemas empresariales.Motores de confirmaci\u00f3n de vulnerabilidades reales para romper el build en integradores continuos.Data pipelines que extraen datos para luego ser analizados con t\u00e9cnicas de Bigdata. Nosotros mismos controlamos el roadmap de producto y decidimos que se incorpora en nuestros productos.Aborrecemos la planeaci\u00f3n excesiva, las reuniones in\u00fatiles, creemos en el poder de la programaci\u00f3n y que el c\u00f3digo es el que habla por ti, no los manuales ni la documentaci\u00f3n. Amamos Python con Duck Typing como herramienta central de desarrollo, el frontend est\u00e1 construido en Typescript y React usando solo componentes stateless y con tipos estrictosLa comunicaci\u00f3n de API no es el viejo y desactualizado REST, en Fluid Attacks usamos GraphQL. Git nos permite guiar el desarrollo de todos los productos, todos ellos est\u00e1n publicados en nuestro sitio web, pues creemos que la seguridad se logra a trav\u00e9s de la transparencia y el escrutinio p\u00fablico. No decimos que somos DevOps, vivimos DevOps haciendo m\u00e1s de 5 despliegues diarios a producci\u00f3n. Toda la infraestructura est\u00e1 como c\u00f3digo en Terraform, desplegada en AWS y sobre un cluster Kubernetes que el coraz\u00f3n de nuestra operaci\u00f3n y que nos permite tener sistemas con alta disponibilidad. Si no sabes qu\u00e9 es lo que dijimos arriba, no importa, si quieres ser parte del equipo, buscamos matem\u00e1ticos, ingenieros civiles, de sistemas, electr\u00f3nicos, en realidad no nos importa que estudiaste o que sabes, sino qu\u00e9 puedes aprender y qu\u00e9 tan disciplinado eres. Detalles:Tipo de contrato: T\u00e9rmino IndefinidoExperiencia: 0 a 15 a\u00f1osIngl\u00e9s: IntermedioSalario: 1.800.000 a 14.800.000 COPLugar: Medell\u00edn y Bogot\u00e1                    No somos una f\u00e1brica de software que hace software para otras empresas, o  que vende tiempo u horas de ingenier\u00eda, somos una empresa Colombiana que hace sus propios productos:  Orquestadores para la remediaci\u00f3n de vulnerabilidades. Troyanos para penetraci\u00f3n de sistemas empresariales.Motores de confirmaci\u00f3n de vulnerabilidades reales para romper el build en integradores continuos.Data pipelines que extraen datos para luego ser analizados con t\u00e9cnicas de Bigdata. Nosotros mismos controlamos el roadmap de producto y decidimos que se incorpora en nuestros productos.Aborrecemos la planeaci\u00f3n excesiva, las reuniones in\u00fatiles, creemos en el poder de la programaci\u00f3n y que el c\u00f3digo es el que habla por ti, no los manuales ni la documentaci\u00f3n. Amamos Python con Duck Typing como herramienta central de desarrollo, el frontend est\u00e1 construido en Typescript y React usando solo componentes stateless y con tipos estrictosLa comunicaci\u00f3n de API no es el viejo y desactualizado REST, en Fluid Attacks usamos GraphQL. Git nos permite guiar el desarrollo de todos los productos, todos ellos est\u00e1n publicados en nuestro sitio web, pues creemos que la seguridad se logra a trav\u00e9s de la transparencia y el escrutinio p\u00fablico. No decimos que somos DevOps, vivimos DevOps haciendo m\u00e1s de 5 despliegues diarios a producci\u00f3n. Toda la infraestructura est\u00e1 como c\u00f3digo en Terraform, desplegada en AWS y sobre un cluster Kubernetes que el coraz\u00f3n de nuestra operaci\u00f3n y que nos permite tener sistemas con alta disponibilidad. Si no sabes qu\u00e9 es lo que dijimos arriba, no importa, si quieres ser parte del equipo, buscamos matem\u00e1ticos, ingenieros civiles, de sistemas, electr\u00f3nicos, en realidad no nos importa que estudiaste o que sabes, sino qu\u00e9 puedes aprender y qu\u00e9 tan disciplinado eres. Detalles:Tipo de contrato: T\u00e9rmino IndefinidoExperiencia: 0 a 15 a\u00f1osIngl\u00e9s: IntermedioSalario: 1.800.000 a 14.800.000 COPLugar: Medell\u00edn y Bogot\u00e1                            Profesional                            Universitaria            Ingenier\u00eda de sistemas  Computaci\u00f3n                1                Vacante            Competencias para la vacante                                            Developer                                                                                    Python                                                                                    React                                                                                    Javascript", "tipo_contrato": "Contrato Indefinido", "nivel_educativo": "Universitaria", "categoria": "Profesional", "sector": "Inform\u00e1ticos", "experiencia": "", "id_empleo": "1884636001", "competencias": "Developer,Python,React,Javascript"}