{"url_empleo": "https://www.elempleo.com/co/ofertas-trabajo/operario-electricista/1884643514", "fecha_recuperacion": "2021-03-01-22-05", "titulo_oferta": "Operario electricista", "salario": "Menos de $1 mill\u00f3n", "ciudad": "Cali", "fecha_publicacion": "Publicado 25 Feb 2021", "area": "Producci\u00f3n", "num_vacantes": "1 Vacante", "profesion": "Sin Profesi\u00f3n", "descripcion_general": "Descripci\u00f3n general                Se requiere Operario bachiller o con formaci\u00f3n t\u00e9cnica en electricidad, con experiencia m\u00ednima de 6 meses en  electricidad o electr\u00f3nica. SALARIO: $ 950.000 + PRESTACIONES. HORARIOS: Turnos rotativos de acuerdo a necesidad del \u00e1rea de producci\u00f3n.                    Se requiere Operario bachiller o con formaci\u00f3n t\u00e9cnica en electricidad, con experiencia m\u00ednima de 6 meses en  electricidad o electr\u00f3nica. SALARIO: $ 950.000 + PRESTACIONES. HORARIOS: Turnos rotativos de acuerdo a necesidad del \u00e1rea de producci\u00f3n.                            Auxiliar, asistencial y otros                            T\u00e9cnico Laboral            Sin Profesi\u00f3nMenos de un a\u00f1o de experiencia                1                Vacante            Competencias para la vacante                                            operario                                                                                    electricista", "tipo_contrato": "", "nivel_educativo": "T\u00e9cnico Laboral", "categoria": "Auxiliar, asistencial y otros", "sector": "Agencias de publicidad", "experiencia": "Menos de un a\u00f1o de experiencia", "id_empleo": "1884643514", "competencias": "operario,electricista"}