{"url_empleo": "https://www.elempleo.com/co/ofertas-trabajo/asesor-comercial-bogota/1884655928", "fecha_recuperacion": "2021-03-01-22-11", "titulo_oferta": "Asesor comercial bogota", "salario": "Salario a convenir", "ciudad": "Bogot\u00e1", "fecha_publicacion": "Publicado 22 Feb 2021", "area": "Ventas", "num_vacantes": "1 Vacante", "profesion": "Bachillerato Acad\u00e9mico", "descripcion_general": "Descripci\u00f3n general                POR CRECIMIENTO SE APERTURA 20 VACANTES DE (ASESORES COMERCIALES) EN UNA PRESTIGIOSA Y  RECONOCIDA EMPRESA DE TELECOMUNICACIONES LLAMADA CLARO. REQUISITOS:1. EXPERIENCIA M\u00cdNIMO 2 A\u00d1OS NETAMENTE COMERCIAL2. ESTUDIOS: T\u00c9CNICOS O  TECNOLOGICOS (CARRERAS COMERCIALES y/o CARRERAS A FINES)3. DISPONIBILIDAD TIEMPO COMPLETO CARACTER\u00cdSTICAS DEL CARGO: *SE TRABAJA EN NUESTROS PUNTOS DE VENTA (CENTROS COMERCIALES)*DE LUNES A S\u00c1BADO Y 2 DOMINGOS AL MES*D\u00cdA COMPENSATORIO ENTRE SEMANA *HORARIOS ROTATIVOS 8 HORAS NO SOMOS UNA TEMPORAL, CONTRATACI\u00d3N INMEDIATA Y TERMINO INDEFINIDONO TE PIERDAS LA OPORTUNIDAD DE TENER CON NOSOTROS ESTA GRANDIOSA OPORTUNIDAD DE ESTAR ESTABLEMENTE LABORAL                    POR CRECIMIENTO SE APERTURA 20 VACANTES DE (ASESORES COMERCIALES) EN UNA PRESTIGIOSA Y  RECONOCIDA EMPRESA DE TELECOMUNICACIONES LLAMADA CLARO. REQUISITOS:1. EXPERIENCIA M\u00cdNIMO 2 A\u00d1OS NETAMENTE COMERCIAL2. ESTUDIOS: T\u00c9CNICOS O  TECNOLOGICOS (CARRERAS COMERCIALES y/o CARRERAS A FINES)3. DISPONIBILIDAD TIEMPO COMPLETO CARACTER\u00cdSTICAS DEL CARGO: *SE TRABAJA EN NUESTROS PUNTOS DE VENTA (CENTROS COMERCIALES)*DE LUNES A S\u00c1BADO Y 2 DOMINGOS AL MES*D\u00cdA COMPENSATORIO ENTRE SEMANA *HORARIOS ROTATIVOS 8 HORAS NO SOMOS UNA TEMPORAL, CONTRATACI\u00d3N INMEDIATA Y TERMINO INDEFINIDONO TE PIERDAS LA OPORTUNIDAD DE TENER CON NOSOTROS ESTA GRANDIOSA OPORTUNIDAD DE ESTAR ESTABLEMENTE LABORAL                            Auxiliar, asistencial y otros                            Media (10\u00b0 - 13\u00b0)            Bachillerato Acad\u00e9mico2 a\u00f1os de experiencia                1                Vacante            Competencias para la vacante                                            VENTAS                                                                                    ASESOR                                                                                    VENDEDOR", "tipo_contrato": "Contrato Indefinido", "nivel_educativo": "Media (10\u00b0 - 13\u00b0)", "categoria": "Auxiliar, asistencial y otros", "sector": "Equipos de telecomunicaciones", "experiencia": "2 a\u00f1os de experiencia", "id_empleo": "1884655928", "competencias": "VENTAS,ASESOR,VENDEDOR"}