{"url_empleo": "https://www.elempleo.com/co/ofertas-trabajo/medico-generalservicio-de-urgencias-medellin/1884494556", "fecha_recuperacion": "2021-03-01-22-12", "titulo_oferta": "Medico general-servicio de urgencias medell\u00edn", "salario": "$5,5 a $6 millones", "ciudad": "Medell\u00edn", "fecha_publicacion": "Publicado 21 Feb 2021", "area": "Salud", "num_vacantes": "1 Vacante", "profesion": "Medicina", "descripcion_general": "Descripci\u00f3n general                Importante IPS en Medell\u00edn requiere para su equipo de trabajo, profesional en Medicina General, con experiencia en el servicio de urgencias.-Preferiblemente con curso de BLS - ACLS-Horario de trabajo: turnos rotativos. Disponibilidad: inmediata.Salario: 6.100.000.                    Importante IPS en Medell\u00edn requiere para su equipo de trabajo, profesional en Medicina General, con experiencia en el servicio de urgencias.-Preferiblemente con curso de BLS - ACLS-Horario de trabajo: turnos rotativos. Disponibilidad: inmediata.Salario: 6.100.000.                            Profesional                            Universitaria            Medicina1 a\u00f1o de experiencia                1                Vacante            Competencias para la vacante                                            M\u00e9dico para urgencias.                                                                                    Medell\u00edn                                                                                    Experiencia en el servicios de urgencias", "tipo_contrato": "Contrato Otro", "nivel_educativo": "Universitaria", "categoria": "Profesional", "sector": "Otros", "experiencia": "1 a\u00f1o de experiencia", "id_empleo": "1884494556", "competencias": "M\u00e9dico para urgencias.,Medell\u00edn,Experiencia en el servicios de urgencias"}