{"url_empleo": "https://www.elempleo.com/co/ofertas-trabajo/coordinador-comercial-chaparral/1884135227", "fecha_recuperacion": "2021-03-01-22-16", "titulo_oferta": "Coordinador comercial chaparral", "salario": "$1 a $1,5 millones", "ciudad": "Chaparral", "fecha_publicacion": "Publicado 17 Feb 2021", "area": "Comercial, Ventas y Telemercadeo", "num_vacantes": "2 Vacantes", "profesion": "Administraci\u00f3n de empresas", "descripcion_general": "Descripci\u00f3n general                Empresa de telecomunicaciones, requiere Profesional en ADMON DE TELECOMUNICACIONES y/o carreras afines, cargo COORDINADOR COMERCIAL con AMPLIA EXPERIENCIA en ventas en calle, trabajo de campo, manejo de grupo de trabajo, manejo de dinero, servicio al cliente y cumplimiento de metas,. Salario b\u00e1sico $ 900..000 + comisiones + bonificaciones e incentivos, disponibilidad de tiempo completo. Contrato a t\u00e9rmino indefinido, prestaciones de ley y vinculaci\u00f3n directa. Horario de Lunes a S\u00e1bado Y dos Domingos al mes. Se necesita personal que viva en en CHAPARRAL                    Empresa de telecomunicaciones, requiere Profesional en ADMON DE TELECOMUNICACIONES y/o carreras afines, cargo COORDINADOR COMERCIAL con AMPLIA EXPERIENCIA en ventas en calle, trabajo de campo, manejo de grupo de trabajo, manejo de dinero, servicio al cliente y cumplimiento de metas,. Salario b\u00e1sico $ 900..000 + comisiones + bonificaciones e incentivos, disponibilidad de tiempo completo. Contrato a t\u00e9rmino indefinido, prestaciones de ley y vinculaci\u00f3n directa. Horario de Lunes a S\u00e1bado Y dos Domingos al mes. Se necesita personal que viva en en CHAPARRAL                            Profesional                            Universitaria            Administraci\u00f3n de empresas2 a\u00f1os de experienciaCoordinador                2                Vacantes            Competencias para la vacante", "tipo_contrato": "Contrato Indefinido", "nivel_educativo": "Universitaria", "categoria": "Profesional", "sector": "Celulares", "experiencia": "2 a\u00f1os de experiencia", "id_empleo": "1884135227", "competencias": ""}