{"url_empleo": "https://www.elempleo.com/co/ofertas-trabajo/auxiliar-ventas-neiva/1884642363", "fecha_recuperacion": "2021-03-01-22-10", "titulo_oferta": "Auxiliar ventas neiva", "salario": "Salario a convenir", "ciudad": "Neiva", "fecha_publicacion": "Publicado 23 Feb 2021", "area": "Comercial, Ventas y Telemercadeo", "num_vacantes": "1 Vacante", "profesion": "Bachillerato Acad\u00e9mico", "descripcion_general": "Descripci\u00f3n general                Importante almac\u00e9n de cadena solicita AUXILIARES DE VENTAS en NEIVA,  personas responsables, con buena presentaci\u00f3n personal, din\u00e1micas, buen servicio al cliente. Tener m\u00ednimo 6 meses de experiencia reciente en el cargo, que haya laborado en Almacenes de cadena. Disponibilidad para laborar de lunes a Domingo, salario $910.000 mas prestaciones de ley contrato directo con la compa\u00f1\u00eda. Vacante en NEIVA.                    Importante almac\u00e9n de cadena solicita AUXILIARES DE VENTAS en NEIVA,  personas responsables, con buena presentaci\u00f3n personal, din\u00e1micas, buen servicio al cliente. Tener m\u00ednimo 6 meses de experiencia reciente en el cargo, que haya laborado en Almacenes de cadena. Disponibilidad para laborar de lunes a Domingo, salario $910.000 mas prestaciones de ley contrato directo con la compa\u00f1\u00eda. Vacante en NEIVA.                            Auxiliar, asistencial y otros                            Media (10\u00b0 - 13\u00b0)            Bachillerato Acad\u00e9micoBachillerato ComercialBachillerato T\u00e9cnicoMenos de un a\u00f1o de experiencia                1                Vacante            Competencias para la vacante                                            ventas                                                                                    CONSUMO MASIVO                                                                                    ventas neiva                                                                                    auxiliar de ventas", "tipo_contrato": "Contrato Definido", "nivel_educativo": "Media (10\u00b0 - 13\u00b0)", "categoria": "Auxiliar, asistencial y otros", "sector": "Consumo masivo", "experiencia": "Menos de un a\u00f1o de experiencia", "id_empleo": "1884642363", "competencias": "ventas,CONSUMO MASIVO,ventas neiva,auxiliar de ventas"}