{"url_empleo": "https://www.elempleo.com/co/ofertas-trabajo/asesor-de-cartera/1884657201", "fecha_recuperacion": "2021-03-01-22-06", "titulo_oferta": "Asesor de cartera", "salario": "Salario a convenir", "ciudad": "Cali", "fecha_publicacion": "Publicado 25 Feb 2021", "area": "Sin Definir", "num_vacantes": "1 Vacante", "profesion": "Otra", "descripcion_general": "Descripci\u00f3n general                Importante empresa a nivel nacional requiere para su equipo de trabajo ASESOR DE COBRANZA CON EXPERIENCIA certificada m\u00ednima de 1 A\u00d1O en cobro de cartera castigada, /o Pre - Jur\u00eddico y Jur\u00eddico del sector financiero. HORARIO: lunes a viernes de 7:30 a.m a 5:00 p.m y s\u00e1bados de 8:00 a.m a 12:00 p.m. SALARIO: 908.526 + auxilio de transporte + comisiones prestacionales + contrato directo con la compa\u00f1\u00eda. Si cumple con el perfil por favor aplicar su hoja de vida, de lo contrario abstenerse.                    Importante empresa a nivel nacional requiere para su equipo de trabajo ASESOR DE COBRANZA CON EXPERIENCIA certificada m\u00ednima de 1 A\u00d1O en cobro de cartera castigada, /o Pre - Jur\u00eddico y Jur\u00eddico del sector financiero. HORARIO: lunes a viernes de 7:30 a.m a 5:00 p.m y s\u00e1bados de 8:00 a.m a 12:00 p.m. SALARIO: 908.526 + auxilio de transporte + comisiones prestacionales + contrato directo con la compa\u00f1\u00eda. Si cumple con el perfil por favor aplicar su hoja de vida, de lo contrario abstenerse.                            Auxiliar, asistencial y otros                            Media (10\u00b0 - 13\u00b0)            Otra6 a\u00f1os de experiencia                1                Vacante            Competencias para la vacante                                            asesor", "tipo_contrato": "Contrato Definido", "nivel_educativo": "Media (10\u00b0 - 13\u00b0)", "categoria": "Auxiliar, asistencial y otros", "sector": "Operadores, agentes y terminales", "experiencia": "6 a\u00f1os de experiencia", "id_empleo": "1884657201", "competencias": "asesor"}