{"url_empleo": "https://www.elempleo.com/co/ofertas-trabajo/docente-/1884651480", "fecha_recuperacion": "2021-03-01-22-15", "titulo_oferta": "Docente -44", "salario": "Salario a convenir", "ciudad": "Bucaramanga", "fecha_publicacion": "Publicado 18 Feb 2021", "area": "Docencia", "num_vacantes": "1 Vacante", "profesion": "Fisioterapia", "descripcion_general": "Descripci\u00f3n general                Importante Instituci\u00f3n de Educaci\u00f3n Superior busca para su banco de hojas de vida para completar su planta docente para el a\u00f1o 2021 en la ciudad de Bucaramanga.FISIOTERAPEUTA. Docente de pr\u00e1ctica Fisioterapia MT. Formaci\u00f3n posgradual en \u00e1reas de neurorrehabilitaci\u00f3n, discapacidad. Experiencia docente. Habilidades en investigaci\u00f3n. Docente para pr\u00e1ctica formativa, con experiencia de 2 a\u00f1os en docencia y en el campo disciplinar en el \u00e1rea de neurohabilitaci\u00f3n.                    Importante Instituci\u00f3n de Educaci\u00f3n Superior busca para su banco de hojas de vida para completar su planta docente para el a\u00f1o 2021 en la ciudad de Bucaramanga.FISIOTERAPEUTA. Docente de pr\u00e1ctica Fisioterapia MT. Formaci\u00f3n posgradual en \u00e1reas de neurorrehabilitaci\u00f3n, discapacidad. Experiencia docente. Habilidades en investigaci\u00f3n. Docente para pr\u00e1ctica formativa, con experiencia de 2 a\u00f1os en docencia y en el campo disciplinar en el \u00e1rea de neurohabilitaci\u00f3n.                            Profesional                            Especializaci\u00f3n            Fisioterapia2 a\u00f1os de experiencia                1                Vacante            Competencias para la vacante                                            fisioterapeutas                                                                                    DOCENTE                                                                                    neurohabilitaci\u00f3n", "tipo_contrato": "", "nivel_educativo": "Especializaci\u00f3n", "categoria": "Profesional", "sector": "Universidades", "experiencia": "2 a\u00f1os de experiencia", "id_empleo": "1884651480", "competencias": "fisioterapeutas,DOCENTE,neurohabilitaci\u00f3n"}