{"url_empleo": "https://www.elempleo.com/co/ofertas-trabajo/auxiliar-de-enfermeria/1884568728", "fecha_recuperacion": "2021-03-01-22-16", "titulo_oferta": "Auxiliar de enfermeria", "salario": "$1 a $1,5 millones", "ciudad": "Bogot\u00e1", "fecha_publicacion": "Publicado 17 Feb 2021", "area": "Salud", "num_vacantes": "1 Vacante", "profesion": "Enfermer\u00eda", "descripcion_general": "Descripci\u00f3n general                Importante empresa del sector salud requiere Auxiliar de enfermer\u00eda, con conocimientos t\u00e9cnicos en procesos asistenciales, manejo de pacientes con patolog\u00eda mental y conocimiento en medicina interna, BLS, experiencia de sistema de referencia y contrarreferencia, administraci\u00f3n de medicamentos, manejo de office y equipos de computo. Misi\u00f3n general del cargo: Atender y prestar de manera integral y directa  el cuidado de enfermer\u00eda al paciente con patolog\u00eda mental y direccionar cuidado de enfermer\u00eda a pacientes cr\u00f3nicos y paliativos, promoviendo auto-cuidado y apoyo en todas las necesidades del paciente y su red.\t\t Contrato termino definido a 6 meses con opci\u00f3n de prorroga de acuerdo a desempe\u00f1o laboral.                    Importante empresa del sector salud requiere Auxiliar de enfermer\u00eda, con conocimientos t\u00e9cnicos en procesos asistenciales, manejo de pacientes con patolog\u00eda mental y conocimiento en medicina interna, BLS, experiencia de sistema de referencia y contrarreferencia, administraci\u00f3n de medicamentos, manejo de office y equipos de computo. Misi\u00f3n general del cargo: Atender y prestar de manera integral y directa  el cuidado de enfermer\u00eda al paciente con patolog\u00eda mental y direccionar cuidado de enfermer\u00eda a pacientes cr\u00f3nicos y paliativos, promoviendo auto-cuidado y apoyo en todas las necesidades del paciente y su red.\t\t Contrato termino definido a 6 meses con opci\u00f3n de prorroga de acuerdo a desempe\u00f1o laboral.                            Auxiliar, asistencial y otros                            Tecnol\u00f3gica            Enfermer\u00eda1 a\u00f1o de experiencia                1                Vacante            Competencias para la vacante                                            enfermeria", "tipo_contrato": "Contrato Definido", "nivel_educativo": "Tecnol\u00f3gica", "categoria": "Auxiliar, asistencial y otros", "sector": "Servicios hospitalarios, m\u00e9dicos...", "experiencia": "1 a\u00f1o de experiencia", "id_empleo": "1884568728", "competencias": "enfermeria"}