{"url_empleo": "https://www.elempleo.com/co/ofertas-trabajo/director-operaciones/1884215819", "fecha_recuperacion": "2021-03-01-22-13", "titulo_oferta": "Director operaciones", "salario": "$8 a $10 millones", "ciudad": "Bogot\u00e1", "fecha_publicacion": "Publicado 19 Feb 2021", "area": "Consultoria", "num_vacantes": "1 Vacante", "profesion": "Ingenier\u00eda administrativa", "descripcion_general": "Descripci\u00f3n general                Ingeniero Civil con experiencia en direccionamiento de parqueaderos, para prestar un servicio directo a clientes selectivos.                    Ingeniero Civil con experiencia en direccionamiento de parqueaderos, para prestar un servicio directo a clientes selectivos.                            Presidente                            Universitaria            Ingenier\u00eda administrativa4 a\u00f1os de experiencia                1                Vacante            Competencias para la vacante                                            administrador de servicios", "tipo_contrato": "Contrato Por obra o labor", "nivel_educativo": "Universitaria", "categoria": "Presidente", "sector": "Ingenier\u00eda civil", "experiencia": "4 a\u00f1os de experiencia", "id_empleo": "1884215819", "competencias": "administrador de servicios"}