{"url_empleo": "https://www.elempleo.com/co/ofertas-trabajo/vendedor-con-conocimientos-en-ferreteria-y-ppinturas-oriente-antioqueno/1884584028", "fecha_recuperacion": "2021-03-01-22-03", "titulo_oferta": "Vendedor  con conocimientos en ferreteria y ppinturas oriente antioque\u00f1o", "salario": "$1 a $1,5 millones", "ciudad": "Llano Grande", "fecha_publicacion": "Publicado 26 Feb 2021", "area": "Comercial, Ventas y Telemercadeo", "num_vacantes": "1 Vacante", "profesion": "Bachillerato Acad\u00e9mico", "descripcion_general": "Descripci\u00f3n general                Importante empresa del sector necesita urgente personal como t\u00fa para que haga parte de su equipo de trabajo.Perfil: bachillerEXPERIENCIA laboral: 1a\u00f1o en adelante en el sector ferretero, pinturas, construcci\u00f3n o afines.Conocimiento: Conocimientos en negociaci\u00f3n, log\u00edstica, atenci\u00f3n y servicio al clienteRESPONSABILIDADES Entonaci\u00f3n del color, log\u00edstica, manejo de productos qu\u00edmicos, manejo de punto de venta, atenci\u00f3n al cliente, t\u00e9cnicas de negociaci\u00f3n, conocimientos b\u00e1sicos en calidad. Suministrar informaci\u00f3n de los productos y servicios de los almacenes ya se personalmente o telef\u00f3nicamente, asesor\u00eda en abanico de color, domicilios, manejo de caja menor, inventarios, Horario: lunes a s\u00e1bado Jornada 8 horas.Salario: + comisiones por ventas Contrato indefinido                    Importante empresa del sector necesita urgente personal como t\u00fa para que haga parte de su equipo de trabajo.Perfil: bachillerEXPERIENCIA laboral: 1a\u00f1o en adelante en el sector ferretero, pinturas, construcci\u00f3n o afines.Conocimiento: Conocimientos en negociaci\u00f3n, log\u00edstica, atenci\u00f3n y servicio al clienteRESPONSABILIDADES Entonaci\u00f3n del color, log\u00edstica, manejo de productos qu\u00edmicos, manejo de punto de venta, atenci\u00f3n al cliente, t\u00e9cnicas de negociaci\u00f3n, conocimientos b\u00e1sicos en calidad. Suministrar informaci\u00f3n de los productos y servicios de los almacenes ya se personalmente o telef\u00f3nicamente, asesor\u00eda en abanico de color, domicilios, manejo de caja menor, inventarios, Horario: lunes a s\u00e1bado Jornada 8 horas.Salario: + comisiones por ventas Contrato indefinido                            Auxiliar, asistencial y otros                            Media (10\u00b0 - 13\u00b0)            Bachillerato Acad\u00e9mico1 a\u00f1o de experiencia                1                Vacante            Competencias para la vacante                                            vendedor                                                                                    asesor", "tipo_contrato": "Contrato Indefinido", "nivel_educativo": "Media (10\u00b0 - 13\u00b0)", "categoria": "Auxiliar, asistencial y otros", "sector": "Abonos, plaguicidas y qu\u00edmicos a...", "experiencia": "1 a\u00f1o de experiencia", "id_empleo": "1884584028", "competencias": "vendedor,asesor"}