{"url_empleo": "https://www.elempleo.com/co/ofertas-trabajo/enfermero-a-urgencias/1884525632", "fecha_recuperacion": "2021-03-01-22-05", "titulo_oferta": "Enfermero (a) urgencias", "salario": "$2,5 a $3 millones", "ciudad": "Bogot\u00e1", "fecha_publicacion": "Publicado 25 Feb 2021", "area": "Salud", "num_vacantes": "1 Vacante", "profesion": "Enfermer\u00eda", "descripcion_general": "Descripci\u00f3n general                Estamos en b\u00fasqueda de:  Profesional de Enfermer\u00eda, con experiencia m\u00ednima de 1 a\u00f1o como enfermero asistencial en unidades o servicios de urgencias en instituciones de mediana o alta complejidad. Indispensable conocimientos y dominio en normatividad en salud vigente, certificaci\u00f3n vigente en c\u00f3digo azul y BLS. Contrato directo, con disponibilidad para turnos rotativos, fijo o indefinido seg\u00fan requerimiento y todas las prestaciones de ley.                    Estamos en b\u00fasqueda de:  Profesional de Enfermer\u00eda, con experiencia m\u00ednima de 1 a\u00f1o como enfermero asistencial en unidades o servicios de urgencias en instituciones de mediana o alta complejidad. Indispensable conocimientos y dominio en normatividad en salud vigente, certificaci\u00f3n vigente en c\u00f3digo azul y BLS. Contrato directo, con disponibilidad para turnos rotativos, fijo o indefinido seg\u00fan requerimiento y todas las prestaciones de ley.                            Profesional                            Universitaria            Enfermer\u00eda1 a\u00f1o de experiencia                1                Vacante            Competencias para la vacante                                            urgencias                                                                                    reanimaci\u00f3n                                                                                    observaci\u00f3n                                                                                    triage                                                                                    hidrataci\u00f3n", "tipo_contrato": "", "nivel_educativo": "Universitaria", "categoria": "Profesional", "sector": "Servicios hospitalarios, m\u00e9dicos...", "experiencia": "1 a\u00f1o de experiencia", "id_empleo": "1884525632", "competencias": "urgencias,reanimaci\u00f3n,observaci\u00f3n,triage,hidrataci\u00f3n"}