{"url_empleo": "https://www.elempleo.com/co/ofertas-trabajo/jefe-de-mantenimiento-y-proyectos/1884656435", "fecha_recuperacion": "2021-03-01-22-16", "titulo_oferta": "Jefe de mantenimiento y proyectos", "salario": "$5,5 a $6 millones", "ciudad": "Bogot\u00e1", "fecha_publicacion": "Publicado 17 Feb 2021", "area": "Mantenimiento", "num_vacantes": "1 Vacante", "profesion": "Ingenier\u00eda mec\u00e1nica", "descripcion_general": "Descripci\u00f3n general                Compa\u00f1\u00eda multinacional del sector de log\u00edstica y transporte con presencia nacional est\u00e1 en b\u00fasqueda del JEFE DEL \u00c1REA DE MANTENIMIENTO Y DE PROYECTOS. Buscamos ingeniero mec\u00e1nico o mecatr\u00f3nico con especializaci\u00f3n en \u00e1reas de proyectos y/o administrativas; con m\u00e1s de 5 a\u00f1os de experiencia como responsable de \u00e1reas de mantenimiento en compa\u00f1\u00edas del sector industrial, petrolero o de manufactura; con s\u00f3lidos conocimientos en la gesti\u00f3n y ejecuci\u00f3n de proyectos y la administraci\u00f3n de procesos de mantenimiento                    Compa\u00f1\u00eda multinacional del sector de log\u00edstica y transporte con presencia nacional est\u00e1 en b\u00fasqueda del JEFE DEL \u00c1REA DE MANTENIMIENTO Y DE PROYECTOS. Buscamos ingeniero mec\u00e1nico o mecatr\u00f3nico con especializaci\u00f3n en \u00e1reas de proyectos y/o administrativas; con m\u00e1s de 5 a\u00f1os de experiencia como responsable de \u00e1reas de mantenimiento en compa\u00f1\u00edas del sector industrial, petrolero o de manufactura; con s\u00f3lidos conocimientos en la gesti\u00f3n y ejecuci\u00f3n de proyectos y la administraci\u00f3n de procesos de mantenimiento                            Coordinador supervisor o especialista                            Especializaci\u00f3n            Ingenier\u00eda mec\u00e1nicaIngenier\u00eda mecatr\u00f3nica8 a\u00f1os de experiencia                1                Vacante            Competencias para la vacante                                            Mantenimiento                                                                                    Transporte Neum\u00e1tico                                                                                    Gesti\u00f3n de proyectos", "tipo_contrato": "Contrato Indefinido", "nivel_educativo": "Especializaci\u00f3n", "categoria": "Coordinador supervisor o especialista", "sector": "Transporte", "experiencia": "8 a\u00f1os de experiencia", "id_empleo": "1884656435", "competencias": "Mantenimiento,Transporte Neum\u00e1tico,Gesti\u00f3n de proyectos"}