{"url_empleo": "https://www.elempleo.com/co/ofertas-trabajo/aprendiz-en-etapa-productiva-salud-administracion/1884578166", "fecha_recuperacion": "2021-03-01-22-06", "titulo_oferta": "Aprendiz en etapa productiva salud/ administraci\u00f3n", "salario": "Menos de $1 mill\u00f3n", "ciudad": "Bogot\u00e1", "fecha_publicacion": "Publicado 24 Feb 2021", "area": "Salud", "num_vacantes": "1 Vacante", "profesion": "Enfermer\u00eda", "descripcion_general": "Descripci\u00f3n general                Reconocida EPS, requiere para su equipo de trabajo 5 Estudiantes de carreras t\u00e9cnicas, tecnol\u00f3gicas en administraci\u00f3n de servicios de salud, para realizar su etapa productiva de manera inmediata. Se solicita que se encuentren activos en el Servicio Nacional de Aprendizaje (SENA) para iniciar etapa productiva.                    Reconocida EPS, requiere para su equipo de trabajo 5 Estudiantes de carreras t\u00e9cnicas, tecnol\u00f3gicas en administraci\u00f3n de servicios de salud, para realizar su etapa productiva de manera inmediata. Se solicita que se encuentren activos en el Servicio Nacional de Aprendizaje (SENA) para iniciar etapa productiva.                            Auxiliar, asistencial y otros                            T\u00e9cnico Laboral            Enfermer\u00edaMenos de un a\u00f1o de experiencia                1                Vacante            Competencias para la vacante                                            Aprendiz                                                                                    salud", "tipo_contrato": "Contrato Contrato de aprendizaje", "nivel_educativo": "T\u00e9cnico Laboral", "categoria": "Auxiliar, asistencial y otros", "sector": "EPS", "experiencia": "Menos de un a\u00f1o de experiencia", "id_empleo": "1884578166", "competencias": "Aprendiz,salud"}