{"url_empleo": "https://www.elempleo.com/co/ofertas-trabajo/ejecutivoa-institucional/1884228508", "fecha_recuperacion": "2021-03-01-22-01", "titulo_oferta": "Ejecutivo/a institucional", "salario": "$2 a $2,5 millones", "ciudad": "Bogot\u00e1", "fecha_publicacion": "Publicado 1 Mar 2021", "area": "Comercial, Ventas y Telemercadeo", "num_vacantes": "1 Vacante", "profesion": "Administraci\u00f3n de empresas", "descripcion_general": "Descripci\u00f3n general                Empresa multinacional, l\u00edder en el sector de alimentos, requiere Ejecutivo Institucional, para atender grupo clientes estrat\u00e9gicos, apertura de clientes objetivo, experiencia en licitaciones. Profesional en carreras administrativas y/o comerciales; Experiencia de 2 a\u00f1os en \u00e1reas comerciales en el canal Institucional, Competencias: negociaci\u00f3n, resoluci\u00f3n de problemas, comunicaci\u00f3n efectiva, orientaci\u00f3n al logro, trabajo en equipo. Debe tener veh\u00edculo. Disponibilidad inmediata: B\u00e1sico + Comisiones, auxilio de movilizaci\u00f3n y contrato directo con la compa\u00f1\u00eda. para Bogot\u00e1                    Empresa multinacional, l\u00edder en el sector de alimentos, requiere Ejecutivo Institucional, para atender grupo clientes estrat\u00e9gicos, apertura de clientes objetivo, experiencia en licitaciones. Profesional en carreras administrativas y/o comerciales; Experiencia de 2 a\u00f1os en \u00e1reas comerciales en el canal Institucional, Competencias: negociaci\u00f3n, resoluci\u00f3n de problemas, comunicaci\u00f3n efectiva, orientaci\u00f3n al logro, trabajo en equipo. Debe tener veh\u00edculo. Disponibilidad inmediata: B\u00e1sico + Comisiones, auxilio de movilizaci\u00f3n y contrato directo con la compa\u00f1\u00eda. para Bogot\u00e1                            Profesional                            Universitaria            Administraci\u00f3n de empresasAdministraci\u00f3n de negociosIngenier\u00eda de MercadosEspecializaci\u00f3n en Mercadeo2 a\u00f1os de experiencia                1                Vacante            Competencias para la vacante                                            ventas                                                                                    Ejecutivo institucional", "tipo_contrato": "Contrato Indefinido", "nivel_educativo": "Universitaria", "categoria": "Profesional", "sector": "Distribuci\u00f3n / Consumo masivo de...", "experiencia": "2 a\u00f1os de experiencia", "id_empleo": "1884228508", "competencias": "ventas,Ejecutivo institucional"}