{"url_empleo": "https://www.elempleo.com/co/ofertas-trabajo/jefe-de-planta/1884364481", "fecha_recuperacion": "2021-03-01-22-17", "titulo_oferta": "Jefe de planta", "salario": "$3,5 a $4 millones", "ciudad": "Bogot\u00e1", "fecha_publicacion": "Publicado 17 Feb 2021", "area": "Log\u00edstica y Distribuci\u00f3n", "num_vacantes": "1 Vacante", "profesion": "Ingenier\u00eda industrial", "descripcion_general": "Descripci\u00f3n general                EMPRESA DEDICADA A LA COMERCIALIZACI\u00d3N DE SISTEMAS DE ENCOFRADOS Y ANDAMIOS PARA EL SECTOR DE LA CONSTRUCCI\u00d3N, REQUIERE PROFESIONAL EN INGENIER\u00cdA MEC\u00c1NICA PARA EL CARGO DE JEFE DE PLANTA, TENER EXPERIENCIA EN INDUSTRIAS METALMECANICAS, EN MANEJO DE PERSONAL, MANTENIMIENTO PREVENTIVO, AUTOCAD, SOLIDWORK, INDICADORES DE PRODUCTIVIDAD, MEJORAMIENTO DE PROCESOS PRODUCTIVOS, PROGRAMACION DE PRODUCCION. DEBE RESIDIR EN LA CIUDAD DE PALMIRA, YUMBO O CALI                    EMPRESA DEDICADA A LA COMERCIALIZACI\u00d3N DE SISTEMAS DE ENCOFRADOS Y ANDAMIOS PARA EL SECTOR DE LA CONSTRUCCI\u00d3N, REQUIERE PROFESIONAL EN INGENIER\u00cdA MEC\u00c1NICA PARA EL CARGO DE JEFE DE PLANTA, TENER EXPERIENCIA EN INDUSTRIAS METALMECANICAS, EN MANEJO DE PERSONAL, MANTENIMIENTO PREVENTIVO, AUTOCAD, SOLIDWORK, INDICADORES DE PRODUCTIVIDAD, MEJORAMIENTO DE PROCESOS PRODUCTIVOS, PROGRAMACION DE PRODUCCION. DEBE RESIDIR EN LA CIUDAD DE PALMIRA, YUMBO O CALI                            Profesional                            Universitaria            Ingenier\u00eda industrialIngenier\u00eda mec\u00e1nica3 a\u00f1os de experiencia                1                Vacante            Competencias para la vacante                                            Profesional ingeniero mecanico                                                                                    JEFE DE PLANTA                                                                                    ingeniero electromecanico", "tipo_contrato": "Contrato Indefinido", "nivel_educativo": "Universitaria", "categoria": "Profesional", "sector": "Construcci\u00f3n", "experiencia": "3 a\u00f1os de experiencia", "id_empleo": "1884364481", "competencias": "Profesional ingeniero mecanico,JEFE DE PLANTA,ingeniero electromecanico"}