{"url_empleo": "https://www.elempleo.com/co/ofertas-trabajo/jefe-de-enfermeria-asistencial-cali/1884672737", "fecha_recuperacion": "2021-03-01-22-14", "titulo_oferta": "Jefe de enfermer\u00eda asistencial - cali", "salario": "$2 a $2,5 millones", "ciudad": "Cali", "fecha_publicacion": "Publicado 18 Feb 2021", "area": "Salud", "num_vacantes": "1 Vacante", "profesion": "Enfermer\u00eda", "descripcion_general": "Descripci\u00f3n general                Nos encontramos en la b\u00fasqueda de JEFE DE ENFERMERIA ASISTENCIAL quien trabajar\u00e1 en nuestro nuevo centro m\u00e9dico ubicado en la ciudad de Cali, con atenci\u00f3n a pacientes de Plan Obligatorio de Salud.  La misi\u00f3n del cargo consiste en garantizar el correcto funcionamiento del servicio de enfermer\u00eda realizando acompa\u00f1amiento de pacientes en solicitudes como ex\u00e1menes diagn\u00f3sticos, toma de electrocardiograma, labores administrativas, entre otros y asegurar el cumplimiento de la normatividad en habilitaci\u00f3n y acreditaci\u00f3n. As\u00ed mismo, mantener una atenci\u00f3n diferenciada y c\u00e1lida a los usuarios adscritos en los procesos que apliquen a su \u00e1rea realizando la supervisi\u00f3n de las actividades que realiza el personal a su cargo. Disponibilidad de Tiempo completo de lunes a viernes de 7:00 am a 5:00 pm y un s\u00e1bado cada quince d\u00edas de 7:00 am a 1:00 pm. Contrato laboral directo con la fundaci\u00f3n a t\u00e9rmino indefinido. Asignaci\u00f3n salarial $2.468.559 + Prestaciones de ley + Plan de beneficios no salariales.  REQUISITOS:-Profesional en Enfermer\u00eda con Experiencia m\u00ednima de 1 a\u00f1o en consulta externa en el \u00e1rea asistencial.-Certificado Curso en Atenci\u00f3n a v\u00edctimas de violencia sexual y maltrato.                    Nos encontramos en la b\u00fasqueda de JEFE DE ENFERMERIA ASISTENCIAL quien trabajar\u00e1 en nuestro nuevo centro m\u00e9dico ubicado en la ciudad de Cali, con atenci\u00f3n a pacientes de Plan Obligatorio de Salud.  La misi\u00f3n del cargo consiste en garantizar el correcto funcionamiento del servicio de enfermer\u00eda realizando acompa\u00f1amiento de pacientes en solicitudes como ex\u00e1menes diagn\u00f3sticos, toma de electrocardiograma, labores administrativas, entre otros y asegurar el cumplimiento de la normatividad en habilitaci\u00f3n y acreditaci\u00f3n. As\u00ed mismo, mantener una atenci\u00f3n diferenciada y c\u00e1lida a los usuarios adscritos en los procesos que apliquen a su \u00e1rea realizando la supervisi\u00f3n de las actividades que realiza el personal a su cargo. Disponibilidad de Tiempo completo de lunes a viernes de 7:00 am a 5:00 pm y un s\u00e1bado cada quince d\u00edas de 7:00 am a 1:00 pm. Contrato laboral directo con la fundaci\u00f3n a t\u00e9rmino indefinido. Asignaci\u00f3n salarial $2.468.559 + Prestaciones de ley + Plan de beneficios no salariales.  REQUISITOS:-Profesional en Enfermer\u00eda con Experiencia m\u00ednima de 1 a\u00f1o en consulta externa en el \u00e1rea asistencial.-Certificado Curso en Atenci\u00f3n a v\u00edctimas de violencia sexual y maltrato.                            Profesional                            Universitaria            Enfermer\u00eda1 a\u00f1o de experiencia                1                Vacante            Competencias para la vacante                                            Jefe de enfermeria                                                                                    Enfermeria                                                                                    Salud", "tipo_contrato": "Contrato Indefinido", "nivel_educativo": "Universitaria", "categoria": "Profesional", "sector": "Salud, trabajo y seguridad social", "experiencia": "1 a\u00f1o de experiencia", "id_empleo": "1884672737", "competencias": "Jefe de enfermeria,Enfermeria,Salud"}