{"url_empleo": "https://www.elempleo.com/co/ofertas-trabajo/asesor-de-ventas/1884655645", "fecha_recuperacion": "2021-03-01-22-11", "titulo_oferta": "Asesor de ventas", "salario": "Menos de $1 mill\u00f3n", "ciudad": "Santa Marta", "fecha_publicacion": "Publicado 22 Feb 2021", "area": "Comercial, Ventas y Telemercadeo", "num_vacantes": "1 Vacante", "profesion": "Administraci\u00f3n de empresas", "descripcion_general": "Descripci\u00f3n general                Profesional o estudiante universitario, que haya trabajado como asesor en venta de carros, seguros, planes celulares o en venta de inmuebles, con excelente presentaci\u00f3n personal, buena comunicaci\u00f3n y actitud.Condiciones: Se pagan el salario m\u00ednimo por los 3 primeros meses. A partir de ah\u00ed solo se gana por las comisiones por ventas de veh\u00edculos. Debe trabajar su mercado natural y construir su base de datos. Cubren unos horarios en sala de ventas, pero la mayor parte del tiempo debe salir a captar clientes. Es una gran empresa, que les ofrece contrato laboral con todas las prestaciones de ley.                    Profesional o estudiante universitario, que haya trabajado como asesor en venta de carros, seguros, planes celulares o en venta de inmuebles, con excelente presentaci\u00f3n personal, buena comunicaci\u00f3n y actitud.Condiciones: Se pagan el salario m\u00ednimo por los 3 primeros meses. A partir de ah\u00ed solo se gana por las comisiones por ventas de veh\u00edculos. Debe trabajar su mercado natural y construir su base de datos. Cubren unos horarios en sala de ventas, pero la mayor parte del tiempo debe salir a captar clientes. Es una gran empresa, que les ofrece contrato laboral con todas las prestaciones de ley.                            Profesional                            Universitaria            Administraci\u00f3n de empresasMercadeoAdministraci\u00f3n Comercial Y De Mercadeo1 a\u00f1o de experiencia                1                Vacante            Competencias para la vacante                                            asesor                                                                                    ventas                                                                                    carros", "tipo_contrato": "Contrato Prestacion de Servicios", "nivel_educativo": "Universitaria", "categoria": "Profesional", "sector": "Importadores de veh\u00edculos", "experiencia": "1 a\u00f1o de experiencia", "id_empleo": "1884655645", "competencias": "asesor,ventas,carros"}