{"url_empleo": "https://www.elempleo.com/co/ofertas-trabajo/customer-service-assistant/1884647202", "fecha_recuperacion": "2021-03-01-22-01", "titulo_oferta": "Customer service assistant", "salario": "$2,5 a $3 millones", "ciudad": "Bogot\u00e1", "fecha_publicacion": "Publicado 1 Mar 2021", "area": "Comercio Exterior", "num_vacantes": "1 Vacante", "profesion": "Comercio internacional", "descripcion_general": "Descripci\u00f3n general                Evergreen Shipping Agency Colombia is hiring Professionals in International Trade, Business Administration or related areas to support Customer Service Department. Proactive person with high sence of urgency, high comunication skills, easy to find conflict solutions, solve problems and negotiation skills. Ability to work under pressure and handle high volume of inquiries and customers, open to changes, self-motivated, self-disciplned. Excellent team worker.\t Responsabilities: Bring general customer support To create and promote excellent and strong customers relationship.Feeding shipping line\u00b4s main and local system\tTo promote e-commerce tools use to all customers\tTo facilitate an effective and timely solutions to customers.\tTo generate reports requested by managers, directors or head quarter. English proficiency is a must Schedule: Monday to Friday Office hoursLocation: Bogota North                    Evergreen Shipping Agency Colombia is hiring Professionals in International Trade, Business Administration or related areas to support Customer Service Department. Proactive person with high sence of urgency, high comunication skills, easy to find conflict solutions, solve problems and negotiation skills. Ability to work under pressure and handle high volume of inquiries and customers, open to changes, self-motivated, self-disciplned. Excellent team worker.\t Responsabilities: Bring general customer support To create and promote excellent and strong customers relationship.Feeding shipping line\u00b4s main and local system\tTo promote e-commerce tools use to all customers\tTo facilitate an effective and timely solutions to customers.\tTo generate reports requested by managers, directors or head quarter. English proficiency is a must Schedule: Monday to Friday Office hoursLocation: Bogota North                            Profesional                            Universitaria            Comercio internacionalNegocios InternacionalesMenos de un a\u00f1o de experiencia                1                Vacante            Competencias para la vacante                                            servicio al cliente                                                                                    customer service", "tipo_contrato": "Contrato Indefinido", "nivel_educativo": "Universitaria", "categoria": "Profesional", "sector": "Mar\u00edtimo y fluvial", "experiencia": "Menos de un a\u00f1o de experiencia", "id_empleo": "1884647202", "competencias": "servicio al cliente,customer service"}