{"url_empleo": "https://www.elempleo.com/co/ofertas-trabajo/especialista-en-desarrollo-de-software/1884591808", "fecha_recuperacion": "2021-03-01-22-12", "titulo_oferta": "Especialista en desarrollo de software", "salario": "Salario a convenir", "ciudad": "Bogot\u00e1", "fecha_publicacion": "Publicado 20 Feb 2021", "area": "Construcci\u00f3n y Obra", "num_vacantes": "1 Vacante", "profesion": "Ingenier\u00eda de sistemas  Computaci\u00f3n", "descripcion_general": "Descripci\u00f3n general                Ingeniero de sistemas o industrial, electr\u00f3nica, telecomunicaciones con postgrado en: ingenier\u00eda de software \u00f3 construcci\u00f3n de software, desarrollo de software, ingenier\u00eda de sistemas y computaci\u00f3n. Experiencia minina de siete (7) a\u00f1os, experiencia especifica de m\u00ednimo dos (2) a\u00f1os como especialista o l\u00edder analista de desarrollo de software en proyectos relacionadas con la implementaci\u00f3n de soluciones tecnol\u00f3gicas. Debe contar con experiencia en proyectos IT implementados en cualquier framework de programaci\u00f3n.                    Ingeniero de sistemas o industrial, electr\u00f3nica, telecomunicaciones con postgrado en: ingenier\u00eda de software \u00f3 construcci\u00f3n de software, desarrollo de software, ingenier\u00eda de sistemas y computaci\u00f3n. Experiencia minina de siete (7) a\u00f1os, experiencia especifica de m\u00ednimo dos (2) a\u00f1os como especialista o l\u00edder analista de desarrollo de software en proyectos relacionadas con la implementaci\u00f3n de soluciones tecnol\u00f3gicas. Debe contar con experiencia en proyectos IT implementados en cualquier framework de programaci\u00f3n.                            Coordinador supervisor o especialista                            Especializaci\u00f3n            Ingenier\u00eda de sistemas  Computaci\u00f3nIngenier\u00eda industrialIngenier\u00eda electr\u00f3nica9 a\u00f1os de experiencia                1                Vacante            Competencias para la vacante                                            desarrollo de software                                                                                    soluciones tecnologicas", "tipo_contrato": "", "nivel_educativo": "Especializaci\u00f3n", "categoria": "Coordinador supervisor o especialista", "sector": "Infraestructura vial", "experiencia": "9 a\u00f1os de experiencia", "id_empleo": "1884591808", "competencias": "desarrollo de software,soluciones tecnologicas"}