{"url_empleo": "https://www.elempleo.com/co/ofertas-trabajo/manager-de-producto/1884658311", "fecha_recuperacion": "2021-03-01-22-05", "titulo_oferta": "Manager de producto", "salario": "Salario a convenir", "ciudad": "Bogot\u00e1", "fecha_publicacion": "Publicado 25 Feb 2021", "area": "Administrativa y Financiera", "num_vacantes": "1 Vacante", "profesion": "Ingenier\u00eda de sistemas  Computaci\u00f3n", "descripcion_general": "Descripci\u00f3n general                Objetivo del Cargo: Dise\u00f1ar y establecer la visi\u00f3n y la estrategia que trace el camino de los diferentes productos de la empresa, teniendo en cuenta la rentabilidad del producto, el impacto de los riesgos relacionados con las iniciativas de inversi\u00f3n, la asignaci\u00f3n eficiente de los recursos, la viabilidad de un producto, y la transici\u00f3n de un proyecto de investigaci\u00f3n a un producto de negocio, alineado al modelo estrat\u00e9gico de la organizaci\u00f3n 1.\tResponsable del ciclo de vida del producto, desde su concepci\u00f3n, desarrollo y lanzamiento hasta su puesta en el mercado2.\tMantener un portafolio de productos con una mezcla apropiada de maduraci\u00f3n de los mismos (experimentaci\u00f3n, desarrollo o explotaci\u00f3n)                    Objetivo del Cargo: Dise\u00f1ar y establecer la visi\u00f3n y la estrategia que trace el camino de los diferentes productos de la empresa, teniendo en cuenta la rentabilidad del producto, el impacto de los riesgos relacionados con las iniciativas de inversi\u00f3n, la asignaci\u00f3n eficiente de los recursos, la viabilidad de un producto, y la transici\u00f3n de un proyecto de investigaci\u00f3n a un producto de negocio, alineado al modelo estrat\u00e9gico de la organizaci\u00f3n 1.\tResponsable del ciclo de vida del producto, desde su concepci\u00f3n, desarrollo y lanzamiento hasta su puesta en el mercado2.\tMantener un portafolio de productos con una mezcla apropiada de maduraci\u00f3n de los mismos (experimentaci\u00f3n, desarrollo o explotaci\u00f3n)                            Gerente                            Especializaci\u00f3n            Ingenier\u00eda de sistemas  Computaci\u00f3nIngenier\u00eda industrial6 a\u00f1os de experiencia                1                Vacante            Competencias para la vacante                                            product manager", "tipo_contrato": "Contrato Indefinido", "nivel_educativo": "Especializaci\u00f3n", "categoria": "Gerente", "sector": "Ciencia y tecnolog\u00eda", "experiencia": "6 a\u00f1os de experiencia", "id_empleo": "1884658311", "competencias": "product manager"}