{"url_empleo": "https://www.elempleo.com/co/ofertas-trabajo/director-de-oficina-banca/1884597844", "fecha_recuperacion": "2021-03-01-22-12", "titulo_oferta": "Director de oficina - banca", "salario": "Salario a convenir", "ciudad": "Medell\u00edn", "fecha_publicacion": "Publicado 22 Feb 2021", "area": "Financiera: cr\u00e9dito y tesorer\u00eda", "num_vacantes": "1 Vacante", "profesion": "Administraci\u00f3n de empresas", "descripcion_general": "Descripci\u00f3n general                Requerimos profesional en carreras administrativas o afines con experiencia m\u00ednima de 3 a\u00f1os conformando y liderando equipos de ventas, la persona debe tener experiencia en ventas intangibles presencial o externo (tarjetas de cr\u00e9dito, seguros, libranza, viajes, telefon\u00eda, p\u00f3lizas, microcr\u00e9ditos, hipotecario, cr\u00e9ditos de consumo, retenci\u00f3n), conocimiento b\u00e1sico y especifico de la zona de influencia para el desarrollo de su rol.                    Requerimos profesional en carreras administrativas o afines con experiencia m\u00ednima de 3 a\u00f1os conformando y liderando equipos de ventas, la persona debe tener experiencia en ventas intangibles presencial o externo (tarjetas de cr\u00e9dito, seguros, libranza, viajes, telefon\u00eda, p\u00f3lizas, microcr\u00e9ditos, hipotecario, cr\u00e9ditos de consumo, retenci\u00f3n), conocimiento b\u00e1sico y especifico de la zona de influencia para el desarrollo de su rol.                            Profesional Senior                            Universitaria            Administraci\u00f3n de empresas3 a\u00f1os de experiencia                1                Vacante            Competencias para la vacante                                            Libranza", "tipo_contrato": "Contrato Definido", "nivel_educativo": "Universitaria", "categoria": "Profesional Senior", "sector": "Banca", "experiencia": "3 a\u00f1os de experiencia", "id_empleo": "1884597844", "competencias": "Libranza"}