{"url_empleo": "https://www.elempleo.com/co/ofertas-trabajo/quimico-farmaceutico/1884563750", "fecha_recuperacion": "2021-03-01-22-11", "titulo_oferta": "Quimico farmaceutico", "salario": "Salario a convenir", "ciudad": "Bogot\u00e1", "fecha_publicacion": "Publicado 22 Feb 2021", "area": "Salud", "num_vacantes": "1 Vacante", "profesion": "Qu\u00edmica Farmac\u00e9utica", "descripcion_general": "Descripci\u00f3n general                EMPRESA RECONOCIDA A NIVEL NACIONAL EN LOGISTICA EN EL SECTOR SALUD REQUIERE DE MANERA URGENTE PERSONAS COMO TU! PERSONAL de 18 a 40 a\u00f1os de edad con experiencia QU\u00cdMICO FARMAC\u00c9UTICO \u2022 Biom\u00e9dicos Manejo de Productos Farmac\u00e9uticos termo sensibles Formaci\u00f3n Administrativa Formaci\u00f3n Matem\u00e1tica Conocimientos de la legislaci\u00f3n farmac\u00e9utica.  HORARIOS LUNES A VIERNES ROTATIVOS Y S\u00c1BADOS. NO ESTUDIANTES ACTIVOS. El contrato es directo con la compa\u00f1\u00eda a t\u00e9rmino INDEFINIDO. Tenemos plan carrera dentro de la compa\u00f1\u00eda lo cual te permite ascender en poco tiempo, estabilidad laboral, un excelente clima laboral Contamos Con El Mejor Equipo De Bienestar que nos ha hecho ser ganadores durante 10 a\u00f1os como una de las 25 mejores compa\u00f1\u00edas para trabajar. Si estas interesado y cumples con el perfil POSTULATE INMEDIATAMENTE, NO DEJES PASAR ESTA OPORTUNIDAD                    EMPRESA RECONOCIDA A NIVEL NACIONAL EN LOGISTICA EN EL SECTOR SALUD REQUIERE DE MANERA URGENTE PERSONAS COMO TU! PERSONAL de 18 a 40 a\u00f1os de edad con experiencia QU\u00cdMICO FARMAC\u00c9UTICO \u2022 Biom\u00e9dicos Manejo de Productos Farmac\u00e9uticos termo sensibles Formaci\u00f3n Administrativa Formaci\u00f3n Matem\u00e1tica Conocimientos de la legislaci\u00f3n farmac\u00e9utica.  HORARIOS LUNES A VIERNES ROTATIVOS Y S\u00c1BADOS. NO ESTUDIANTES ACTIVOS. El contrato es directo con la compa\u00f1\u00eda a t\u00e9rmino INDEFINIDO. Tenemos plan carrera dentro de la compa\u00f1\u00eda lo cual te permite ascender en poco tiempo, estabilidad laboral, un excelente clima laboral Contamos Con El Mejor Equipo De Bienestar que nos ha hecho ser ganadores durante 10 a\u00f1os como una de las 25 mejores compa\u00f1\u00edas para trabajar. Si estas interesado y cumples con el perfil POSTULATE INMEDIATAMENTE, NO DEJES PASAR ESTA OPORTUNIDAD                            Profesional                            Universitaria            Qu\u00edmica Farmac\u00e9utica2 a\u00f1os de experiencia                1                Vacante            Competencias para la vacante                                            qf                                                                                    quimico farmaceutico", "tipo_contrato": "", "nivel_educativo": "Universitaria", "categoria": "Profesional", "sector": "Transporte", "experiencia": "2 a\u00f1os de experiencia", "id_empleo": "1884563750", "competencias": "qf,quimico farmaceutico"}