{"url_empleo": "https://www.elempleo.com/co/ofertas-trabajo/cocinera-lunes-a-viernes-domestica/1884622819", "fecha_recuperacion": "2021-03-01-22-15", "titulo_oferta": "Cocinera lunes a viernes domestica", "salario": "$1 a $1,5 millones", "ciudad": "Bogot\u00e1 alrededores", "fecha_publicacion": "Publicado 18 Feb 2021", "area": "Administraci\u00f3n: servicios generales", "num_vacantes": "1 Vacante", "profesion": "Gastronom\u00eda Culinaria o Cocina", "descripcion_general": "Descripci\u00f3n general                Importante Grupo Empresarial  requiere COCINERA o CHEF domestica con experiencia m\u00ednima de 3 a\u00f1os CERTIFICADA  en el cargo para trabajar en atenci\u00f3n a altos ejecutivos. Preferiblemente con estudios t\u00e9cnicos en Gastronom\u00eda, conocimientos y experiencia en preparaci\u00f3n de diferentes Men\u00fas; comida saludable, t\u00edpica, platos especiales y ejecutivos,  agilidad y destreza en la preparaci\u00f3n y alistamiento de alimentos e insumos. Con excelente  practicas de BPM, actitud de servicio y disposici\u00f3n, alto grado de compromiso y responsabilidad.  Horario diurno de lunes a viernes en Bogot\u00e1 y disponibilidad para viajar ocasionalmente.  Salario $1.200.000, contrato directo con la compa\u00f1\u00eda con todas las prestaciones de ley.   Si esta interesada y CUMPLE con el perfil por favor post\u00falese!                    Importante Grupo Empresarial  requiere COCINERA o CHEF domestica con experiencia m\u00ednima de 3 a\u00f1os CERTIFICADA  en el cargo para trabajar en atenci\u00f3n a altos ejecutivos. Preferiblemente con estudios t\u00e9cnicos en Gastronom\u00eda, conocimientos y experiencia en preparaci\u00f3n de diferentes Men\u00fas; comida saludable, t\u00edpica, platos especiales y ejecutivos,  agilidad y destreza en la preparaci\u00f3n y alistamiento de alimentos e insumos. Con excelente  practicas de BPM, actitud de servicio y disposici\u00f3n, alto grado de compromiso y responsabilidad.  Horario diurno de lunes a viernes en Bogot\u00e1 y disponibilidad para viajar ocasionalmente.  Salario $1.200.000, contrato directo con la compa\u00f1\u00eda con todas las prestaciones de ley.   Si esta interesada y CUMPLE con el perfil por favor post\u00falese!                            Auxiliar, asistencial y otros                            B\u00e1sica Secundaria (6\u00b0 - 9\u00b0)            Gastronom\u00eda Culinaria o Cocina2 a\u00f1os de experiencia                1                Vacante            Competencias para la vacante                                            cocinero                                                                                    preparacion de alimentos                                                                                    cocinera                                                                                    cocinera domestica                                                                                    chef", "tipo_contrato": "Contrato Definido", "nivel_educativo": "B\u00e1sica Secundaria (6\u00b0 - 9\u00b0)", "categoria": "Auxiliar, asistencial y otros", "sector": "Alimentos / Bebidas", "experiencia": "2 a\u00f1os de experiencia", "id_empleo": "1884622819", "competencias": "cocinero,preparacion de alimentos,cocinera,cocinera domestica,chef"}