{"url_empleo": "https://www.elempleo.com/co/ofertas-trabajo/tecnico-mecanico/1884593071", "fecha_recuperacion": "2021-03-01-22-02", "titulo_oferta": "Tecnico mecanico", "salario": "$1 a $1,5 millones", "ciudad": "Medell\u00edn", "fecha_publicacion": "Publicado 1 Mar 2021", "area": "Instalaci\u00f3n y Reparaciones T\u00e9cnicas", "num_vacantes": "1 Vacante", "profesion": "Tecnolog\u00eda en electr\u00f3nica", "descripcion_general": "Descripci\u00f3n general                Importante planta de producci\u00f3n ubicada en la ciudad de Medellin, se encuentra en la busqueda de Tecnico Mecanico, debe ser Tecn\u00f3logo en electromec\u00e1nica, electr\u00f3nica y/o afines; debe tener un a\u00f1o m\u00ednimo de experiencia en sistemas electr\u00f3nicos y control industrial, sistemas de generaci\u00f3n de frio preferiblemente con amoniaco, mantenimiento de equipos y maquinaria, electromecanica en general, entre otras funciones. Preferiblemente con curso de Alturas Vigente. Horario: Domingo a Domingo  ( un dia compensatorio a la semana). Salario: 1.433.172 mensuales                    Importante planta de producci\u00f3n ubicada en la ciudad de Medellin, se encuentra en la busqueda de Tecnico Mecanico, debe ser Tecn\u00f3logo en electromec\u00e1nica, electr\u00f3nica y/o afines; debe tener un a\u00f1o m\u00ednimo de experiencia en sistemas electr\u00f3nicos y control industrial, sistemas de generaci\u00f3n de frio preferiblemente con amoniaco, mantenimiento de equipos y maquinaria, electromecanica en general, entre otras funciones. Preferiblemente con curso de Alturas Vigente. Horario: Domingo a Domingo  ( un dia compensatorio a la semana). Salario: 1.433.172 mensuales                            Auxiliar, asistencial y otros                            Tecnol\u00f3gica            Tecnolog\u00eda en electr\u00f3nicaTecnolog\u00eda En Electricidad Industrial1 a\u00f1o de experiencia                1                Vacante            Competencias para la vacante                                            Electromecanico", "tipo_contrato": "Contrato Indefinido", "nivel_educativo": "Tecnol\u00f3gica", "categoria": "Auxiliar, asistencial y otros", "sector": "Distribuci\u00f3n / Consumo masivo de...", "experiencia": "1 a\u00f1o de experiencia", "id_empleo": "1884593071", "competencias": "Electromecanico"}