{"url_empleo": "https://www.elempleo.com/co/ofertas-trabajo/operador-de-procesos-boyaca/1884497110", "fecha_recuperacion": "2021-03-01-22-14", "titulo_oferta": "Operador de procesos 3 - boyac\u00e1", "salario": "$2,5 a $3 millones", "ciudad": "Boyac\u00e1", "fecha_publicacion": "Publicado 18 Feb 2021", "area": "Mantenimiento", "num_vacantes": "1 Vacante", "profesion": "Tecnolog\u00eda de alimentos", "descripcion_general": "Descripci\u00f3n general                Importante empresa multinacional de consumo masivo solicita:  Operador de procesos 3  Objetivo:  Realizar relevos b\u00e1sicos de operaci\u00f3n durante los espacios de alimentaci\u00f3n o ausentismos seg\u00fan procedimientos corporativos para asegurar continuidad del proceso. EL \u00c1REA DE DESEMPE\u00d1O DEL CARGO ES LA GERENCIA DE ELABORACI\u00d3N, ESPECIFICAMENTE EN EL \u00c1REA DE LA COCINA.  Principales funciones:  1. Realizar relevos b\u00e1sicos de operaci\u00f3n durante los espacios de alimentaci\u00f3n o ausentismos seg\u00fan procedimientos corporativos para asegurar continuidad del proceso. 2. Ejecutar actividades requeridas para la operaci\u00f3n de la maquina a cargo seg\u00fan procedimientos internos definidos por la compa\u00f1\u00eda garantizando que el producto cumpla con los requerimientos de calidad, costos y entrega al siguiente proceso de la cadena.3. Reportar y registrar novedades de la operaci\u00f3n, mantenimiento menor, limpieza, ajustes y lubricaci\u00f3n identificadas durante las actividades de mantenimiento aut\u00f3nomo establecidas por la compa\u00f1\u00eda para mejorar las condiciones b\u00e1sicas de los equipos y contribuir a la mejora de las eficiencias del proceso.4. Administrar adecuadamente el uso de las herramientas b\u00e1sicas y mantener el inventario de insumos, herramientas y materias primas en \u00f3ptimas condiciones requeridos para la impresi\u00f3n con el fin de dar inicio y continuidad al proceso.5. Ejecutar y notificar adecuadamente las \u00f3rdenes de trabajo de mantenimiento en SAP, asignadas durante cualquier etapa del proceso productivo (producci\u00f3n, ventanas de mantenimiento y/o aseo), para prevenir la ocurrencia de fallas y asegurar la eficiencia del proceso, con el fin de garantizar el buen estado de operaci\u00f3n del m\u00e1quina.6. Realizar los ajustes y reparaciones b\u00e1sicas para restablecer el funcionamiento de la maquina cuando este en falla y escalar al l\u00edder y/o al t\u00e9cnico de mantenimiento si la falla persiste o tiene un mayor nivel de complejidad seg\u00fan procedimiento de escalamiento de problemas.                    Importante empresa multinacional de consumo masivo solicita:  Operador de procesos 3  Objetivo:  Realizar relevos b\u00e1sicos de operaci\u00f3n durante los espacios de alimentaci\u00f3n o ausentismos seg\u00fan procedimientos corporativos para asegurar continuidad del proceso. EL \u00c1REA DE DESEMPE\u00d1O DEL CARGO ES LA GERENCIA DE ELABORACI\u00d3N, ESPECIFICAMENTE EN EL \u00c1REA DE LA COCINA.  Principales funciones:  1. Realizar relevos b\u00e1sicos de operaci\u00f3n durante los espacios de alimentaci\u00f3n o ausentismos seg\u00fan procedimientos corporativos para asegurar continuidad del proceso. 2. Ejecutar actividades requeridas para la operaci\u00f3n de la maquina a cargo seg\u00fan procedimientos internos definidos por la compa\u00f1\u00eda garantizando que el producto cumpla con los requerimientos de calidad, costos y entrega al siguiente proceso de la cadena.3. Reportar y registrar novedades de la operaci\u00f3n, mantenimiento menor, limpieza, ajustes y lubricaci\u00f3n identificadas durante las actividades de mantenimiento aut\u00f3nomo establecidas por la compa\u00f1\u00eda para mejorar las condiciones b\u00e1sicas de los equipos y contribuir a la mejora de las eficiencias del proceso.4. Administrar adecuadamente el uso de las herramientas b\u00e1sicas y mantener el inventario de insumos, herramientas y materias primas en \u00f3ptimas condiciones requeridos para la impresi\u00f3n con el fin de dar inicio y continuidad al proceso.5. Ejecutar y notificar adecuadamente las \u00f3rdenes de trabajo de mantenimiento en SAP, asignadas durante cualquier etapa del proceso productivo (producci\u00f3n, ventanas de mantenimiento y/o aseo), para prevenir la ocurrencia de fallas y asegurar la eficiencia del proceso, con el fin de garantizar el buen estado de operaci\u00f3n del m\u00e1quina.6. Realizar los ajustes y reparaciones b\u00e1sicas para restablecer el funcionamiento de la maquina cuando este en falla y escalar al l\u00edder y/o al t\u00e9cnico de mantenimiento si la falla persiste o tiene un mayor nivel de complejidad seg\u00fan procedimiento de escalamiento de problemas.                            Profesional                            Tecnol\u00f3gica            Tecnolog\u00eda de alimentosTecn Mec\u00e1nicoTecn ElectricistaTecn Electr\u00f3nicoT\u00e9cnico de MantenimientoMenos de un a\u00f1o de experiencia                1                Vacante            Competencias para la vacante                                            tecnico", "tipo_contrato": "", "nivel_educativo": "Tecnol\u00f3gica", "categoria": "Profesional", "sector": "Cerveza", "experiencia": "Menos de un a\u00f1o de experiencia", "id_empleo": "1884497110", "competencias": "tecnico"}