{"url_empleo": "https://www.elempleo.com/co/ofertas-trabajo/ingeniero-de-desarrollo/1884620387", "fecha_recuperacion": "2021-03-01-22-11", "titulo_oferta": "Ingeniero de desarrollo", "salario": "Salario a convenir", "ciudad": "Cali", "fecha_publicacion": "Publicado 22 Feb 2021", "area": "Sistemas y Tecnolog\u00eda", "num_vacantes": "1 Vacante", "profesion": "Ingenier\u00eda de sistemas  Computaci\u00f3n", "descripcion_general": "Descripci\u00f3n general                En Carvajal nos encontramos en busqueda de Profesional  de ingenieria de sistemas o carreras a fines, con experiencia en desarrollo, JAVA, .NET, Angular, Manejo de Nube AWS. Deseable:  DROOLLS, SPRING BOOT y trabajo de microservicios.                    En Carvajal nos encontramos en busqueda de Profesional  de ingenieria de sistemas o carreras a fines, con experiencia en desarrollo, JAVA, .NET, Angular, Manejo de Nube AWS. Deseable:  DROOLLS, SPRING BOOT y trabajo de microservicios.                            Profesional Senior                            Universitaria            Ingenier\u00eda de sistemas  Computaci\u00f3nAdministraci\u00f3n de sistemas inform\u00e1ticos3 a\u00f1os de experiencia                1                Vacante            Competencias para la vacante                                            DROOLLS                                                                                    SPRING BOOT                                                                                    trabajo de microservicios.                                                                                    AWS                                                                                    JAVA                                                                                    .NET                                                                                    ANGULAR                                                                                    Desarrollo", "tipo_contrato": "Contrato Indefinido", "nivel_educativo": "Universitaria", "categoria": "Profesional Senior", "sector": "Ciencia y tecnolog\u00eda", "experiencia": "3 a\u00f1os de experiencia", "id_empleo": "1884620387", "competencias": "DROOLLS,SPRING BOOT,trabajo de microservicios.,AWS,JAVA,.NET,ANGULAR,Desarrollo"}