{"url_empleo": "https://www.elempleo.com/co/ofertas-trabajo/asesor-comercial-pasto-narino/1884637630", "fecha_recuperacion": "2021-03-01-22-07", "titulo_oferta": "Asesor comercial pasto - nari\u00f1o", "salario": "$1 a $1,5 millones", "ciudad": "Cali", "fecha_publicacion": "Publicado 24 Feb 2021", "area": "Comercial, Ventas y Telemercadeo", "num_vacantes": "1 Vacante", "profesion": "Ingenier\u00eda industrial", "descripcion_general": "Descripci\u00f3n general                Importante empresa requiere ASESORES COMERCIALES para manejar el \u00e1rea de PASTO  -  NARI\u00d1O,  la persona puede residir en Pereira, Manizales o Caldas;  con experiencia de 5 a\u00f1os en el sector industria (Cart\u00f3n, pl\u00e1sticos, energ\u00e9tico)  y comercio (Ferreter\u00edas) indispensable contar con experiencia en venta consultiva de mas de 5 a\u00f1os, ser m\u00ednimo tecn\u00f3logo en mercadotecnia, o carreras afines, deseable profesional en ingenier\u00edas o carreras afines, adem\u00e1s poseer  buen relacionamiento con clientes del sector.  Contrato a termino indefinido. Salario b\u00e1sico + Comisiones + Bonificaciones + auxilio de movilizaci\u00f3n.                    Importante empresa requiere ASESORES COMERCIALES para manejar el \u00e1rea de PASTO  -  NARI\u00d1O,  la persona puede residir en Pereira, Manizales o Caldas;  con experiencia de 5 a\u00f1os en el sector industria (Cart\u00f3n, pl\u00e1sticos, energ\u00e9tico)  y comercio (Ferreter\u00edas) indispensable contar con experiencia en venta consultiva de mas de 5 a\u00f1os, ser m\u00ednimo tecn\u00f3logo en mercadotecnia, o carreras afines, deseable profesional en ingenier\u00edas o carreras afines, adem\u00e1s poseer  buen relacionamiento con clientes del sector.  Contrato a termino indefinido. Salario b\u00e1sico + Comisiones + Bonificaciones + auxilio de movilizaci\u00f3n.                            Profesional                            Tecnol\u00f3gica            Ingenier\u00eda industrialIngenier\u00eda mec\u00e1nicaAdministraci\u00f3n de empresasTecnolog\u00eda En Gesti\u00f3n ComercialIngenier\u00eda Comercial5 a\u00f1os de experiencia                1                Vacante            Competencias para la vacante                                            ventas                                                                                    comerciales                                                                                    industria                                                                                    asesor                                                                                    consultor", "tipo_contrato": "Contrato Indefinido", "nivel_educativo": "Tecnol\u00f3gica", "categoria": "Profesional", "sector": "Otros", "experiencia": "5 a\u00f1os de experiencia", "id_empleo": "1884637630", "competencias": "ventas,comerciales,industria,asesor,consultor"}