{"url_empleo": "https://www.elempleo.com/co/ofertas-trabajo/se-requiere-un-developer-ios-para-la-compania-valid-sucursal-colombia/1884635609", "fecha_recuperacion": "2021-03-01-22-05", "titulo_oferta": "Se requiere un developer ios para la compa\u00f1ia valid sucursal colombia", "salario": "Salario a convenir", "ciudad": "Bogot\u00e1", "fecha_publicacion": "Publicado 25 Feb 2021", "area": "Sistemas y Tecnolog\u00eda", "num_vacantes": "1 Vacante", "profesion": "Tecn Sistemas  Computaci\u00f3n", "descripcion_general": "Descripci\u00f3n general                El candidato deber\u00e1 dise\u00f1ar, desarrollar, probar y documentar el Software utilizado por Valid, aplicando el proceso de desarrollo y las buenas pr\u00e1cticas definidas por la compa\u00f1\u00eda. - Experiencia en desarrollo de apps para IOS en ObjectiveC o swift Conocimiento en el proceso de desarrollo y herramientas de software-Modelos de arquitecturas m\u00f3viles Conocimiento en Scrum -Patrones de arquitectura: MVVM o MVP o vipe                    El candidato deber\u00e1 dise\u00f1ar, desarrollar, probar y documentar el Software utilizado por Valid, aplicando el proceso de desarrollo y las buenas pr\u00e1cticas definidas por la compa\u00f1\u00eda. - Experiencia en desarrollo de apps para IOS en ObjectiveC o swift Conocimiento en el proceso de desarrollo y herramientas de software-Modelos de arquitecturas m\u00f3viles Conocimiento en Scrum -Patrones de arquitectura: MVVM o MVP o vipe                            Profesional                            Formaci\u00f3n Tec profesional            Tecn Sistemas  Computaci\u00f3n1 a\u00f1o de experiencia                1                Vacante            Competencias para la vacante                                            iOS Developer desarrollador", "tipo_contrato": "Contrato Indefinido", "nivel_educativo": "Formaci\u00f3n Tec profesional", "categoria": "Profesional", "sector": "Inform\u00e1ticos", "experiencia": "1 a\u00f1o de experiencia", "id_empleo": "1884635609", "competencias": "iOS Developer desarrollador"}