{"url_empleo": "https://www.elempleo.com/co/ofertas-trabajo/asesor-de-servicio-yopal/1884395704", "fecha_recuperacion": "2021-03-01-22-09", "titulo_oferta": "Asesor de servicio - yopal", "salario": "$1 a $1,5 millones", "ciudad": "Yopal", "fecha_publicacion": "Publicado 23 Feb 2021", "area": "Comercial, Ventas y Telemercadeo", "num_vacantes": "1 Vacante", "profesion": "Otra", "descripcion_general": "Descripci\u00f3n general                Importante empresa del sector Automotriz  requiere para su equipo de trabajo un asesor de servicio con experiencia m\u00ednima de dos a\u00f1os en el sector automotriz, que cuente con competencias como servicio al cliente, compromiso, productividad y tolerancia.                    Importante empresa del sector Automotriz  requiere para su equipo de trabajo un asesor de servicio con experiencia m\u00ednima de dos a\u00f1os en el sector automotriz, que cuente con competencias como servicio al cliente, compromiso, productividad y tolerancia.                            Auxiliar, asistencial y otros                            Tecnol\u00f3gica            Otra2 a\u00f1os de experiencia                1                Vacante            Competencias para la vacante                                            asesor de servicio", "tipo_contrato": "Contrato Otro", "nivel_educativo": "Tecnol\u00f3gica", "categoria": "Auxiliar, asistencial y otros", "sector": "Concesionarios", "experiencia": "2 a\u00f1os de experiencia", "id_empleo": "1884395704", "competencias": "asesor de servicio"}