{"url_empleo": "https://www.elempleo.com/co/ofertas-trabajo/servicios-generales-pitalito/1884590750", "fecha_recuperacion": "2021-03-01-22-04", "titulo_oferta": "Servicios generales (pitalito)", "salario": "Menos de $1 mill\u00f3n", "ciudad": "Pitalito", "fecha_publicacion": "Publicado 26 Feb 2021", "area": "Servicios Generales, Aseo y Vigi...", "num_vacantes": "1 Vacante", "profesion": "Otra", "descripcion_general": "Descripci\u00f3n general                Empresa del sector Aseo requiere MUJER con experiencia para el cargo de Servicios Generales, que pueda trabajar en equipo y posea sentido de colaboraci\u00f3n, para trabajar en la ciudad de Pitalito.  Debe tener excelente presentaci\u00f3n personal y muy buena actitud.  Funciones: *Responder por el aseo y el cuidado de las zonas o \u00e1reas que le sean asignadas. * Responder por los elementos utilizados para la ejecuci\u00f3n de sus tareas. * Dedicar todo el tiempo de la jornada laboral en su zona o \u00e1rea asignada.                    Empresa del sector Aseo requiere MUJER con experiencia para el cargo de Servicios Generales, que pueda trabajar en equipo y posea sentido de colaboraci\u00f3n, para trabajar en la ciudad de Pitalito.  Debe tener excelente presentaci\u00f3n personal y muy buena actitud.  Funciones: *Responder por el aseo y el cuidado de las zonas o \u00e1reas que le sean asignadas. * Responder por los elementos utilizados para la ejecuci\u00f3n de sus tareas. * Dedicar todo el tiempo de la jornada laboral en su zona o \u00e1rea asignada.                            Auxiliar, asistencial y otros                            B\u00e1sica Primaria (1\u00b0 - 5\u00b0)            Otra1 a\u00f1o de experiencia                1                Vacante            Competencias para la vacante                                            servicios generales                                                                                    Oficios Varios", "tipo_contrato": "Contrato Por obra o labor", "nivel_educativo": "B\u00e1sica Primaria (1\u00b0 - 5\u00b0)", "categoria": "Auxiliar, asistencial y otros", "sector": "Servicios de aseo", "experiencia": "1 a\u00f1o de experiencia", "id_empleo": "1884590750", "competencias": "servicios generales,Oficios Varios"}