{"url_empleo": "https://www.elempleo.com/co/ofertas-trabajo/jefe-logistica-transporte-carga-seca-medellin/1884578696", "fecha_recuperacion": "2021-03-01-22-05", "titulo_oferta": "Jefe log\u00edstica /transporte carga seca medell\u00edn", "salario": "$4,5 a $5,5 millones", "ciudad": "Medell\u00edn", "fecha_publicacion": "Publicado 25 Feb 2021", "area": "Distribuci\u00f3n o log\u00edstica de Tran...", "num_vacantes": "1 Vacante", "profesion": "Ingenier\u00eda industrial", "descripcion_general": "Descripci\u00f3n general                Empresa multinacional del sector log\u00edstico y transporte, busca vincular a su equipo de trabajo en Medell\u00edn  JEFE DE LOG\u00cdSTICA DE TRANSPORTE CARGA SECA/FARMAC\u00c9UTICOS, personal con experiencia  de 5 a\u00f1os en empresas 3PL-4PL de transporte, log\u00edstica y distribuci\u00f3n PROPIA de carga seca, paqueteo (productos farmac\u00e9uticos o de alimentos), experiencia en carga refrigerada, cuartos fr\u00edos. Adicional, contar con experiencia liderando equipos superiores a 40 personas, conocimiento en programaci\u00f3n de rutas y despachos masivos a nivel local y nacional a ciudades principales en veh\u00edculos de carga pesada: Tractomulas, patinetas, turbos, sencillos, doble troque; conocimiento en  colectas y fletes.Los candidatos deben ser profesionales en Carreras de Ingenier\u00eda,administraci\u00f3n de empresas o afines.  El \u00e9xito del cargo est\u00e1 en la capacidad de gesti\u00f3n, liderazgo, proyecci\u00f3n y planeaci\u00f3n. Indispensable experiencia en el \u00e1rea de transporte propio de carga.  Se ofrece contrato indefinido y  horario de  acuerdo a solicitud en la operaci\u00f3n. Salario:  $5.000.000 m\u00e1s todo el paquete de beneficios con el que cuenta la compa\u00f1\u00eda.                    Empresa multinacional del sector log\u00edstico y transporte, busca vincular a su equipo de trabajo en Medell\u00edn  JEFE DE LOG\u00cdSTICA DE TRANSPORTE CARGA SECA/FARMAC\u00c9UTICOS, personal con experiencia  de 5 a\u00f1os en empresas 3PL-4PL de transporte, log\u00edstica y distribuci\u00f3n PROPIA de carga seca, paqueteo (productos farmac\u00e9uticos o de alimentos), experiencia en carga refrigerada, cuartos fr\u00edos. Adicional, contar con experiencia liderando equipos superiores a 40 personas, conocimiento en programaci\u00f3n de rutas y despachos masivos a nivel local y nacional a ciudades principales en veh\u00edculos de carga pesada: Tractomulas, patinetas, turbos, sencillos, doble troque; conocimiento en  colectas y fletes.Los candidatos deben ser profesionales en Carreras de Ingenier\u00eda,administraci\u00f3n de empresas o afines.  El \u00e9xito del cargo est\u00e1 en la capacidad de gesti\u00f3n, liderazgo, proyecci\u00f3n y planeaci\u00f3n. Indispensable experiencia en el \u00e1rea de transporte propio de carga.  Se ofrece contrato indefinido y  horario de  acuerdo a solicitud en la operaci\u00f3n. Salario:  $5.000.000 m\u00e1s todo el paquete de beneficios con el que cuenta la compa\u00f1\u00eda.                            Coordinador supervisor o especialista                            Universitaria            Ingenier\u00eda industrialAdministraci\u00f3n de empresasAdministraci\u00f3n industrialProfesional en log\u00edsticaEspecializaci\u00f3n en Administraci\u00f3n de Empresas5 a\u00f1os de experiencia                1                Vacante            Competencias para la vacante                                            log\u00edstica                                                                                    transporte                                                                                    carga seca                                                                                    farmaceutico", "tipo_contrato": "Contrato Indefinido", "nivel_educativo": "Universitaria", "categoria": "Coordinador supervisor o especialista", "sector": "Laboratorios farmac\u00e9uticos y otros", "experiencia": "5 a\u00f1os de experiencia", "id_empleo": "1884578696", "competencias": "log\u00edstica,transporte,carga seca,farmaceutico"}