{"url_empleo": "https://www.elempleo.com/co/ofertas-trabajo/auxiliar-de-enfermeria-servicio-de-pediatria/1884579405", "fecha_recuperacion": "2021-03-01-22-06", "titulo_oferta": "Auxiliar de enfermer\u00eda servicio de pediatr\u00eda", "salario": "$1 a $1,5 millones", "ciudad": "Bogot\u00e1", "fecha_publicacion": "Publicado 25 Feb 2021", "area": "Salud", "num_vacantes": "1 Vacante", "profesion": "Enfermer\u00eda", "descripcion_general": "Descripci\u00f3n general                Nos encontramos en la b\u00fasqueda de: T\u00e9cnico Auxiliar de Enfermer\u00eda, con m\u00ednimo 1 a\u00f1o de experiencia asistencial en \u00e1reas o servicios  de pediatr\u00eda. Contrato directo, fijo, con disponibilidad para turnos rotativos y con todas las prestaciones de ley.                    Nos encontramos en la b\u00fasqueda de: T\u00e9cnico Auxiliar de Enfermer\u00eda, con m\u00ednimo 1 a\u00f1o de experiencia asistencial en \u00e1reas o servicios  de pediatr\u00eda. Contrato directo, fijo, con disponibilidad para turnos rotativos y con todas las prestaciones de ley.                            Auxiliar, asistencial y otros                            T\u00e9cnico Laboral            Enfermer\u00eda1 a\u00f1o de experiencia                1                Vacante            Competencias para la vacante                                            Auxiliar de enfermer\u00eda                                                                                    pediatria                                                                                    UCIP", "tipo_contrato": "Contrato Definido", "nivel_educativo": "T\u00e9cnico Laboral", "categoria": "Auxiliar, asistencial y otros", "sector": "Servicios hospitalarios, m\u00e9dicos...", "experiencia": "1 a\u00f1o de experiencia", "id_empleo": "1884579405", "competencias": "Auxiliar de enfermer\u00eda,pediatria,UCIP"}