{"url_empleo": "https://www.elempleo.com/co/ofertas-trabajo/aprendiz-de-sistemas/1884670389", "fecha_recuperacion": "2021-03-01-22-17", "titulo_oferta": "Aprendiz de sistemas", "salario": "Salario a convenir", "ciudad": "Medell\u00edn", "fecha_publicacion": "Publicado 17 Feb 2021", "area": "Sistemas y Tecnolog\u00eda", "num_vacantes": "1 Vacante", "profesion": "Tecn Sistemas  Computaci\u00f3n", "descripcion_general": "Descripci\u00f3n general                \u00bfQuieres hacer parte de nuestro equipo de trabajo?  Te invitamos a participar del proceso de selecci\u00f3n de Aprendiz en Tecnolog\u00eda, Sistemas o afines, apoyar\u00e1s la revisi\u00f3n y mantenimiento de equipos de los estudiantes y profesionales del Programa \"Primaria Incluyente\" de la Instituci\u00f3n, el soporte t\u00e9cnico, y la log\u00edstica para reuniones de padres de familias y estudiantes y respectivas diligencias requeridas en el Programa. Lugar de trabajo: Edificio Coltejer, Medell\u00edn, Antioquia.Horario: Lunes a viernes de 8:00 a.m. a 6:00 p.m. Vinculaci\u00f3n: Contrato de Aprendizaje.  Si cumples con el perfil y los requisitos mencionados, postula tu hoja de vida en el portal. \u00a1Te esperamos!                    \u00bfQuieres hacer parte de nuestro equipo de trabajo?  Te invitamos a participar del proceso de selecci\u00f3n de Aprendiz en Tecnolog\u00eda, Sistemas o afines, apoyar\u00e1s la revisi\u00f3n y mantenimiento de equipos de los estudiantes y profesionales del Programa \"Primaria Incluyente\" de la Instituci\u00f3n, el soporte t\u00e9cnico, y la log\u00edstica para reuniones de padres de familias y estudiantes y respectivas diligencias requeridas en el Programa. Lugar de trabajo: Edificio Coltejer, Medell\u00edn, Antioquia.Horario: Lunes a viernes de 8:00 a.m. a 6:00 p.m. Vinculaci\u00f3n: Contrato de Aprendizaje.  Si cumples con el perfil y los requisitos mencionados, postula tu hoja de vida en el portal. \u00a1Te esperamos!                            Auxiliar, asistencial y otros                            T\u00e9cnico Laboral            Tecn Sistemas  Computaci\u00f3n                1                Vacante            Competencias para la vacante                                            T\u00e9cnico en sistemas                                                                                    Tecn\u00f3logo en sistemas                                                                                    Aprendiz", "tipo_contrato": "Contrato Contrato de aprendizaje", "nivel_educativo": "T\u00e9cnico Laboral", "categoria": "Auxiliar, asistencial y otros", "sector": "Educaci\u00f3n, cultura y turismo", "experiencia": "", "id_empleo": "1884670389", "competencias": "T\u00e9cnico en sistemas,Tecn\u00f3logo en sistemas,Aprendiz"}