{"url_empleo": "https://www.elempleo.com/co/ofertas-trabajo/analista-de-atencion-al-cliente-barranquilla/1884642319", "fecha_recuperacion": "2021-03-01-22-14", "titulo_oferta": "Analista de atencion al cliente - barranquilla", "salario": "$1,5 a $2 millones", "ciudad": "Barranquilla", "fecha_publicacion": "Publicado 18 Feb 2021", "area": "Servicio al Cliente", "num_vacantes": "1 Vacante", "profesion": "Ingenier\u00eda industrial", "descripcion_general": "Descripci\u00f3n general                Profesional en carreras administrativas: Administrador de Empresas, Ingenier\u00eda, Profesional en Negocios Internacionales, formaci\u00f3n en sistemas integrados de gesti\u00f3n, servicio al cliente, CRM, Manejo b\u00e1sico de herramientas de Microsoft Office (Word, Excel, Power Point, Outlook) Experiencia m\u00ednima de 3 a\u00f1os en todo lo relacionado con atenci\u00f3n al cliente externos e internos Capacidad para resolver y gestionar PQR\u2019s a trav\u00e9s del conocimiento del funcionamiento de una compa\u00f1\u00eda. Excelentes habilidades comunicativas, Proactividad, Tolerancia al trabajo bajo presi\u00f3n, adaptabilidad a cambios y normas de trabajo, alta capacidad de orientaci\u00f3n a atenci\u00f3n al cliente.Funciones espec\u00edfica: \u2022 Recibir diariamente llamadas de clientes externo e internos que soliciten informaci\u00f3n de la compa\u00f1\u00eda \u2022 Realizar a trav\u00e9s de seguimiento a las SQR \u2019s asignadas el cierre oportuno y notificar de forma preventiva sobre irregularidades que se presenten en el servicio. \u2022 Monitorear el ciclo completo de atenci\u00f3n de los clientes, asegurando la recepci\u00f3n y validaci\u00f3n de la respuesta a emitir al cliente\u2022 Entregar resultados de su gesti\u00f3n e indicadores se\u00f1alados por la direcci\u00f3n de atenci\u00f3n al cliente al inicio de cada mes. \u2022 Resolver de manera clara y oportuna todas las SQR emitidas por los clientes. Competencias: - Planeaci\u00f3n y Organizaci\u00f3n. - Trabajo bajo presi\u00f3n. - Iniciativa. - Atenci\u00f3n al clienteCiudad de Labores: BarranquillaSalario: $1.500.000 \u2013 Variable de acuerdo a cumplimiento de indicadores                    Profesional en carreras administrativas: Administrador de Empresas, Ingenier\u00eda, Profesional en Negocios Internacionales, formaci\u00f3n en sistemas integrados de gesti\u00f3n, servicio al cliente, CRM, Manejo b\u00e1sico de herramientas de Microsoft Office (Word, Excel, Power Point, Outlook) Experiencia m\u00ednima de 3 a\u00f1os en todo lo relacionado con atenci\u00f3n al cliente externos e internos Capacidad para resolver y gestionar PQR\u2019s a trav\u00e9s del conocimiento del funcionamiento de una compa\u00f1\u00eda. Excelentes habilidades comunicativas, Proactividad, Tolerancia al trabajo bajo presi\u00f3n, adaptabilidad a cambios y normas de trabajo, alta capacidad de orientaci\u00f3n a atenci\u00f3n al cliente.Funciones espec\u00edfica: \u2022 Recibir diariamente llamadas de clientes externo e internos que soliciten informaci\u00f3n de la compa\u00f1\u00eda \u2022 Realizar a trav\u00e9s de seguimiento a las SQR \u2019s asignadas el cierre oportuno y notificar de forma preventiva sobre irregularidades que se presenten en el servicio. \u2022 Monitorear el ciclo completo de atenci\u00f3n de los clientes, asegurando la recepci\u00f3n y validaci\u00f3n de la respuesta a emitir al cliente\u2022 Entregar resultados de su gesti\u00f3n e indicadores se\u00f1alados por la direcci\u00f3n de atenci\u00f3n al cliente al inicio de cada mes. \u2022 Resolver de manera clara y oportuna todas las SQR emitidas por los clientes. Competencias: - Planeaci\u00f3n y Organizaci\u00f3n. - Trabajo bajo presi\u00f3n. - Iniciativa. - Atenci\u00f3n al clienteCiudad de Labores: BarranquillaSalario: $1.500.000 \u2013 Variable de acuerdo a cumplimiento de indicadores                            Profesional                            Universitaria            Ingenier\u00eda industrialAdministraci\u00f3n de empresas4 a\u00f1os de experiencia                1                Vacante            Competencias para la vacante                                            analista                                                                                    servicio al cliente", "tipo_contrato": "Contrato Definido", "nivel_educativo": "Universitaria", "categoria": "Profesional", "sector": "Servicios de aseo", "experiencia": "4 a\u00f1os de experiencia", "id_empleo": "1884642319", "competencias": "analista,servicio al cliente"}