{"url_empleo": "https://www.elempleo.com/co/ofertas-trabajo/profesional-gis/1884630233", "fecha_recuperacion": "2021-03-01-22-16", "titulo_oferta": "Profesional gis", "salario": "Salario a convenir", "ciudad": "Bogot\u00e1", "fecha_publicacion": "Publicado 17 Feb 2021", "area": "Construcci\u00f3n y Obra", "num_vacantes": "1 Vacante", "profesion": "Ingenier\u00eda civil", "descripcion_general": "Descripci\u00f3n general                Firma l\u00edder a nivel mundial en el suministro de soluciones integradas en ingenier\u00eda, trabajando con los sectores p\u00fablico y privado. Con m\u00e1s de 1500 colaboradores a nivel local colaboradores en m\u00e1s de 20 oficinas, requiere ingeniero catastral, ge\u00f3grafo, forestal agr\u00edcola, agr\u00f3nomo o civil, especialista en sistemas de informaci\u00f3n geogr\u00e1fica con 2 a\u00f1os de experiencia en desarrollo y/o soporte de software tecnolog\u00eda de captura y an\u00e1lisis de informaci\u00f3n espacial en proyectos desarrollados en tecnolog\u00eda m\u00f3vil (iOS, Android, etc), edici\u00f3n y geo-procedimiento de informaci\u00f3n tipo vector y tipo r\u00e1ster , validaci\u00f3n topol\u00f3gica de datos espaciales en software GIS y conversi\u00f3n de informaci\u00f3n.   Cursos obligatorios soportados: 200 horas: Modelamiento en sistemas de informaci\u00f3n geogr\u00e1fica.  200 horas: Software GIS: ArcGis, Envi, Erdas, Gis OpenSource100 horas: Manejo de riesgo el\u00e9ctrico en redes de alta, media y baja tensi\u00f3n.                    Firma l\u00edder a nivel mundial en el suministro de soluciones integradas en ingenier\u00eda, trabajando con los sectores p\u00fablico y privado. Con m\u00e1s de 1500 colaboradores a nivel local colaboradores en m\u00e1s de 20 oficinas, requiere ingeniero catastral, ge\u00f3grafo, forestal agr\u00edcola, agr\u00f3nomo o civil, especialista en sistemas de informaci\u00f3n geogr\u00e1fica con 2 a\u00f1os de experiencia en desarrollo y/o soporte de software tecnolog\u00eda de captura y an\u00e1lisis de informaci\u00f3n espacial en proyectos desarrollados en tecnolog\u00eda m\u00f3vil (iOS, Android, etc), edici\u00f3n y geo-procedimiento de informaci\u00f3n tipo vector y tipo r\u00e1ster , validaci\u00f3n topol\u00f3gica de datos espaciales en software GIS y conversi\u00f3n de informaci\u00f3n.   Cursos obligatorios soportados: 200 horas: Modelamiento en sistemas de informaci\u00f3n geogr\u00e1fica.  200 horas: Software GIS: ArcGis, Envi, Erdas, Gis OpenSource100 horas: Manejo de riesgo el\u00e9ctrico en redes de alta, media y baja tensi\u00f3n.                            Profesional Senior                            Especializaci\u00f3n            Ingenier\u00eda civilAgrolog\u00edaIngenier\u00eda catastral  GeodesiaIngenier\u00eda ambiental  ForestalGeograf\u00eda2 a\u00f1os de experiencia                1                Vacante            Competencias para la vacante                                            GIS                                                                                    geografia", "tipo_contrato": "Contrato Definido", "nivel_educativo": "Especializaci\u00f3n", "categoria": "Profesional Senior", "sector": "Construcci\u00f3n", "experiencia": "2 a\u00f1os de experiencia", "id_empleo": "1884630233", "competencias": "GIS,geografia"}