{"url_empleo": "https://www.elempleo.com/co/ofertas-trabajo/rpa-architect/1884662441", "fecha_recuperacion": "2021-03-01-22-05", "titulo_oferta": "Rpa architect", "salario": "$6 a $8 millones", "ciudad": "Medell\u00edn", "fecha_publicacion": "Publicado 25 Feb 2021", "area": "Sistemas y Tecnolog\u00eda", "num_vacantes": "1 Vacante", "profesion": "Ingenier\u00eda de sistemas  Computaci\u00f3n", "descripcion_general": "Descripci\u00f3n general                Description of the vacancy:We\u2019re leaders and problem solvers. As a global UiPath Silver Consultingpartner, it\u2019s our mission to help companies of all sizes solve their enterprise applicationand contact center needs. In order to continue our growth we are seeking a UiPathDeveloper! Activities of the position: Configure, test, and deploy Robotic Process AutomationMonitor effectiveness of botsMaintain organization of code and dataManage development and roll out of new botsRemain up to date with new products releases including AI/ML features that UiPath isactively releasing. Required Skills:  UiPath or Automation Anywhere or Blue PrismC#, C++, VB, Java, or Python preferredVB.NET experience a huge plusUnderstanding of object-oriented principlesMinimum 2 years experience in software developmentFluent written and spoken english is required  Candidate Profile: ? You are skilled in:Problem solvingCritical thinkingComputer programming ? You have the ability to:Analyze problems and develop solutionsDetermine software problemsCommunicate effectively Details: Level of education required: Technical / Professional.Professional Card: NoDo you accept candidates with any disability conditions? NoRequired certifications: N/AYears of experience in activities related to the vacancy: +5 yearsCity of the vacancy: Medellin (Remote full time until pandemic is over, after that in office 3-4 days a week, work from home 1-2 days a week )Hours per week to work: (40)Availability 7x24: No, hours are flexible within regular working USA business hoursRequired start date: As soon as possibleRequires fluent English: C1Requires VISA: NoSalary range: $7\u2019000.000 - $9\u2019000.000 COP monthlyType of contract: Indefinite                    Description of the vacancy:We\u2019re leaders and problem solvers. As a global UiPath Silver Consultingpartner, it\u2019s our mission to help companies of all sizes solve their enterprise applicationand contact center needs. In order to continue our growth we are seeking a UiPathDeveloper! Activities of the position: Configure, test, and deploy Robotic Process AutomationMonitor effectiveness of botsMaintain organization of code and dataManage development and roll out of new botsRemain up to date with new products releases including AI/ML features that UiPath isactively releasing. Required Skills:  UiPath or Automation Anywhere or Blue PrismC#, C++, VB, Java, or Python preferredVB.NET experience a huge plusUnderstanding of object-oriented principlesMinimum 2 years experience in software developmentFluent written and spoken english is required  Candidate Profile: ? You are skilled in:Problem solvingCritical thinkingComputer programming ? You have the ability to:Analyze problems and develop solutionsDetermine software problemsCommunicate effectively Details: Level of education required: Technical / Professional.Professional Card: NoDo you accept candidates with any disability conditions? NoRequired certifications: N/AYears of experience in activities related to the vacancy: +5 yearsCity of the vacancy: Medellin (Remote full time until pandemic is over, after that in office 3-4 days a week, work from home 1-2 days a week )Hours per week to work: (40)Availability 7x24: No, hours are flexible within regular working USA business hoursRequired start date: As soon as possibleRequires fluent English: C1Requires VISA: NoSalary range: $7\u2019000.000 - $9\u2019000.000 COP monthlyType of contract: Indefinite                            Profesional                            Universitaria            Ingenier\u00eda de sistemas  Computaci\u00f3n5 a\u00f1os de experiencia                1                Vacante            Competencias para la vacante                                            UiPath                                                                                    Python                                                                                    Developer                                                                                    C#                                                                                    Java                                                                                    .NET", "tipo_contrato": "Contrato Indefinido", "nivel_educativo": "Universitaria", "categoria": "Profesional", "sector": "Inform\u00e1ticos", "experiencia": "5 a\u00f1os de experiencia", "id_empleo": "1884662441", "competencias": "UiPath,Python,Developer,C#,Java,.NET"}