{"url_empleo": "https://www.elempleo.com/co/ofertas-trabajo/architect-application-net/1884653771", "fecha_recuperacion": "2021-03-01-22-00", "titulo_oferta": "Architect application .net", "salario": "$10 a $12,5 millones", "ciudad": "Medell\u00edn", "fecha_publicacion": "Publicado 1 Mar 2021", "area": "Sistemas y Tecnolog\u00eda", "num_vacantes": "1 Vacante", "profesion": "Ingenier\u00eda de sistemas  Computaci\u00f3n", "descripcion_general": "Descripci\u00f3n general                Description:Architect with sufficient technical knowledge to design, build on-premises or cloud solutions for large companies. Should be able to lead development teams, check progress, and negotiate with client scope and show technical challenges. Has to ensure the technical quality and standards for the solutions  Responsibilities: Applies analytical and technical thinking within areas of assigned responsibility and resolve routine client issues and challenges by identifying possible alternatives and providing recommendations. Research software implementation issues and provide detail and preliminary recommendations.Conducts in-progress project reviews to ensure compliance with project goals and operability of solution.  Manages the quality of the deliverable throughout the project life cycle. Required Skills: Fully bi-lingual in English and Spanish with ability to communicate well in English and understand technical/functional documentation in English. Microsoft .NETAbility to write queries, reporting, and administration preferred. Proven track record building customer relationships, persuading and influencing decisions and overcoming objections of high-level executives.Highly developed networking skills to establish strong relationships internally to achieve results.  Details: Level of education required: ProfessionalTitles in the areas of: Systems engineering or relatedProfessional Card: NoRequired certifications: NoTime of experience in activities related to the vacancy: 5 to 6 years in general and at least 2 or 3 as architectCity of the vacancy: Remote in ColombiaHours per week to work: 45Availability 7x24: NoDate on which work is required to begin: As soon as possibleSalary range of the vacancy: $10.000.000 up to $11.800.000 COP monthly according to knowledge and experience.Type of expected contract: IndefiniteRequires fluent English: C1 Requires US VISA: No                    Description:Architect with sufficient technical knowledge to design, build on-premises or cloud solutions for large companies. Should be able to lead development teams, check progress, and negotiate with client scope and show technical challenges. Has to ensure the technical quality and standards for the solutions  Responsibilities: Applies analytical and technical thinking within areas of assigned responsibility and resolve routine client issues and challenges by identifying possible alternatives and providing recommendations. Research software implementation issues and provide detail and preliminary recommendations.Conducts in-progress project reviews to ensure compliance with project goals and operability of solution.  Manages the quality of the deliverable throughout the project life cycle. Required Skills: Fully bi-lingual in English and Spanish with ability to communicate well in English and understand technical/functional documentation in English. Microsoft .NETAbility to write queries, reporting, and administration preferred. Proven track record building customer relationships, persuading and influencing decisions and overcoming objections of high-level executives.Highly developed networking skills to establish strong relationships internally to achieve results.  Details: Level of education required: ProfessionalTitles in the areas of: Systems engineering or relatedProfessional Card: NoRequired certifications: NoTime of experience in activities related to the vacancy: 5 to 6 years in general and at least 2 or 3 as architectCity of the vacancy: Remote in ColombiaHours per week to work: 45Availability 7x24: NoDate on which work is required to begin: As soon as possibleSalary range of the vacancy: $10.000.000 up to $11.800.000 COP monthly according to knowledge and experience.Type of expected contract: IndefiniteRequires fluent English: C1 Requires US VISA: No                            Profesional                            Universitaria            Ingenier\u00eda de sistemas  Computaci\u00f3n6 a\u00f1os de experiencia                1                Vacante            Competencias para la vacante                                            .Net                                                                                    Architect                                                                                    Microsoft", "tipo_contrato": "Contrato Indefinido", "nivel_educativo": "Universitaria", "categoria": "Profesional", "sector": "Inform\u00e1ticos", "experiencia": "6 a\u00f1os de experiencia", "id_empleo": "1884653771", "competencias": ".Net,Architect,Microsoft"}