{"url_empleo": "https://www.elempleo.com/co/ofertas-trabajo/administrador-servidores-linux-aix-solaris/1884653240", "fecha_recuperacion": "2021-03-01-22-17", "titulo_oferta": "Administrador servidores linux, aix - solaris", "salario": "Salario a convenir", "ciudad": "Bogot\u00e1", "fecha_publicacion": "Publicado 17 Feb 2021", "area": "Sistemas y Tecnolog\u00eda", "num_vacantes": "1 Vacante", "profesion": "Ingenier\u00eda de sistemas  Computaci\u00f3n", "descripcion_general": "Descripci\u00f3n general                Empresa de tecnolog\u00eda Colombiana con m\u00e1s de 23 a\u00f1os de trayectoria requiere para su equipo de trabajo en el \u00e1rea de infraestructura de sistemas operativos Tecnologo, ingeniero de sistemas o carreras afines que cuente con Experiencia de m\u00ednimo 3 a\u00f1os en adelante administrando sistemas operativos, Linux, AIX y Solaris. Se garantiza estabilidad laboral ya que el contrato es termino indefinido, con un salario 100% prestacional mas beneficios (medicina prepagada, p\u00f3liza de vida, bonificaciones por referidos y pago de voucher para certificaciones). Indispensable que cuente con tarjeta profesional.                    Empresa de tecnolog\u00eda Colombiana con m\u00e1s de 23 a\u00f1os de trayectoria requiere para su equipo de trabajo en el \u00e1rea de infraestructura de sistemas operativos Tecnologo, ingeniero de sistemas o carreras afines que cuente con Experiencia de m\u00ednimo 3 a\u00f1os en adelante administrando sistemas operativos, Linux, AIX y Solaris. Se garantiza estabilidad laboral ya que el contrato es termino indefinido, con un salario 100% prestacional mas beneficios (medicina prepagada, p\u00f3liza de vida, bonificaciones por referidos y pago de voucher para certificaciones). Indispensable que cuente con tarjeta profesional.                            Profesional                            Tecnol\u00f3gica            Ingenier\u00eda de sistemas  Computaci\u00f3nTecn Sistemas  Computaci\u00f3nIngenier\u00eda electr\u00f3nicaIngenier\u00eda de redes y telecomunicaciones3 a\u00f1os de experiencia                1                Vacante            Competencias para la vacante                                            Administrador de servidores                                                                                    AIX                                                                                    Solaris                                                                                    Linux", "tipo_contrato": "Contrato Indefinido", "nivel_educativo": "Tecnol\u00f3gica", "categoria": "Profesional", "sector": "Banca", "experiencia": "3 a\u00f1os de experiencia", "id_empleo": "1884653240", "competencias": "Administrador de servidores,AIX,Solaris,Linux"}