{"url_empleo": "https://www.elempleo.com/co/ofertas-trabajo/analista-sistema-de-gestion-de-la-calidad-barranquilla/1884620296", "fecha_recuperacion": "2021-03-01-22-06", "titulo_oferta": "Analista sistema de gestion de la calidad - barranquilla", "salario": "$1 a $1,5 millones", "ciudad": "Barranquilla", "fecha_publicacion": "Publicado 25 Feb 2021", "area": "Auditor\u00eda, Contralor\u00eda e Interve...", "num_vacantes": "1 Vacante", "profesion": "Ingenier\u00eda industrial", "descripcion_general": "Descripci\u00f3n general                ANALISTA  SISTEMA DE GESTION DE CALIDAD - BARRANQUILLA                                                                     Importante empresa sector industrial requiere para su equipo de trabajo INGENIERO INDUSTRIAL para brindar apoyo y asistir en el proceso de SGC de la compa\u00f1\u00eda y asegurar la planificaci\u00f3n, implementaci\u00f3n, mantenimiento y mejoramiento del Sistema de gesti\u00f3n total garantizando los lineamientos para la realizaci\u00f3n de la documentaci\u00f3n, auditor\u00edas internas, acciones de mejora, proyectos de certificaci\u00f3n y/o acreditaci\u00f3n, teniendo en cuenta los lineamientos organizacionales.   Experiencia requerida m\u00ednimo 2 a\u00f1os en el cargo y manejo del sistemas de gesti\u00f3n de calidad, sistema seguridad , salud en el trabajo y ambiente y/o preferiblemente que tenga conocimientos o sea auditor Interno ISO 9001: 2015.             Contrato a termino indefinido directo con la compa\u00f1\u00eda.  Horario:  Lunes a Viernes 7:00 am - 5:00 pm / S\u00e1bados 8-12 mediod\u00eda.  Salario: $1.200.000                    ANALISTA  SISTEMA DE GESTION DE CALIDAD - BARRANQUILLA                                                                     Importante empresa sector industrial requiere para su equipo de trabajo INGENIERO INDUSTRIAL para brindar apoyo y asistir en el proceso de SGC de la compa\u00f1\u00eda y asegurar la planificaci\u00f3n, implementaci\u00f3n, mantenimiento y mejoramiento del Sistema de gesti\u00f3n total garantizando los lineamientos para la realizaci\u00f3n de la documentaci\u00f3n, auditor\u00edas internas, acciones de mejora, proyectos de certificaci\u00f3n y/o acreditaci\u00f3n, teniendo en cuenta los lineamientos organizacionales.   Experiencia requerida m\u00ednimo 2 a\u00f1os en el cargo y manejo del sistemas de gesti\u00f3n de calidad, sistema seguridad , salud en el trabajo y ambiente y/o preferiblemente que tenga conocimientos o sea auditor Interno ISO 9001: 2015.             Contrato a termino indefinido directo con la compa\u00f1\u00eda.  Horario:  Lunes a Viernes 7:00 am - 5:00 pm / S\u00e1bados 8-12 mediod\u00eda.  Salario: $1.200.000                            Profesional                            Universitaria            Ingenier\u00eda industrial2 a\u00f1os de experiencia                1                Vacante            Competencias para la vacante                                            Sistemas de gestion de calidad                                                                                    ingenieria                                                                                    calidad                                                                                    auditoria                                                                                    auditor", "tipo_contrato": "Contrato Indefinido", "nivel_educativo": "Universitaria", "categoria": "Profesional", "sector": "Otros", "experiencia": "2 a\u00f1os de experiencia", "id_empleo": "1884620296", "competencias": "Sistemas de gestion de calidad,ingenieria,calidad,auditoria,auditor"}