{"url_empleo": "https://www.elempleo.com/co/ofertas-trabajo/operador-de-taladro/1884616979", "fecha_recuperacion": "2021-03-01-22-06", "titulo_oferta": "Operador de taladro", "salario": "Salario a convenir", "ciudad": "Bogot\u00e1", "fecha_publicacion": "Publicado 25 Feb 2021", "area": "Construcci\u00f3n y Obra", "num_vacantes": "1 Vacante", "profesion": "Bachillerato Acad\u00e9mico", "descripcion_general": "Descripci\u00f3n general                Importante empresa del sector metalmecanico requeiere operador de taladro con 1 a\u00f1o de experiencia en el cargo                    Importante empresa del sector metalmecanico requeiere operador de taladro con 1 a\u00f1o de experiencia en el cargo                            Auxiliar, asistencial y otros                            Media (10\u00b0 - 13\u00b0)            Bachillerato Acad\u00e9mico1 a\u00f1o de experiencia                1                Vacante            Competencias para la vacante                                            TALADRO", "tipo_contrato": "", "nivel_educativo": "Media (10\u00b0 - 13\u00b0)", "categoria": "Auxiliar, asistencial y otros", "sector": "Construcci\u00f3n", "experiencia": "1 a\u00f1o de experiencia", "id_empleo": "1884616979", "competencias": "TALADRO"}