{"url_empleo": "https://www.elempleo.com/co/ofertas-trabajo/arquitecto-de-datos-popayan/1884639923", "fecha_recuperacion": "2021-03-01-22-06", "titulo_oferta": "Arquitecto de datos popayan", "salario": "$6 a $8 millones", "ciudad": "Popay\u00e1n", "fecha_publicacion": "Publicado 24 Feb 2021", "area": "Administrativa y Financiera", "num_vacantes": "1 Vacante", "profesion": "Ingenier\u00eda de sistemas  Computaci\u00f3n", "descripcion_general": "Descripci\u00f3n general                El Banco Mundo Mujer, empresa l\u00edder en microfinanzas en el pa\u00eds, requiere para su equipo de trabajo, una persona para desempe\u00f1ar el cargo de Arquitecto de Datos con el siguiente perfil: Profesional Ingeniero de Sistemas, Electr\u00f3nico, Industrial o afines, con Especializaci\u00f3n o Maestr\u00eda en Modelos arquitect\u00f3nicos, Gesti\u00f3n de Datos o Bussines Analytics. Experiencia: Debe contar como m\u00ednimo con 5 a\u00f1os en cargos relacionados y preferiblemente en el sector financiero. Dentro de sus funciones estar\u00e1 la de establecer el marco de la arquitectura de datos de la Entidad y definir el estado actual de los mismos alineados a la arquitectura empresarial, Preparar a la Entidad y sus diferentes \u00e1reas para que estrat\u00e9gicamente evolucionen de manera r\u00e1pida sus productos y servicios para tomar ventaja de las oportunidades de negocio inherentes a las tecnolog\u00edas emergentes, Desarrollar una hoja de ruta no menor a tres a\u00f1os que permita evaluar costo/beneficio y formular un plan alineado con las necesidades, los requerimientos y los recursos disponibles. La persona debe contar con disponibilidad para radicarse en la ciudad de Popay\u00e1n.Salario: $7.930.000Horario: Lunes a viernes y sabado medio diaContrato: Termino Indefinido Aplicar unicamente si cumple con el perfil.                    El Banco Mundo Mujer, empresa l\u00edder en microfinanzas en el pa\u00eds, requiere para su equipo de trabajo, una persona para desempe\u00f1ar el cargo de Arquitecto de Datos con el siguiente perfil: Profesional Ingeniero de Sistemas, Electr\u00f3nico, Industrial o afines, con Especializaci\u00f3n o Maestr\u00eda en Modelos arquitect\u00f3nicos, Gesti\u00f3n de Datos o Bussines Analytics. Experiencia: Debe contar como m\u00ednimo con 5 a\u00f1os en cargos relacionados y preferiblemente en el sector financiero. Dentro de sus funciones estar\u00e1 la de establecer el marco de la arquitectura de datos de la Entidad y definir el estado actual de los mismos alineados a la arquitectura empresarial, Preparar a la Entidad y sus diferentes \u00e1reas para que estrat\u00e9gicamente evolucionen de manera r\u00e1pida sus productos y servicios para tomar ventaja de las oportunidades de negocio inherentes a las tecnolog\u00edas emergentes, Desarrollar una hoja de ruta no menor a tres a\u00f1os que permita evaluar costo/beneficio y formular un plan alineado con las necesidades, los requerimientos y los recursos disponibles. La persona debe contar con disponibilidad para radicarse en la ciudad de Popay\u00e1n.Salario: $7.930.000Horario: Lunes a viernes y sabado medio diaContrato: Termino Indefinido Aplicar unicamente si cumple con el perfil.                            Profesional Senior                            Especializaci\u00f3n            Ingenier\u00eda de sistemas  Computaci\u00f3nIngenier\u00eda electr\u00f3nica5 a\u00f1os de experiencia                1                Vacante            Competencias para la vacante                                            arquitecto de datos", "tipo_contrato": "Contrato Indefinido", "nivel_educativo": "Especializaci\u00f3n", "categoria": "Profesional Senior", "sector": "Banca", "experiencia": "5 a\u00f1os de experiencia", "id_empleo": "1884639923", "competencias": "arquitecto de datos"}