{"url_empleo": "https://www.elempleo.com/co/ofertas-trabajo/ingeniero-comercial/1884611770", "fecha_recuperacion": "2021-03-01-22-02", "titulo_oferta": "Ingeniero comercial", "salario": "$2,5 a $3 millones", "ciudad": "Bogot\u00e1", "fecha_publicacion": "Publicado 1 Mar 2021", "area": "Comercial, Ventas y Telemercadeo", "num_vacantes": "1 Vacante", "profesion": "Ingenier\u00eda de petr\u00f3leos", "descripcion_general": "Descripci\u00f3n general                \u00bfQuieres trabajar en el sector hidrocarburos?, \u00e9sta oportunidad es para ti: Buscamos Ingeniero comercial. Profesionales en Ingenier\u00eda Qu\u00edmica / Ingenier\u00eda Industrial / Ingenier\u00eda Ambiental / Ingenier\u00eda de Petr\u00f3leos, o Carreras afines con experiencia entre 1 y 3 a\u00f1os en el sector industrial o hidrocarburos (empresas de tratamiento de residuos). espec\u00edficamente en el \u00e1rea comercial manejando licitaciones, contacto con clientes, fidelizaci\u00f3n, y todo el ciclo comercial correspondiente. POR FAVOR SI NO CUMPLES CON EL 100% DE PERFIL NO POSTULARSE!Base: Bogot\u00e1Horario de Lunes a Viernes de 8:00am a 6:00pmSalario a convenir:  $2.500.000 a $3.000.000                    \u00bfQuieres trabajar en el sector hidrocarburos?, \u00e9sta oportunidad es para ti: Buscamos Ingeniero comercial. Profesionales en Ingenier\u00eda Qu\u00edmica / Ingenier\u00eda Industrial / Ingenier\u00eda Ambiental / Ingenier\u00eda de Petr\u00f3leos, o Carreras afines con experiencia entre 1 y 3 a\u00f1os en el sector industrial o hidrocarburos (empresas de tratamiento de residuos). espec\u00edficamente en el \u00e1rea comercial manejando licitaciones, contacto con clientes, fidelizaci\u00f3n, y todo el ciclo comercial correspondiente. POR FAVOR SI NO CUMPLES CON EL 100% DE PERFIL NO POSTULARSE!Base: Bogot\u00e1Horario de Lunes a Viernes de 8:00am a 6:00pmSalario a convenir:  $2.500.000 a $3.000.000                            Profesional                            Especializaci\u00f3n            Ingenier\u00eda de petr\u00f3leosIngenier\u00eda industrialIngenier\u00eda qu\u00edmicaIngenier\u00eda ambiental  ForestalIngenier\u00eda Comercial3 a\u00f1os de experiencia                1                Vacante            Competencias para la vacante                                            ingenieria comercial                                                                                    comercial                                                                                    ventas                                                                                    facturaci\u00f3n                                                                                    lineas de negocio                                                                                    tratamiento de residuos                                                                                    ciclo comercial                                                                                    licitaciones", "tipo_contrato": "Contrato Definido", "nivel_educativo": "Especializaci\u00f3n", "categoria": "Profesional", "sector": "Servicios petroleros", "experiencia": "3 a\u00f1os de experiencia", "id_empleo": "1884611770", "competencias": "ingenieria comercial,comercial,ventas,facturaci\u00f3n,lineas de negocio,tratamiento de residuos,ciclo comercial,licitaciones"}