{"url_empleo": "https://www.elempleo.com/co/ofertas-trabajo/auxiliar-nomina/1884631946", "fecha_recuperacion": "2021-03-01-22-02", "titulo_oferta": "Auxiliar n\u00f2mina", "salario": "$1 a $1,5 millones", "ciudad": "Bogot\u00e1", "fecha_publicacion": "Publicado 1 Mar 2021", "area": "Recursos Humanos y Adm\u00f3n. de Per...", "num_vacantes": "1 Vacante", "profesion": "Tecn Administraci\u00f3n de personal", "descripcion_general": "Descripci\u00f3n general                Importante empresa requiere para su equipo de trabajo t\u00e8cnico en \u00e0reas administrativos, n\u00f2mina o talento humano para laborar como auxiliar de n\u00f2mina, dentro de sus funciones se encuentra realizar las actividades de documentaci\u00f3n, archivo y soporte al proceso de n\u00f3mina cumpliendo con los procedimientos organizacionales y normatividad legal vigente. Debe contar con experiencia de un a\u00f1o de experiencia en manejo de n\u00f3mina y liquidaci\u00f3n de prestaciones. Salario $1.341.215 mas todas las prestaciones de ley, contrato a termino indefinido.                    Importante empresa requiere para su equipo de trabajo t\u00e8cnico en \u00e0reas administrativos, n\u00f2mina o talento humano para laborar como auxiliar de n\u00f2mina, dentro de sus funciones se encuentra realizar las actividades de documentaci\u00f3n, archivo y soporte al proceso de n\u00f3mina cumpliendo con los procedimientos organizacionales y normatividad legal vigente. Debe contar con experiencia de un a\u00f1o de experiencia en manejo de n\u00f3mina y liquidaci\u00f3n de prestaciones. Salario $1.341.215 mas todas las prestaciones de ley, contrato a termino indefinido.                            Auxiliar, asistencial y otros                            T\u00e9cnico Laboral            Tecn Administraci\u00f3n de personal1 a\u00f1o de experiencia                1                Vacante            Competencias para la vacante                                            n\u00f2mina", "tipo_contrato": "", "nivel_educativo": "T\u00e9cnico Laboral", "categoria": "Auxiliar, asistencial y otros", "sector": "Otros servicios", "experiencia": "1 a\u00f1o de experiencia", "id_empleo": "1884631946", "competencias": "n\u00f2mina"}