{"url_empleo": "https://www.elempleo.com/co/ofertas-trabajo/jefe-de-riesgos/1884672602", "fecha_recuperacion": "2021-03-01-22-07", "titulo_oferta": "Jefe de riesgos", "salario": "Salario a convenir", "ciudad": "Buritic\u00e1", "fecha_publicacion": "Publicado 24 Feb 2021", "area": "Sin Definir", "num_vacantes": "1 Vacante", "profesion": "Ingenier\u00eda industrial", "descripcion_general": "Descripci\u00f3n general                Se requiere profesional en administraci\u00f3n, ingenier\u00eda y/o carreras afines, Biling\u00fce, con mas de 5 a\u00f1os de experiencia coordinando, ejecutando y asegurando la estrategia de gesti\u00f3n sostenible de riesgos corporativos, con el fin de mitigar riesgos, conocimiento en matriz de riesgos corporativos, auditoria de procesos, dise\u00f1o, estandarizaci\u00f3n y actualizaci\u00f3n de los procesos de la organizaci\u00f3n Conocimiento en sistemas de gesti\u00f3n de Riesgos e ISO 28000 Disponibilidad de trabajo en Buritica, se brinda alimentaci\u00f3n, estad\u00eda, transporte y lavander\u00eda                    Se requiere profesional en administraci\u00f3n, ingenier\u00eda y/o carreras afines, Biling\u00fce, con mas de 5 a\u00f1os de experiencia coordinando, ejecutando y asegurando la estrategia de gesti\u00f3n sostenible de riesgos corporativos, con el fin de mitigar riesgos, conocimiento en matriz de riesgos corporativos, auditoria de procesos, dise\u00f1o, estandarizaci\u00f3n y actualizaci\u00f3n de los procesos de la organizaci\u00f3n Conocimiento en sistemas de gesti\u00f3n de Riesgos e ISO 28000 Disponibilidad de trabajo en Buritica, se brinda alimentaci\u00f3n, estad\u00eda, transporte y lavander\u00eda                            Profesional                            Universitaria            Ingenier\u00eda industrialAdministraci\u00f3n de empresasAdministraci\u00f3n de personal4 a\u00f1os de experiencia                1                Vacante            Competencias para la vacante                                            riesgo                                                                                    seguridad", "tipo_contrato": "Contrato Indefinido", "nivel_educativo": "Universitaria", "categoria": "Profesional", "sector": "Minas y energ\u00eda", "experiencia": "4 a\u00f1os de experiencia", "id_empleo": "1884672602", "competencias": "riesgo,seguridad"}