{"url_empleo": "https://www.elempleo.com/co/ofertas-trabajo/account-manager-bilingue/1884560987", "fecha_recuperacion": "2021-03-01-22-04", "titulo_oferta": "Account manager biling\u00fce", "salario": "$3 a $3,5 millones", "ciudad": "Bogot\u00e1", "fecha_publicacion": "Publicado 26 Feb 2021", "area": "Servicio al Cliente", "num_vacantes": "1 Vacante", "profesion": "Otros", "descripcion_general": "Descripci\u00f3n general                \u00bfEres biling\u00fce y te gusta la atenci\u00f3n al cliente, has laborado en el sector floricultor? Env\u00edanos tu hoja de vida!Estamos en b\u00fasqueda de un profesional que hable ingl\u00e9s, tenga un buen manejo de Excel y disponibilidad para viajar. Ser\u00e1 responsable de mantener una muy buena relaci\u00f3n con nuestros clientes, logrando satisfacer sus necesidades, a trav\u00e9s de estrategias \u00fanicas, que transmitan confianza hacia la empresa. Es indispensable que conozca el sector floricultor.                    \u00bfEres biling\u00fce y te gusta la atenci\u00f3n al cliente, has laborado en el sector floricultor? Env\u00edanos tu hoja de vida!Estamos en b\u00fasqueda de un profesional que hable ingl\u00e9s, tenga un buen manejo de Excel y disponibilidad para viajar. Ser\u00e1 responsable de mantener una muy buena relaci\u00f3n con nuestros clientes, logrando satisfacer sus necesidades, a trav\u00e9s de estrategias \u00fanicas, que transmitan confianza hacia la empresa. Es indispensable que conozca el sector floricultor.                            Profesional                            Tecnol\u00f3gica            Otros3 a\u00f1os de experiencia                1                Vacante            Competencias para la vacante                                            Account Manger", "tipo_contrato": "", "nivel_educativo": "Tecnol\u00f3gica", "categoria": "Profesional", "sector": "Flores", "experiencia": "3 a\u00f1os de experiencia", "id_empleo": "1884560987", "competencias": "Account Manger"}