{"url_empleo": "https://www.elempleo.com/co/ofertas-trabajo/analista-integral-de-pruebas-bogota/1884489678", "fecha_recuperacion": "2021-03-01-22-08", "titulo_oferta": "Analista integral de pruebas bogot\u00e1", "salario": "Salario a convenir", "ciudad": "Bogot\u00e1", "fecha_publicacion": "Publicado 23 Feb 2021", "area": "Sistemas y Tecnolog\u00eda", "num_vacantes": "1 Vacante", "profesion": "Ingenier\u00eda de sistemas  Computaci\u00f3n", "descripcion_general": "Descripci\u00f3n general                Importante empresa de tecnolog\u00eda, requiere para su equipo de trabajo ingenieros de sistemas o carreras a fines, con experiencia m\u00ednima de 2 a  3 a\u00f1os  de experiencia en pruebas de software. Requisitos Profesional en Ingenier\u00eda de sistemas Conocimiento en pruebas de softwareExperiencia y conocimiento en automatizaci\u00f3n de pruebasMetodolog\u00edas  Agiles                    Importante empresa de tecnolog\u00eda, requiere para su equipo de trabajo ingenieros de sistemas o carreras a fines, con experiencia m\u00ednima de 2 a  3 a\u00f1os  de experiencia en pruebas de software. Requisitos Profesional en Ingenier\u00eda de sistemas Conocimiento en pruebas de softwareExperiencia y conocimiento en automatizaci\u00f3n de pruebasMetodolog\u00edas  Agiles                            Profesional                            Universitaria            Ingenier\u00eda de sistemas  Computaci\u00f3n3 a\u00f1os de experiencia                1                Vacante            Competencias para la vacante                                            Ingenier\u00eda de sistemas  Computaci\u00f3n                                                                                    PRUEBAS                                                                                    automatizacion", "tipo_contrato": "", "nivel_educativo": "Universitaria", "categoria": "Profesional", "sector": "Productores y distribuidores de ...", "experiencia": "3 a\u00f1os de experiencia", "id_empleo": "1884489678", "competencias": "Ingenier\u00eda de sistemas  Computaci\u00f3n,PRUEBAS,automatizacion"}