{"url_empleo": "https://www.elempleo.com/co/ofertas-trabajo/impulsadoras-ibague/1884667724", "fecha_recuperacion": "2021-03-01-22-11", "titulo_oferta": "Impulsadoras -  ibagu\u00e9", "salario": "$1,5 a $2 millones", "ciudad": "Ibagu\u00e9", "fecha_publicacion": "Publicado 22 Feb 2021", "area": "Comercial, Ventas y Telemercadeo", "num_vacantes": "1 Vacante", "profesion": "Bachillerato Acad\u00e9mico", "descripcion_general": "Descripci\u00f3n general                Reconocido laboratorio farmac\u00e9utico requiere para  vinculaci\u00f3n inmediata para su equipo Comercial, bachiller o t\u00e9cnico en mercadeo o carreras afines residente en la ciudad de Ibagu\u00e9, experiencia de un a\u00f1o en el \u00e1rea comercial preferiblemente en  Laboratorios, Empresas de Productos Naturales, Alimentos, Productos de Belleza, Productos de Aseo . Horarios: Lunes a S\u00e1bado, turnos 8 horas seg\u00fan el punto de trabajo. Salario B\u00e1sico + Excelentes comisiones +  Prestaciones de ley, promedio de ingresos $1.200.000 - $1.700.000 seg\u00fan gesti\u00f3n comercial. Interesados postular HV a la vacante.                    Reconocido laboratorio farmac\u00e9utico requiere para  vinculaci\u00f3n inmediata para su equipo Comercial, bachiller o t\u00e9cnico en mercadeo o carreras afines residente en la ciudad de Ibagu\u00e9, experiencia de un a\u00f1o en el \u00e1rea comercial preferiblemente en  Laboratorios, Empresas de Productos Naturales, Alimentos, Productos de Belleza, Productos de Aseo . Horarios: Lunes a S\u00e1bado, turnos 8 horas seg\u00fan el punto de trabajo. Salario B\u00e1sico + Excelentes comisiones +  Prestaciones de ley, promedio de ingresos $1.200.000 - $1.700.000 seg\u00fan gesti\u00f3n comercial. Interesados postular HV a la vacante.                            Auxiliar, asistencial y otros                            Media (10\u00b0 - 13\u00b0)            Bachillerato Acad\u00e9micoBachillerato ComercialBachillerato T\u00e9cnicoOtros1 a\u00f1o de experiencia                1                Vacante            Competencias para la vacante                                            Impulsadora                                                                                    Ventas                                                                                    Laboratorios                                                                                    Productos de aseo                                                                                    Productos  de Belleza                                                                                    Alimentos                                                                                    Productos naturales                                                                                    est\u00e9tica                                                                                    mercaderista                                                                                    asesora de ventas", "tipo_contrato": "Contrato Por obra o labor", "nivel_educativo": "Media (10\u00b0 - 13\u00b0)", "categoria": "Auxiliar, asistencial y otros", "sector": "Laboratorios farmac\u00e9uticos y otros", "experiencia": "1 a\u00f1o de experiencia", "id_empleo": "1884667724", "competencias": "Impulsadora,Ventas,Laboratorios,Productos de aseo,Productos  de Belleza,Alimentos,Productos naturales,est\u00e9tica,mercaderista,asesora de ventas"}