{"url_empleo": "https://www.elempleo.com/co/ofertas-trabajo/cajero-bancario-fomeque/1884485179", "fecha_recuperacion": "2021-03-01-22-09", "titulo_oferta": "Cajero bancario fomeque", "salario": "$1 a $1,5 millones", "ciudad": "Fomeque", "fecha_publicacion": "Publicado 23 Feb 2021", "area": "Administrativa y Financiera", "num_vacantes": "1 Vacante", "profesion": "Administraci\u00f3n de empresas", "descripcion_general": "Descripci\u00f3n general                Reconocida entidad bancaria, requiere para su equipo de trabajo t\u00e9cnicos o tecnologos en  carreras administrativas o  a fines al banco, con experiencia m\u00ednima de 6 meses en caja.  REQUISITOS: Vivir en fomeque o zonas cercanas. Salario: 1.457.338+ prestaciones de ley Disponibilidad para trabajar de Lunes a Viernes de  8am a 5pm.salario cajero: 1.457.338                    Reconocida entidad bancaria, requiere para su equipo de trabajo t\u00e9cnicos o tecnologos en  carreras administrativas o  a fines al banco, con experiencia m\u00ednima de 6 meses en caja.  REQUISITOS: Vivir en fomeque o zonas cercanas. Salario: 1.457.338+ prestaciones de ley Disponibilidad para trabajar de Lunes a Viernes de  8am a 5pm.salario cajero: 1.457.338                            Auxiliar, asistencial y otros                            T\u00e9cnico Laboral            Administraci\u00f3n de empresasAdministraci\u00f3n de negociosAdministraci\u00f3n financieraAdministraci\u00f3n uniempresarialTecnolog\u00eda en Gesti\u00f3n Administrativa1 a\u00f1o de experiencia                1                Vacante            Competencias para la vacante                                            cajero                                                                                    cajeros", "tipo_contrato": "Contrato Por obra o labor", "nivel_educativo": "T\u00e9cnico Laboral", "categoria": "Auxiliar, asistencial y otros", "sector": "Banca", "experiencia": "1 a\u00f1o de experiencia", "id_empleo": "1884485179", "competencias": "cajero,cajeros"}