{"url_empleo": "https://www.elempleo.com/co/ofertas-trabajo/aprendiz-contable/1884558569", "fecha_recuperacion": "2021-03-01-22-03", "titulo_oferta": "Aprendiz contable", "salario": "Menos de $1 mill\u00f3n", "ciudad": "Bogot\u00e1", "fecha_publicacion": "Publicado 26 Feb 2021", "area": "Administrativa y Financiera", "num_vacantes": "1 Vacante", "profesion": "Contadur\u00eda", "descripcion_general": "Descripci\u00f3n general                Importante multinacional del sector  farmac\u00e9utico ubicada en Bogot\u00e1, requiere aprendiz contable o de carreras administrativas de modalidad t\u00e9cnica o tecnol\u00f3gica para que realice su etapa productiva con nosotros, bajo contrato de aprendizaje tipo sena. Se trabaja de lunes a viernes en horario de oficina (Modalidad virtual actualmente mientras termina emergencia sanitaria) Se garantiza salario m\u00ednimo+ auxilio de transporte (auxilio de conectividad)Contrato de aprendizaje tipo sena por 6 meses.Excelente clima organizacional y participaci\u00f3n en todos los eventos y actividades de bienestar. Interesados aplicar a la oferta por favor solo si cumple con los siguientes requisitos. *Solo practicantes*Modalidad t\u00e9cnica o tecnol\u00f3gica (NO de carrera universitaria profesional)*Posibilidad de tener contrato de aprendizaje tipo SENA                    Importante multinacional del sector  farmac\u00e9utico ubicada en Bogot\u00e1, requiere aprendiz contable o de carreras administrativas de modalidad t\u00e9cnica o tecnol\u00f3gica para que realice su etapa productiva con nosotros, bajo contrato de aprendizaje tipo sena. Se trabaja de lunes a viernes en horario de oficina (Modalidad virtual actualmente mientras termina emergencia sanitaria) Se garantiza salario m\u00ednimo+ auxilio de transporte (auxilio de conectividad)Contrato de aprendizaje tipo sena por 6 meses.Excelente clima organizacional y participaci\u00f3n en todos los eventos y actividades de bienestar. Interesados aplicar a la oferta por favor solo si cumple con los siguientes requisitos. *Solo practicantes*Modalidad t\u00e9cnica o tecnol\u00f3gica (NO de carrera universitaria profesional)*Posibilidad de tener contrato de aprendizaje tipo SENA                            Auxiliar, asistencial y otros                            Tecnol\u00f3gica            Contadur\u00edaTecn Administraci\u00f3n de personalT\u00e9cnico en Gesti\u00f3n ContableTecnolog\u00eda en Gesti\u00f3n Administrativa                1                Vacante            Competencias para la vacante                                            tecnico en gestion contable                                                                                    tecnologo en gestion contable y tributaria                                                                                    aprendiz sena                                                                                    aprendices                                                                                    tecnico administrativo                                                                                    contabilidad                                                                                    contaduria                                                                                    aprendiz contable bogota", "tipo_contrato": "Contrato Contrato de aprendizaje", "nivel_educativo": "Tecnol\u00f3gica", "categoria": "Auxiliar, asistencial y otros", "sector": "Laboratorios farmac\u00e9uticos y otros", "experiencia": "", "id_empleo": "1884558569", "competencias": "tecnico en gestion contable,tecnologo en gestion contable y tributaria,aprendiz sena,aprendices,tecnico administrativo,contabilidad,contaduria,aprendiz contable bogota"}