{"url_empleo": "https://www.elempleo.com/co/ofertas-trabajo/tecnico-servicio-mecanico/1884667583", "fecha_recuperacion": "2021-03-01-22-07", "titulo_oferta": "T\u00e9cnico servicio mec\u00e1nico", "salario": "Salario a convenir", "ciudad": "Bogot\u00e1", "fecha_publicacion": "Publicado 24 Feb 2021", "area": "Mantenimiento", "num_vacantes": "1 Vacante", "profesion": "Tecn Mec\u00e1nico", "descripcion_general": "Descripci\u00f3n general                En GECOLSA estamos buscando graduado/a como t\u00e9cnico o tecn\u00f3logo en mecatr\u00f3nica, reparaci\u00f3n de motores  y/o carreras afines, experiencia m\u00ednima de cuatro a\u00f1os en evaluaci\u00f3n, diagnostico, reparaci\u00f3n e instalaci\u00f3n de equipos de construcci\u00f3n (Maquinaria amarilla)  \u00bfEl reto? Ejecutar los requerimientos del cliente Interno y Externo (equipos de construcci\u00f3n, y generaci\u00f3n de energ\u00eda para componentes mec\u00e1nicos, el\u00e9ctricos, hidr\u00e1ulicos, entre otros) para asegurar la prestaci\u00f3n de un servicio de calidad de acuerdo a los est\u00e1ndares establecidos.\u2022\tConocimientos de Motores Diesel y/ o gasolina.                    En GECOLSA estamos buscando graduado/a como t\u00e9cnico o tecn\u00f3logo en mecatr\u00f3nica, reparaci\u00f3n de motores  y/o carreras afines, experiencia m\u00ednima de cuatro a\u00f1os en evaluaci\u00f3n, diagnostico, reparaci\u00f3n e instalaci\u00f3n de equipos de construcci\u00f3n (Maquinaria amarilla)  \u00bfEl reto? Ejecutar los requerimientos del cliente Interno y Externo (equipos de construcci\u00f3n, y generaci\u00f3n de energ\u00eda para componentes mec\u00e1nicos, el\u00e9ctricos, hidr\u00e1ulicos, entre otros) para asegurar la prestaci\u00f3n de un servicio de calidad de acuerdo a los est\u00e1ndares establecidos.\u2022\tConocimientos de Motores Diesel y/ o gasolina.                            Auxiliar, asistencial y otros                            T\u00e9cnico Laboral            Tecn Mec\u00e1nicoTecn ElectricistaTecn Electr\u00f3nicoIngenier\u00eda de MotoresTecnolog\u00eda En Electricidad Industrial4 a\u00f1os de experiencia                1                Vacante            Competencias para la vacante                                            Caterpillar                                                                                    t\u00e9cnico                                                                                    mantenimiento                                                                                    equipos construccion", "tipo_contrato": "Contrato Indefinido", "nivel_educativo": "T\u00e9cnico Laboral", "categoria": "Auxiliar, asistencial y otros", "sector": "Construcci\u00f3n", "experiencia": "4 a\u00f1os de experiencia", "id_empleo": "1884667583", "competencias": "Caterpillar,t\u00e9cnico,mantenimiento,equipos construccion"}