{"url_empleo": "https://www.elempleo.com/co/ofertas-trabajo/analista-de-mercadeo-juegos-de-suerte-y-azar/1884523378", "fecha_recuperacion": "2021-03-01-22-12", "titulo_oferta": "Analista de mercadeo juegos de suerte y azar", "salario": "$2 a $2,5 millones", "ciudad": "Bogot\u00e1", "fecha_publicacion": "Publicado 20 Feb 2021", "area": "Mercadeo", "num_vacantes": "1 Vacante", "profesion": "Publicidad y mercadeo", "descripcion_general": "Descripci\u00f3n general                Importante empresa de servicios requiere para su equipo de trabajo Profesional o estudiante de \u00faltimo semestre en mercadeo, ingenier\u00eda de mercados, administraci\u00f3n de empresas o publicidad o carreras afines enfocado en \u00e1reas de mercadeo, para laborar como Analista de Mercadeo Juegos de Suerte y Azar. Debe contar con formacion en Excel y office avanzado y experiencia de m\u00ednimo dos a\u00f1os en cargos relacionados con planes de mercadeo, estrategias comerciales, an\u00e1lisis de indicadores y an\u00e1lisis num\u00e9rico. $ Salario 2.515.053 mas todas las prestaciones de ley y contrato indefinido.                    Importante empresa de servicios requiere para su equipo de trabajo Profesional o estudiante de \u00faltimo semestre en mercadeo, ingenier\u00eda de mercados, administraci\u00f3n de empresas o publicidad o carreras afines enfocado en \u00e1reas de mercadeo, para laborar como Analista de Mercadeo Juegos de Suerte y Azar. Debe contar con formacion en Excel y office avanzado y experiencia de m\u00ednimo dos a\u00f1os en cargos relacionados con planes de mercadeo, estrategias comerciales, an\u00e1lisis de indicadores y an\u00e1lisis num\u00e9rico. $ Salario 2.515.053 mas todas las prestaciones de ley y contrato indefinido.                            Profesional Junior                            Universitaria            Publicidad y mercadeoAdministraci\u00f3n de empresas2 a\u00f1os de experiencia                1                Vacante            Competencias para la vacante                                            Mercadeo", "tipo_contrato": "", "nivel_educativo": "Universitaria", "categoria": "Profesional Junior", "sector": "Otros servicios", "experiencia": "2 a\u00f1os de experiencia", "id_empleo": "1884523378", "competencias": "Mercadeo"}