{"url_empleo": "https://www.elempleo.com/co/ofertas-trabajo/docente-/1884651399", "fecha_recuperacion": "2021-03-01-22-12", "titulo_oferta": "Docente- 41", "salario": "Salario a convenir", "ciudad": "Bogot\u00e1", "fecha_publicacion": "Publicado 20 Feb 2021", "area": "Docencia", "num_vacantes": "1 Vacante", "profesion": "Medicina", "descripcion_general": "Descripci\u00f3n general                Importante Instituci\u00f3n de Educaci\u00f3n Superior busca para su banco de hojas de vida para completar su planta docente para el a\u00f1o 2021 en las sedes de Bogot\u00e1 y Cundinamarca.  M\u00e9dico General . Docente TC, Requerido para el departamento de Terapias Alternativas (pregrado-posgrado).  Mag\u00edster  y/o Especializaci\u00f3n en Terapias Alternativas, con \u00e9nfasis en Medicina tradicional china.Experiencia profesional en Medicina preventiva y salud p\u00fablica. Atenci\u00f3n de usuario  con abordaje hol\u00edstico en terapias alternativas  (5 a\u00f1os), Experiencia Docente (2 a\u00f1os).                    Importante Instituci\u00f3n de Educaci\u00f3n Superior busca para su banco de hojas de vida para completar su planta docente para el a\u00f1o 2021 en las sedes de Bogot\u00e1 y Cundinamarca.  M\u00e9dico General . Docente TC, Requerido para el departamento de Terapias Alternativas (pregrado-posgrado).  Mag\u00edster  y/o Especializaci\u00f3n en Terapias Alternativas, con \u00e9nfasis en Medicina tradicional china.Experiencia profesional en Medicina preventiva y salud p\u00fablica. Atenci\u00f3n de usuario  con abordaje hol\u00edstico en terapias alternativas  (5 a\u00f1os), Experiencia Docente (2 a\u00f1os).                            Profesional                            Maestr\u00eda            Medicina2 a\u00f1os de experiencia                1                Vacante            Competencias para la vacante                                            Medico general                                                                                    docente                                                                                    Especializaci\u00f3n en Terapias Alternativas                                                                                    Mag\u00edster en Terapias Alternativas", "tipo_contrato": "", "nivel_educativo": "Maestr\u00eda", "categoria": "Profesional", "sector": "Universidades", "experiencia": "2 a\u00f1os de experiencia", "id_empleo": "1884651399", "competencias": "Medico general,docente,Especializaci\u00f3n en Terapias Alternativas,Mag\u00edster en Terapias Alternativas"}