{"url_empleo": "https://www.elempleo.com/co/ofertas-trabajo/asesor-comercialpromotor-de-ventasagente-call-center-cali/1884625149", "fecha_recuperacion": "2021-03-01-22-00", "titulo_oferta": "Asesor comercial/promotor de ventas/agente call center - cali", "salario": "$1 a $1,5 millones", "ciudad": "Cali", "fecha_publicacion": "Publicado 1 Mar 2021", "area": "Comercial, Ventas y Telemercadeo", "num_vacantes": "1 Vacante", "profesion": "Bachillerato Acad\u00e9mico", "descripcion_general": "Descripci\u00f3n general                Importante empresa de telecomunicaciones, requiere para su equipo de trabajo personas con experiencia de 6 meses en ventas de productos ya sea presencial o call center, experiencia con cumplimiento de indicadores de ventas y comisionando por metas que vivan en Cali o Yumbo (Solamente si tiene transporte) con disponibilidad de tiempo.  Horarios: Domingo a domingo turnos de 8 horas con un d\u00eda compensatorioSalario: 921.693 + prestaciones de ley + comisiones por cumplimiento                    Importante empresa de telecomunicaciones, requiere para su equipo de trabajo personas con experiencia de 6 meses en ventas de productos ya sea presencial o call center, experiencia con cumplimiento de indicadores de ventas y comisionando por metas que vivan en Cali o Yumbo (Solamente si tiene transporte) con disponibilidad de tiempo.  Horarios: Domingo a domingo turnos de 8 horas con un d\u00eda compensatorioSalario: 921.693 + prestaciones de ley + comisiones por cumplimiento                            Auxiliar, asistencial y otros                            Media (10\u00b0 - 13\u00b0)            Bachillerato Acad\u00e9micoMenos de un a\u00f1o de experiencia                1                Vacante            Competencias para la vacante                                            ventas", "tipo_contrato": "", "nivel_educativo": "Media (10\u00b0 - 13\u00b0)", "categoria": "Auxiliar, asistencial y otros", "sector": "Servicios de telecomunicaciones", "experiencia": "Menos de un a\u00f1o de experiencia", "id_empleo": "1884625149", "competencias": "ventas"}