{"url_empleo": "https://www.elempleo.com/co/ofertas-trabajo/analista-sr-de-procesos-organizacionales/1884664569", "fecha_recuperacion": "2021-03-01-22-02", "titulo_oferta": "Analista sr de procesos organizacionales", "salario": "$2 a $2,5 millones", "ciudad": "Bogot\u00e1", "fecha_publicacion": "Publicado 1 Mar 2021", "area": "Proyectos (an\u00e1lisis, desarrollo,...", "num_vacantes": "1 Vacante", "profesion": "Ingenier\u00eda industrial", "descripcion_general": "Descripci\u00f3n general                Somos una Multinacional Colombiana dedicada a la fabricaci\u00f3n, distribuci\u00f3n y comercializaci\u00f3n de pisos y telas vin\u00edlicas, En este momento nos encontramos en la b\u00fasqueda de un Analista SR de compras. \u00a1Podr\u00edas ser t\u00fa, Post\u00falate! \u00bfCU\u00c1L ES TU MISION?Documentar los procesos organizacionales para las diferentes compa\u00f1\u00edas que integran el grupo Spradling con el fin de asegurar su estandarizaci\u00f3n e implementaci\u00f3n para el adecuado funcionamiento del ERP en los diferentes negocios, ejecutando y controlando la actualizaci\u00f3n de mapas y diagramas de procesos, sus fichas t\u00e9cnicas, pol\u00edticas asociadas, manuales t\u00e9cnicos de normas y procedimientos administrativos, comerciales, productivos y log\u00edsticos conforme a las transformaciones que ocurran en el modelo de negocio y seg\u00fan los objetivos definidos en el direccionamiento estrat\u00e9gico. \u00bfQUE ESTUDIOS DEBES DE TENER?Profesional en Administraci\u00f3n de Empresas o Ingenier\u00eda Industrial. EXPERIENCIA2 a\u00f1os de experiencia en cargos similares a la misi\u00f3n y que haya participado en la implementaci\u00f3n y documentaci\u00f3n de procesos para el ERP. CONOCIMIENTOS ADICIONALESManejo de aplicativos para diagramaci\u00f3n de procesos * Conocimientos de normas y Sistemas de Calidad ISO* Metodolog\u00edas de documentaci\u00f3n de procesos organizacionales (orientados a implementaci\u00f3n de ERP)* Principios de reingenier\u00eda de procesos* Conocimientos de calidad y productividad* Nivel de Excel intermedio* Nivel de Ingl\u00e9s B1  (deseable)                    Somos una Multinacional Colombiana dedicada a la fabricaci\u00f3n, distribuci\u00f3n y comercializaci\u00f3n de pisos y telas vin\u00edlicas, En este momento nos encontramos en la b\u00fasqueda de un Analista SR de compras. \u00a1Podr\u00edas ser t\u00fa, Post\u00falate! \u00bfCU\u00c1L ES TU MISION?Documentar los procesos organizacionales para las diferentes compa\u00f1\u00edas que integran el grupo Spradling con el fin de asegurar su estandarizaci\u00f3n e implementaci\u00f3n para el adecuado funcionamiento del ERP en los diferentes negocios, ejecutando y controlando la actualizaci\u00f3n de mapas y diagramas de procesos, sus fichas t\u00e9cnicas, pol\u00edticas asociadas, manuales t\u00e9cnicos de normas y procedimientos administrativos, comerciales, productivos y log\u00edsticos conforme a las transformaciones que ocurran en el modelo de negocio y seg\u00fan los objetivos definidos en el direccionamiento estrat\u00e9gico. \u00bfQUE ESTUDIOS DEBES DE TENER?Profesional en Administraci\u00f3n de Empresas o Ingenier\u00eda Industrial. EXPERIENCIA2 a\u00f1os de experiencia en cargos similares a la misi\u00f3n y que haya participado en la implementaci\u00f3n y documentaci\u00f3n de procesos para el ERP. CONOCIMIENTOS ADICIONALESManejo de aplicativos para diagramaci\u00f3n de procesos * Conocimientos de normas y Sistemas de Calidad ISO* Metodolog\u00edas de documentaci\u00f3n de procesos organizacionales (orientados a implementaci\u00f3n de ERP)* Principios de reingenier\u00eda de procesos* Conocimientos de calidad y productividad* Nivel de Excel intermedio* Nivel de Ingl\u00e9s B1  (deseable)                            Profesional Senior                            Universitaria            Ingenier\u00eda industrialAdministraci\u00f3n de empresas2 a\u00f1os de experiencia                1                Vacante            Competencias para la vacante                                            Procesos industriales                                                                                    Analista sr", "tipo_contrato": "Contrato Indefinido", "nivel_educativo": "Universitaria", "categoria": "Profesional Senior", "sector": "Manufacturas varias", "experiencia": "2 a\u00f1os de experiencia", "id_empleo": "1884664569", "competencias": "Procesos industriales,Analista sr"}