{"url_empleo": "https://www.elempleo.com/co/ofertas-trabajo/analista-de-metricas-digitales/1884664072", "fecha_recuperacion": "2021-03-01-22-09", "titulo_oferta": "Analista de metricas digitales", "salario": "$2 a $2,5 millones", "ciudad": "Bogot\u00e1", "fecha_publicacion": "Publicado 23 Feb 2021", "area": "Mercadeo y Publicidad", "num_vacantes": "1 Vacante", "profesion": "Publicidad y mercadeo", "descripcion_general": "Descripci\u00f3n general                Te estamos buscando! En nuestro equipo de trabajo buscamos profesional con dos a\u00f1o de experiencia analizando indicadores  en plataformas de marketing digital. Dentro de su rol estar\u00e1 encargado de: Interpretar datos, analizar resultados y proporcionar informes continuos. Adquirir datos de fuentes de datos primarias o secundarias. Identificar, analizar e interpretar tendencias o patrones en conjuntos de datos complejos. Localizar y definir nuevas oportunidades de mejora de procesos y estrategias de optimizaci\u00f3n de la conversi\u00f3n digital. Acompa\u00f1ar el proceso y modelo de seguimiento del performance de las campa\u00f1as de medios y activos digitales, que resulten reportes que den cuenta de las acciones tomadas y sus resultados, as\u00ed como la apropiada propuesta de recomendaciones y Apoyar procesos de integraci\u00f3n de herramientas y plataformas de marketing digital. Es indispensable que cuentes con alto nivel de ingles y manejo avanzado de excel.                    Te estamos buscando! En nuestro equipo de trabajo buscamos profesional con dos a\u00f1o de experiencia analizando indicadores  en plataformas de marketing digital. Dentro de su rol estar\u00e1 encargado de: Interpretar datos, analizar resultados y proporcionar informes continuos. Adquirir datos de fuentes de datos primarias o secundarias. Identificar, analizar e interpretar tendencias o patrones en conjuntos de datos complejos. Localizar y definir nuevas oportunidades de mejora de procesos y estrategias de optimizaci\u00f3n de la conversi\u00f3n digital. Acompa\u00f1ar el proceso y modelo de seguimiento del performance de las campa\u00f1as de medios y activos digitales, que resulten reportes que den cuenta de las acciones tomadas y sus resultados, as\u00ed como la apropiada propuesta de recomendaciones y Apoyar procesos de integraci\u00f3n de herramientas y plataformas de marketing digital. Es indispensable que cuentes con alto nivel de ingles y manejo avanzado de excel.                            Profesional                            Universitaria            Publicidad y mercadeoAdministraci\u00f3n de empresasMercadeo2 a\u00f1os de experiencia                1                Vacante            Competencias para la vacante                                            marketing digital", "tipo_contrato": "Contrato Indefinido", "nivel_educativo": "Universitaria", "categoria": "Profesional", "sector": "Otros servicios", "experiencia": "2 a\u00f1os de experiencia", "id_empleo": "1884664072", "competencias": "marketing digital"}