{"url_empleo": "https://www.elempleo.com/co/ofertas-trabajo/auxiliar-de-enfermeria-centro-carcelario-epmsc-armenia/1884512656", "fecha_recuperacion": "2021-03-01-22-15", "titulo_oferta": "Auxiliar de enfermeria centro carcelario epmsc armenia", "salario": "$2,5 a $3 millones", "ciudad": "Armenia", "fecha_publicacion": "Publicado 18 Feb 2021", "area": "Salud", "num_vacantes": "1 Vacante", "profesion": "Medicina", "descripcion_general": "Descripci\u00f3n general                Importante Consorcio requiere profesionales en Auxiliar de Enfermer\u00eda para prestar sus servicios 192 horas mensuales al interior de Establecimiento Carcelario ubicado en ARMENIA. Honorarios: $2.235.491. Tenga en cuenta que para aplicar a la vacante deber\u00e1 contar con los siguientes documentos: Hoja de vida actualizada, Fotocopia de la c\u00e9dula, Fotocopia del Diploma o Acta  de Grado Bachiller, Fotocopia del Diploma de Estudios Profesionales, Soporte de inscripci\u00f3n a RETHUS, Tarjeta profesional y/o equivalente, Fotocopia del Rut, Certificado de afiliaci\u00f3n EPS, Certificado de afiliaci\u00f3n Fondo de pensiones, Certificado de antecedentes Judiciales, Disciplinarios y Fiscales, Carnet de Vacunas, Concepto m\u00e9dico ocupacional actualizado,  Titulaci\u00f3n de Anticuerpos para Hepatitis B.                    Importante Consorcio requiere profesionales en Auxiliar de Enfermer\u00eda para prestar sus servicios 192 horas mensuales al interior de Establecimiento Carcelario ubicado en ARMENIA. Honorarios: $2.235.491. Tenga en cuenta que para aplicar a la vacante deber\u00e1 contar con los siguientes documentos: Hoja de vida actualizada, Fotocopia de la c\u00e9dula, Fotocopia del Diploma o Acta  de Grado Bachiller, Fotocopia del Diploma de Estudios Profesionales, Soporte de inscripci\u00f3n a RETHUS, Tarjeta profesional y/o equivalente, Fotocopia del Rut, Certificado de afiliaci\u00f3n EPS, Certificado de afiliaci\u00f3n Fondo de pensiones, Certificado de antecedentes Judiciales, Disciplinarios y Fiscales, Carnet de Vacunas, Concepto m\u00e9dico ocupacional actualizado,  Titulaci\u00f3n de Anticuerpos para Hepatitis B.                            Auxiliar, asistencial y otros                            T\u00e9cnico Laboral            Medicina                1                Vacante            Competencias para la vacante                                            RETHUS", "tipo_contrato": "Contrato Prestacion de Servicios", "nivel_educativo": "T\u00e9cnico Laboral", "categoria": "Auxiliar, asistencial y otros", "sector": "Salud, trabajo y seguridad social", "experiencia": "", "id_empleo": "1884512656", "competencias": "RETHUS"}