{"url_empleo": "https://www.elempleo.com/co/ofertas-trabajo/despachador/1884533615", "fecha_recuperacion": "2021-03-01-22-17", "titulo_oferta": "Despachador", "salario": "Salario a convenir", "ciudad": "Soacha", "fecha_publicacion": "Publicado 17 Feb 2021", "area": "Log\u00edstica y Distribuci\u00f3n", "num_vacantes": "1 Vacante", "profesion": "Tecnolog\u00eda en Gesti\u00f3n Administra...", "descripcion_general": "Descripci\u00f3n general                Nos encontramos en la b\u00fasqueda de un Despachador para nuestra planta ubicada en Soacha, con el siguiente perfil: T\u00e9cnico o Tecn\u00f3logo en \u00e1reas Administrativas, Log\u00edstica o Ingenier\u00eda. con m\u00ednimo 2 a\u00f1os de experiencia como Despachador en el \u00e1rea de Log\u00edstica y Suministros, con conocimiento en el manejo de herramientas ofim\u00e1ticas, manejo de atenci\u00f3n a clientes internos y externos.                    Nos encontramos en la b\u00fasqueda de un Despachador para nuestra planta ubicada en Soacha, con el siguiente perfil: T\u00e9cnico o Tecn\u00f3logo en \u00e1reas Administrativas, Log\u00edstica o Ingenier\u00eda. con m\u00ednimo 2 a\u00f1os de experiencia como Despachador en el \u00e1rea de Log\u00edstica y Suministros, con conocimiento en el manejo de herramientas ofim\u00e1ticas, manejo de atenci\u00f3n a clientes internos y externos.                            Auxiliar, asistencial y otros                            T\u00e9cnico Laboral            Tecnolog\u00eda en Gesti\u00f3n Administrativa2 a\u00f1os de experiencia                1                Vacante            Competencias para la vacante                                            despachador                                                                                    logistica                                                                                    distribuci\u00f3n                                                                                    T\u00e9cnico                                                                                    Tecn\u00f3logo", "tipo_contrato": "Contrato Definido", "nivel_educativo": "T\u00e9cnico Laboral", "categoria": "Auxiliar, asistencial y otros", "sector": "Manufacturas varias", "experiencia": "2 a\u00f1os de experiencia", "id_empleo": "1884533615", "competencias": "despachador,logistica,distribuci\u00f3n,T\u00e9cnico,Tecn\u00f3logo"}