{"url_empleo": "https://www.elempleo.com/co/ofertas-trabajo/auxiliar-de-planta/1884655983", "fecha_recuperacion": "2021-03-01-22-11", "titulo_oferta": "Auxiliar de planta", "salario": "$1 a $1,5 millones", "ciudad": "Bogot\u00e1", "fecha_publicacion": "Publicado 22 Feb 2021", "area": "Instalaci\u00f3n y Reparaciones T\u00e9cnicas", "num_vacantes": "1 Vacante", "profesion": "Bachillerato Acad\u00e9mico", "descripcion_general": "Descripci\u00f3n general                Apoyar labores en la planta; dentro de sus funciones est\u00e1 realizar limpieza de los equipos asignados, desensamble de los mismos, brindar apoyo en las diferentes labores diarias; apoyar actividades de ensamble y desensamble  de equipo con herramientas manuales.                    Apoyar labores en la planta; dentro de sus funciones est\u00e1 realizar limpieza de los equipos asignados, desensamble de los mismos, brindar apoyo en las diferentes labores diarias; apoyar actividades de ensamble y desensamble  de equipo con herramientas manuales.                            Auxiliar, asistencial y otros                            Media (10\u00b0 - 13\u00b0)            Bachillerato Acad\u00e9micoBachillerato T\u00e9cnicoOtrosMenos de un a\u00f1o de experiencia                1                Vacante            Competencias para la vacante                                            producci\u00f3n                                                                                    operativo", "tipo_contrato": "Contrato Definido", "nivel_educativo": "Media (10\u00b0 - 13\u00b0)", "categoria": "Auxiliar, asistencial y otros", "sector": "Otros servicios", "experiencia": "Menos de un a\u00f1o de experiencia", "id_empleo": "1884655983", "competencias": "producci\u00f3n,operativo"}