{"url_empleo": "https://www.elempleo.com/co/ofertas-trabajo/desarrollador-ios-developer/1884649460", "fecha_recuperacion": "2021-03-01-22-08", "titulo_oferta": "Desarrollador ios developer", "salario": "$6 a $8 millones", "ciudad": "Bogot\u00e1", "fecha_publicacion": "Publicado 23 Feb 2021", "area": "Sistemas y Tecnolog\u00eda", "num_vacantes": "1 Vacante", "profesion": "Ingenier\u00eda de sistemas  Computaci\u00f3n", "descripcion_general": "Descripci\u00f3n general                Este proceso lo estamos manejando virtual, es para el cargo iOS Developer, cuentas con la experiencia en desarrollo de apps para IOS en ObjectiveC o swift y cuentas con conocimiento en el proceso de desarrollo y herramientas de software? si es as\u00ed, aplica a la oferta laboral                    Este proceso lo estamos manejando virtual, es para el cargo iOS Developer, cuentas con la experiencia en desarrollo de apps para IOS en ObjectiveC o swift y cuentas con conocimiento en el proceso de desarrollo y herramientas de software? si es as\u00ed, aplica a la oferta laboral                            Profesional                            T\u00e9cnico Laboral            Ingenier\u00eda de sistemas  Computaci\u00f3n1 a\u00f1o de experiencia                1                Vacante            Competencias para la vacante                                            iOS                                                                                    Cloud                                                                                    Nube                                                                                    Desarrollo                                                                                    Aplicaciones", "tipo_contrato": "Contrato Indefinido", "nivel_educativo": "T\u00e9cnico Laboral", "categoria": "Profesional", "sector": "Servicios de telecomunicaciones", "experiencia": "1 a\u00f1o de experiencia", "id_empleo": "1884649460", "competencias": "iOS,Cloud,Nube,Desarrollo,Aplicaciones"}