{"url_empleo": "https://www.elempleo.com/co/ofertas-trabajo/senior-tech-lead-net/1884590015", "fecha_recuperacion": "2021-03-01-22-05", "titulo_oferta": "Senior tech lead .net", "salario": "$10 a $12,5 millones", "ciudad": "Medell\u00edn", "fecha_publicacion": "Publicado 25 Feb 2021", "area": "Sistemas y Tecnolog\u00eda", "num_vacantes": "1 Vacante", "profesion": "Ingenier\u00eda de sistemas  Computaci\u00f3n", "descripcion_general": "Descripci\u00f3n general                Description of the vacancy:We are a dynamic Medellin-based company with an international footprint which specializes in the development, maintenance and installation of Energy Management Systems, which can range from the simplest Power Monitoring Systems to complex operational Energy Management Systems, as well as BMS (Building Management Systems). We are partners with Schneider Electric which provides software, hardware and services to improve the way our customers manage their energy and buildings systems for their Critical Power Facilities using systems like PowerSCADA Operations (PSO), Power Monitoring Expert (PME) and StruXureware Buildings Operations (EBO). Frequent travel to client sites located in the United States is required (upto 50%) Details: Level of education required: ProfessionalTitles in the areas of: Degree in Computer Science, Information Technology or related degree/ experience. Do you accept candidates with any disability conditions? Yes, if they can accomplish the job requirements. Time of experience in activities related to the vacancy: 8 to 10 years overall, 2 years as leaderCity of the vacancy: Medell\u00edn Hours per week to work: 45Availability 7x24: NoDate on which work is required to begin: ASAPSalary range of the vacancy: $10\u2019000.000 up to $13\u2019000.000 COP per Month Type of expected contract: IndefiniteRequires fluent English: Yes, C2Requires US VISA: Desired More details in: *****:*********.*************.*******************            Description of the vacancy:We are a dynamic Medellin-based company with an international footprint which specializes in the development, maintenance and installation of Energy Management Systems, which can range from the simplest Power Monitoring Systems to complex operational Energy Management Systems, as well as BMS (Building Management Systems). We are partners with Schneider Electric which provides software, hardware and services to improve the way our customers manage their energy and buildings systems for their Critical Power Facilities using systems like PowerSCADA Operations (PSO), Power Monitoring Expert (PME) and StruXureware Buildings Operations (EBO). Frequent travel to client sites located in the United States is required (upto 50%) Details: Level of education required: ProfessionalTitles in the areas of: Degree in Computer Science, Information Technology or related degree/ experience. Do you accept candidates with any disability conditions? Yes, if they can accomplish the job requirements. Time of experience in activities related to the vacancy: 8 to 10 years overall, 2 years as leaderCity of the vacancy: Medell\u00edn Hours per week to work: 45Availability 7x24: NoDate on which work is required to begin: ASAPSalary range of the vacancy: $10\u2019000.000 up to $13\u2019000.000 COP per Month Type of expected contract: IndefiniteRequires fluent English: Yes, C2Requires US VISA: Desired More details in: *****:*********.*************.*******************                Coordinador supervisor o especialista                            Especializaci\u00f3n            Ingenier\u00eda de sistemas  Computaci\u00f3n8 a\u00f1os de experiencia                1                Vacante            Competencias para la vacante                                            .net                                                                                    Agile                                                                                    Leader                                                                                    Lider                                                                                    C++                                                                                    HTML                                                                                    CSS                                                                                    JAVA", "tipo_contrato": "Contrato Indefinido", "nivel_educativo": "Especializaci\u00f3n", "categoria": "Coordinador supervisor o especialista", "sector": "Inform\u00e1ticos", "experiencia": "8 a\u00f1os de experiencia", "id_empleo": "1884590015", "competencias": ".net,Agile,Leader,Lider,C++,HTML,CSS,JAVA"}