{"url_empleo": "https://www.elempleo.com/co/ofertas-trabajo/asistente-de-genero-e-inclusion-social-catatumbo-sur-de-cordoba-cauca-narino-bajo-cauca/1884622968", "fecha_recuperacion": "2021-03-01-22-13", "titulo_oferta": "Asistente de genero e inclusi\u00f3n social - (catatumbo - sur de cordoba - cauca - nari\u00f1o - bajo cauca)", "salario": "Salario a convenir", "ciudad": "Bogot\u00e1", "fecha_publicacion": "Publicado 19 Feb 2021", "area": "Proyectos (an\u00e1lisis, desarrollo,...", "num_vacantes": "1 Vacante", "profesion": "Ciencias pol\u00edticas y gobierno", "descripcion_general": "Descripci\u00f3n general                MISIONEstablecer los lineamientos t\u00e9cnicos para incorporar el enfoque diferencial de g\u00e9nero y estrategia de inclusi\u00f3n social en el desarrollo de las actividades del plan de trabajo del Programa Somos Comunidad, con el prop\u00f3sito de contribuir con el fortalecimiento de los sistemas locales para mejorar la seguridad de los ciudadanos y mitigar los efectos de los grupos delictivos organizados y otros incidentes violentos en los territorios, bajo los lineamientos establecidos por la Direcci\u00f3n del Programa y cumpliendo con las pol\u00edticas de la Fundaci\u00f3n.FORMACI\u00d3N ACAD\u00c9MICA? Profesional en \u00e1reas de las ciencias sociales, humanas o de la educaci\u00f3n (sociolog\u00eda, trabajo social, psicolog\u00eda, antropolog\u00eda, desarrollo familiar, promoci\u00f3n social, filosof\u00eda, ciencias pol\u00edticas, licenciaturas de las humanidades y ciencias sociales).? Posgrado en Derechos Humanos, Pol\u00edticas P\u00fablicas, Estudios de G\u00e9nero o \u00e1reas afines.EXPERIENCIA LABORALEspec\u00edfica:Experiencia m\u00ednima de cinco (5) a\u00f1os en la ejecuci\u00f3n y seguimiento de actividades de resiliencia y desarrollo comunitario con el enfoque diferencial de g\u00e9nero y/o inclusi\u00f3n social, en comunidades vulnerables v\u00edctimas de violencia. Preferible la experiencia en el territorio de la regional a la cual se postula.Relacionada:M\u00ednimo 3 a\u00f1os de experiencia en:? Manejo en temas de g\u00e9nero? Trabajo con poblaci\u00f3n vulnerable? Manejo de bases de datos, tablas y gr\u00e1ficos din\u00e1micos.? Formulaci\u00f3n, ejecuci\u00f3n, seguimiento y evaluaci\u00f3n de proyectos? Capacidad de comunicaci\u00f3n, s\u00edntesis y selecci\u00f3n de informaci\u00f3n.? Desarrollo de actividades en el territorio                    MISIONEstablecer los lineamientos t\u00e9cnicos para incorporar el enfoque diferencial de g\u00e9nero y estrategia de inclusi\u00f3n social en el desarrollo de las actividades del plan de trabajo del Programa Somos Comunidad, con el prop\u00f3sito de contribuir con el fortalecimiento de los sistemas locales para mejorar la seguridad de los ciudadanos y mitigar los efectos de los grupos delictivos organizados y otros incidentes violentos en los territorios, bajo los lineamientos establecidos por la Direcci\u00f3n del Programa y cumpliendo con las pol\u00edticas de la Fundaci\u00f3n.FORMACI\u00d3N ACAD\u00c9MICA? Profesional en \u00e1reas de las ciencias sociales, humanas o de la educaci\u00f3n (sociolog\u00eda, trabajo social, psicolog\u00eda, antropolog\u00eda, desarrollo familiar, promoci\u00f3n social, filosof\u00eda, ciencias pol\u00edticas, licenciaturas de las humanidades y ciencias sociales).? Posgrado en Derechos Humanos, Pol\u00edticas P\u00fablicas, Estudios de G\u00e9nero o \u00e1reas afines.EXPERIENCIA LABORALEspec\u00edfica:Experiencia m\u00ednima de cinco (5) a\u00f1os en la ejecuci\u00f3n y seguimiento de actividades de resiliencia y desarrollo comunitario con el enfoque diferencial de g\u00e9nero y/o inclusi\u00f3n social, en comunidades vulnerables v\u00edctimas de violencia. Preferible la experiencia en el territorio de la regional a la cual se postula.Relacionada:M\u00ednimo 3 a\u00f1os de experiencia en:? Manejo en temas de g\u00e9nero? Trabajo con poblaci\u00f3n vulnerable? Manejo de bases de datos, tablas y gr\u00e1ficos din\u00e1micos.? Formulaci\u00f3n, ejecuci\u00f3n, seguimiento y evaluaci\u00f3n de proyectos? Capacidad de comunicaci\u00f3n, s\u00edntesis y selecci\u00f3n de informaci\u00f3n.? Desarrollo de actividades en el territorio                            Profesional Junior                            Universitaria            Ciencias pol\u00edticas y gobiernoPsicolog\u00edaSociolog\u00edaTrabajo socialPlaneaci\u00f3n Y Desarrollo Social5 a\u00f1os de experiencia                1                Vacante            Competencias para la vacante                                            SOCIAL                                                                                    PSICOLOGIA", "tipo_contrato": "", "nivel_educativo": "Universitaria", "categoria": "Profesional Junior", "sector": "Organizaciones no gubernamentale...", "experiencia": "5 a\u00f1os de experiencia", "id_empleo": "1884622968", "competencias": "SOCIAL,PSICOLOGIA"}