{"url_empleo": "https://www.elempleo.com/co/ofertas-trabajo/auxiliar-de-enfermeria-comercial/1884656460", "fecha_recuperacion": "2021-03-01-22-16", "titulo_oferta": "Auxiliar de enfermeria - comercial", "salario": "$2 a $2,5 millones", "ciudad": "Bogot\u00e1", "fecha_publicacion": "Publicado 17 Feb 2021", "area": "Comercial, Ventas y Telemercadeo", "num_vacantes": "1 Vacante", "profesion": "Enfermer\u00eda", "descripcion_general": "Descripci\u00f3n general                Reconocido laboratorio farmac\u00e9utico requiere Auxiliar de Enfermer\u00eda, con experiencia en VENTAS, Servicio al Cliente directo (requisito) y enfermer\u00eda, se requiere persona con excelente ACTITUD COMERCIAL, contar con  conocimiento de patolog\u00edas, fisionom\u00eda y fisiolog\u00eda, capacitaci\u00f3n de grupos, manejo de ofim\u00e1tica, disponibilidad para viajar. Excelente presentaci\u00f3n personal y fluidez verbal. Personal t\u00e9cnico o tecn\u00f3logo en enfermer\u00eda, auxiliar de enfermer\u00eda. Contar con m\u00ednimo 1 a\u00f1o de experiencia en el \u00e1rea comercial.FUNCIONES: Capacitar al equipo comercial en productos de la compa\u00f1\u00eda, realizar eventos direccionados a la salud de los clientes, aumentar la rotaci\u00f3n en punto de venta, lograr codificaci\u00f3n y/o vectorizaci\u00f3n de nuevos productos.HORARIO: Lunes a S\u00e1bado, eventualmente un domingo, se requiere personal que NO este estudiando.SALARIO: $ 1.800.000 - 2.500.000 seg\u00fan gesti\u00f3n comercial + prestaciones de ley                    Reconocido laboratorio farmac\u00e9utico requiere Auxiliar de Enfermer\u00eda, con experiencia en VENTAS, Servicio al Cliente directo (requisito) y enfermer\u00eda, se requiere persona con excelente ACTITUD COMERCIAL, contar con  conocimiento de patolog\u00edas, fisionom\u00eda y fisiolog\u00eda, capacitaci\u00f3n de grupos, manejo de ofim\u00e1tica, disponibilidad para viajar. Excelente presentaci\u00f3n personal y fluidez verbal. Personal t\u00e9cnico o tecn\u00f3logo en enfermer\u00eda, auxiliar de enfermer\u00eda. Contar con m\u00ednimo 1 a\u00f1o de experiencia en el \u00e1rea comercial.FUNCIONES: Capacitar al equipo comercial en productos de la compa\u00f1\u00eda, realizar eventos direccionados a la salud de los clientes, aumentar la rotaci\u00f3n en punto de venta, lograr codificaci\u00f3n y/o vectorizaci\u00f3n de nuevos productos.HORARIO: Lunes a S\u00e1bado, eventualmente un domingo, se requiere personal que NO este estudiando.SALARIO: $ 1.800.000 - 2.500.000 seg\u00fan gesti\u00f3n comercial + prestaciones de ley                            Auxiliar, asistencial y otros                            T\u00e9cnico Laboral            Enfermer\u00eda1 a\u00f1o de experiencia                1                Vacante            Competencias para la vacante                                            Auxiliar de Enfermeria                                                                                    Ventas                                                                                    Servicio al cliente                                                                                    Comercial                                                                                    laboratorios", "tipo_contrato": "", "nivel_educativo": "T\u00e9cnico Laboral", "categoria": "Auxiliar, asistencial y otros", "sector": "Laboratorios farmac\u00e9uticos y otros", "experiencia": "1 a\u00f1o de experiencia", "id_empleo": "1884656460", "competencias": "Auxiliar de Enfermeria,Ventas,Servicio al cliente,Comercial,laboratorios"}