{"url_empleo": "https://www.elempleo.com/co/ofertas-trabajo/tecnico-electricista/1884591865", "fecha_recuperacion": "2021-03-01-22-14", "titulo_oferta": "T\u00e9cnico electricista", "salario": "$1 a $1,5 millones", "ciudad": "Medell\u00edn", "fecha_publicacion": "Publicado 18 Feb 2021", "area": "Construcci\u00f3n y Obra", "num_vacantes": "1 Vacante", "profesion": "Tecn Electricista", "descripcion_general": "Descripci\u00f3n general                Importante empresa del sector servicios requiere para su equipo de trabajo t\u00e9cnico o tecn\u00f3logo en electricidad o \u00e1reas afines, con experiencia m\u00ednima de dos a\u00f1os en mantenimiento el\u00e9ctrico residencial e industrial. Conocimiento el\u00e9ctrico preventivo y correctivo de instalaciones en lo referente a luminarias, tomas, switches y dem\u00e1s elementos el\u00e9ctricos de mediana complejidad. Indispensable contar con certificaci\u00f3n. Indispensable certificaci\u00f3n por competencias, t\u00e9cnica o tecnolog\u00eda en electricidad, electromec\u00e1nica o afines.                    Importante empresa del sector servicios requiere para su equipo de trabajo t\u00e9cnico o tecn\u00f3logo en electricidad o \u00e1reas afines, con experiencia m\u00ednima de dos a\u00f1os en mantenimiento el\u00e9ctrico residencial e industrial. Conocimiento el\u00e9ctrico preventivo y correctivo de instalaciones en lo referente a luminarias, tomas, switches y dem\u00e1s elementos el\u00e9ctricos de mediana complejidad. Indispensable contar con certificaci\u00f3n. Indispensable certificaci\u00f3n por competencias, t\u00e9cnica o tecnolog\u00eda en electricidad, electromec\u00e1nica o afines.                            Auxiliar, asistencial y otros                            T\u00e9cnico Laboral            Tecn ElectricistaTecnolog\u00eda En Electricidad Industrial2 a\u00f1os de experiencia                1                Vacante            Competencias para la vacante                                            electricidad                                                                                    electricista                                                                                    tecnico electrico                                                                                    obras                                                                                    obras civiles", "tipo_contrato": "Contrato Indefinido", "nivel_educativo": "T\u00e9cnico Laboral", "categoria": "Auxiliar, asistencial y otros", "sector": "Distribuci\u00f3n / Consumo masivo de...", "experiencia": "2 a\u00f1os de experiencia", "id_empleo": "1884591865", "competencias": "electricidad,electricista,tecnico electrico,obras,obras civiles"}