{"url_empleo": "https://www.elempleo.com/co/ofertas-trabajo/analista-de-calidad/1884177552", "fecha_recuperacion": "2021-03-01-22-05", "titulo_oferta": "Analista de calidad", "salario": "$2 a $2,5 millones", "ciudad": "Medell\u00edn", "fecha_publicacion": "Publicado 25 Feb 2021", "area": "Auditor\u00eda, Contralor\u00eda e Interve...", "num_vacantes": "1 Vacante", "profesion": "Administraci\u00f3n industrial", "descripcion_general": "Descripci\u00f3n general                - Planear, coordinar,  verificar y controlar conjuntamente con el Jefe inmediato  la implementaci\u00f3n y cumplimiento normativo de   los sistemas de gesti\u00f3n y normas legales asociadas aplicables a la Organizaci\u00f3n asegurando que se cumplan dentro de los criterios establecidos en la normatividad vigente y en los plazos asignados en el marco de las directrices internas y externas definidas - Verificar, controlar\tque la documentaci\u00f3n del sistema de gesti\u00f3n este en ISoluci\u00f3n \tAsegurando que se encuentre actualizada y que todos los documentos est\u00e9n integrados en la Herramienta de acuerdo con los manuales establecidos-Asesorar, verificar y controlar que los usuarios generen la informaci\u00f3n  y gestionen los seguimientos en  Acapam \tDe acuerdo con los par\u00e1metros y plazos establecidos-Capacitar, documentar, verificar y controlar \tEn el sistema de gesti\u00f3n calidad y en  la Herramienta Isolucion \tAsegurando que  los l\u00edderes de los procesos  de la organizaci\u00f3n disponga de informaci\u00f3n actualizada y confiable  para el uso correcto de dicha informaci\u00f3n -Preparar y presentar  a los diferentes p\u00fablicos establecidos\tInformes de avances o resultados en la implementaci\u00f3n del sistema de gesti\u00f3n y de las normas aplicables   en la organizaci\u00f3n \tAsegurando  que se disponga de informaci\u00f3n actualizada y confiable que permita la toma de decisiones, acciones correctivas, preventivas o de mejora                    - Planear, coordinar,  verificar y controlar conjuntamente con el Jefe inmediato  la implementaci\u00f3n y cumplimiento normativo de   los sistemas de gesti\u00f3n y normas legales asociadas aplicables a la Organizaci\u00f3n asegurando que se cumplan dentro de los criterios establecidos en la normatividad vigente y en los plazos asignados en el marco de las directrices internas y externas definidas - Verificar, controlar\tque la documentaci\u00f3n del sistema de gesti\u00f3n este en ISoluci\u00f3n \tAsegurando que se encuentre actualizada y que todos los documentos est\u00e9n integrados en la Herramienta de acuerdo con los manuales establecidos-Asesorar, verificar y controlar que los usuarios generen la informaci\u00f3n  y gestionen los seguimientos en  Acapam \tDe acuerdo con los par\u00e1metros y plazos establecidos-Capacitar, documentar, verificar y controlar \tEn el sistema de gesti\u00f3n calidad y en  la Herramienta Isolucion \tAsegurando que  los l\u00edderes de los procesos  de la organizaci\u00f3n disponga de informaci\u00f3n actualizada y confiable  para el uso correcto de dicha informaci\u00f3n -Preparar y presentar  a los diferentes p\u00fablicos establecidos\tInformes de avances o resultados en la implementaci\u00f3n del sistema de gesti\u00f3n y de las normas aplicables   en la organizaci\u00f3n \tAsegurando  que se disponga de informaci\u00f3n actualizada y confiable que permita la toma de decisiones, acciones correctivas, preventivas o de mejora                            Profesional Junior                            Universitaria            Administraci\u00f3n industrialIngenier\u00eda de procesos2 a\u00f1os de experienciaAnalista                1                Vacante            Competencias para la vacante                                            calidad                                                                                    normas                                                                                    revisi\u00f3n", "tipo_contrato": "Contrato Indefinido", "nivel_educativo": "Universitaria", "categoria": "Profesional Junior", "sector": "Terrestre", "experiencia": "2 a\u00f1os de experiencia", "id_empleo": "1884177552", "competencias": "calidad,normas,revisi\u00f3n"}