{"url_empleo": "https://www.elempleo.com/co/ofertas-trabajo/especialista-en-base-de-datos/1884591330", "fecha_recuperacion": "2021-03-01-22-12", "titulo_oferta": "Especialista en base de datos", "salario": "Salario a convenir", "ciudad": "Bogot\u00e1", "fecha_publicacion": "Publicado 20 Feb 2021", "area": "Construcci\u00f3n y Obra", "num_vacantes": "1 Vacante", "profesion": "Ingenier\u00eda de sistemas  Computaci\u00f3n", "descripcion_general": "Descripci\u00f3n general                Ingeniero de sistemas, industrial , electr\u00f3nica , telecomunicaciones con postgrado en desarrollo de base de datos o gesti\u00f3n de bases de datos o gesti\u00f3n de informaci\u00f3n y de bases de datos. Experiencia general de ocho(8) a\u00f1os, experiencia especifica m\u00ednima de 5 a\u00f1os como especialista, l\u00edder \u00f3 asesor de conectividad y/o infraestructura de TI de proyectos relacionados con: implementaci\u00f3n de centro de datos o centro gesti\u00f3n  o implementaci\u00f3n de soluciones tecnol\u00f3gicas; o estructuraci\u00f3n en diccionarios de datos.                    Ingeniero de sistemas, industrial , electr\u00f3nica , telecomunicaciones con postgrado en desarrollo de base de datos o gesti\u00f3n de bases de datos o gesti\u00f3n de informaci\u00f3n y de bases de datos. Experiencia general de ocho(8) a\u00f1os, experiencia especifica m\u00ednima de 5 a\u00f1os como especialista, l\u00edder \u00f3 asesor de conectividad y/o infraestructura de TI de proyectos relacionados con: implementaci\u00f3n de centro de datos o centro gesti\u00f3n  o implementaci\u00f3n de soluciones tecnol\u00f3gicas; o estructuraci\u00f3n en diccionarios de datos.                            Coordinador supervisor o especialista                            Especializaci\u00f3n            Ingenier\u00eda de sistemas  Computaci\u00f3nIngenier\u00eda el\u00e9ctricaIngenier\u00eda de telecomunicaciones13 a\u00f1os de experiencia                1                Vacante            Competencias para la vacante                                            TI de proyectos                                                                                    implementaci\u00f3n de soluciones", "tipo_contrato": "", "nivel_educativo": "Especializaci\u00f3n", "categoria": "Coordinador supervisor o especialista", "sector": "Infraestructura vial", "experiencia": "13 a\u00f1os de experiencia", "id_empleo": "1884591330", "competencias": "TI de proyectos,implementaci\u00f3n de soluciones"}