{"url_empleo": "https://www.elempleo.com/co/ofertas-trabajo/operario-metalmecanico/1884645732", "fecha_recuperacion": "2021-03-01-22-05", "titulo_oferta": "Operario metalmecanico", "salario": "$1 a $1,5 millones", "ciudad": "Bogot\u00e1", "fecha_publicacion": "Publicado 25 Feb 2021", "area": "Construcci\u00f3n y Obra", "num_vacantes": "1 Vacante", "profesion": "Bachillerato Acad\u00e9mico", "descripcion_general": "Descripci\u00f3n general                Importante empresa del sector metalmecanico requiere operario de estructura metalica de las siguientes especialidades: Operador de taladro, Operador de maquina CNC, Ayudante de maquina CNC, Soldador con certificaciones vigentes, Armador de estructura metalica, Trazador-cortador.                    Importante empresa del sector metalmecanico requiere operario de estructura metalica de las siguientes especialidades: Operador de taladro, Operador de maquina CNC, Ayudante de maquina CNC, Soldador con certificaciones vigentes, Armador de estructura metalica, Trazador-cortador.                            Auxiliar, asistencial y otros                            B\u00e1sica Secundaria (6\u00b0 - 9\u00b0)            Bachillerato Acad\u00e9mico1 a\u00f1o de experiencia                1                Vacante            Competencias para la vacante                                            OPERADOR                                                                                    METAL", "tipo_contrato": "", "nivel_educativo": "B\u00e1sica Secundaria (6\u00b0 - 9\u00b0)", "categoria": "Auxiliar, asistencial y otros", "sector": "Construcci\u00f3n", "experiencia": "1 a\u00f1o de experiencia", "id_empleo": "1884645732", "competencias": "OPERADOR,METAL"}