{"url_empleo": "https://www.elempleo.com/co/ofertas-trabajo/agente-de-call-center-domicilios/1884669341", "fecha_recuperacion": "2021-03-01-22-01", "titulo_oferta": "Agente de call center domicilios", "salario": "Menos de $1 mill\u00f3n", "ciudad": "Medell\u00edn", "fecha_publicacion": "Publicado 1 Mar 2021", "area": "Comercial, Ventas y Telemercadeo", "num_vacantes": "1 Vacante", "profesion": "Administraci\u00f3n de servicios", "descripcion_general": "Descripci\u00f3n general                Importante CALL CENTER de domicilios, ubicado en la ciudad de Medell\u00edn, busca para su equipo de trabajo agentes de servicio al cliente, m\u00ednimo con experiencia de 6 meses.La gesti\u00f3n fundamental el agente de servicio al cliente brindara servicio y gu\u00eda respecto a la carta,  generando la satisfacci\u00f3n del cliente por medio de la cultura de servicio que representa nuestra marca.                    Importante CALL CENTER de domicilios, ubicado en la ciudad de Medell\u00edn, busca para su equipo de trabajo agentes de servicio al cliente, m\u00ednimo con experiencia de 6 meses.La gesti\u00f3n fundamental el agente de servicio al cliente brindara servicio y gu\u00eda respecto a la carta,  generando la satisfacci\u00f3n del cliente por medio de la cultura de servicio que representa nuestra marca.                            Auxiliar, asistencial y otros                            Media (10\u00b0 - 13\u00b0)            Administraci\u00f3n de serviciosTecnolog\u00eda de alimentos1 a\u00f1o de experiencia                1                Vacante            Competencias para la vacante                                            call center                                                                                    domicilios                                                                                    BPO                                                                                    centro de llamadas", "tipo_contrato": "Contrato Indefinido", "nivel_educativo": "Media (10\u00b0 - 13\u00b0)", "categoria": "Auxiliar, asistencial y otros", "sector": "Alimentos / Bebidas", "experiencia": "1 a\u00f1o de experiencia", "id_empleo": "1884669341", "competencias": "call center,domicilios,BPO,centro de llamadas"}