{"url_empleo": "https://www.elempleo.com/co/ofertas-trabajo/ejecutivo-comercial-seguridad-electronica-postventa/1884637681", "fecha_recuperacion": "2021-03-01-22-12", "titulo_oferta": "Ejecutivo comercial seguridad electr\u00f3nica (post-venta)", "salario": "$1,5 a $2 millones", "ciudad": "Bogot\u00e1", "fecha_publicacion": "Publicado 19 Feb 2021", "area": "Comercial, Ventas y Telemercadeo", "num_vacantes": "1 Vacante", "profesion": "Otros", "descripcion_general": "Descripci\u00f3n general                Multinacional L\u00edder en Soluciones de seguridad, requiere T\u00e9cnico Tecn\u00f3logo \u00e1rea comercial o mercadeo, Ingeniero Electr\u00f3nico, mecatr\u00f3nico, aeron\u00e1utico o programas afines para desempe\u00f1arse como Ejecutivo Comercial post-venta; con m\u00e1s de 2 a\u00f1os de experiencia en atenci\u00f3n post-venta, clientes de sistemas de seguridad electr\u00f3nica (intrusi\u00f3n, sistemas de video y controles de ascenso). Manejo avanzado de herramientas de Office 365.  Competencias: Habilidad anal\u00edtica, Orientaci\u00f3n a Resultados, trabajo en equipo, liderazgo, servicio al cliente.Salario: 1.750.000+ 200.000 (Bonificaci\u00f3n)Interesados aplicar por este medio \u00f3 enviar Hoja de Vida al correo electr\u00f3nico: ********@*********.***.** (Indicar Cargo al cual se aplica)                    Multinacional L\u00edder en Soluciones de seguridad, requiere T\u00e9cnico Tecn\u00f3logo \u00e1rea comercial o mercadeo, Ingeniero Electr\u00f3nico, mecatr\u00f3nico, aeron\u00e1utico o programas afines para desempe\u00f1arse como Ejecutivo Comercial post-venta; con m\u00e1s de 2 a\u00f1os de experiencia en atenci\u00f3n post-venta, clientes de sistemas de seguridad electr\u00f3nica (intrusi\u00f3n, sistemas de video y controles de ascenso). Manejo avanzado de herramientas de Office 365.  Competencias: Habilidad anal\u00edtica, Orientaci\u00f3n a Resultados, trabajo en equipo, liderazgo, servicio al cliente.Salario: 1.750.000+ 200.000 (Bonificaci\u00f3n)Interesados aplicar por este medio \u00f3 enviar Hoja de Vida al correo electr\u00f3nico: ********@*********.***.** (Indicar Cargo al cual se aplica)                            Profesional                            Universitaria            Otros2 a\u00f1os de experiencia                1                Vacante            Competencias para la vacante                                            ingeniero seguridad electronica post-venta", "tipo_contrato": "Contrato Otro", "nivel_educativo": "Universitaria", "categoria": "Profesional", "sector": "Vigilancia y seguridad", "experiencia": "2 a\u00f1os de experiencia", "id_empleo": "1884637681", "competencias": "ingeniero seguridad electronica post-venta"}