{"url_empleo": "https://www.elempleo.com/co/ofertas-trabajo/analista-de-riesgo/1884657429", "fecha_recuperacion": "2021-03-01-22-04", "titulo_oferta": "Analista de riesgo", "salario": "$2 a $2,5 millones", "ciudad": "Bogot\u00e1", "fecha_publicacion": "Publicado 26 Feb 2021", "area": "Administrativa y Financiera", "num_vacantes": "1 Vacante", "profesion": "Econom\u00eda", "descripcion_general": "Descripci\u00f3n general                Se requiere de manera inmediata analista de riesgo para laborar en reconocida entidad del sector financiero para reemplazo de licencia de maternidad que va de 5 a 6 meses, debe ser profesional en carreras administrativas o financieras (Administraci\u00f3n de empresas, econom\u00eda o finanzas), debe tener un a\u00f1o de experiencia en an\u00e1lisis de riesgo, elaboraci\u00f3n de informe, estudio de base de datos, \u00e1rea de estad\u00edsticas, monitoreo, conteo, gr\u00e1ficos y dem\u00e1s, y en el manejo de herramientas como SQL, ACCES Y EXCEL AVANZADO Horario: Lunes a Viernes de 8:00 a 5:30 pmSalario: 2.798.252 + Prestaciones de ley                    Se requiere de manera inmediata analista de riesgo para laborar en reconocida entidad del sector financiero para reemplazo de licencia de maternidad que va de 5 a 6 meses, debe ser profesional en carreras administrativas o financieras (Administraci\u00f3n de empresas, econom\u00eda o finanzas), debe tener un a\u00f1o de experiencia en an\u00e1lisis de riesgo, elaboraci\u00f3n de informe, estudio de base de datos, \u00e1rea de estad\u00edsticas, monitoreo, conteo, gr\u00e1ficos y dem\u00e1s, y en el manejo de herramientas como SQL, ACCES Y EXCEL AVANZADO Horario: Lunes a Viernes de 8:00 a 5:30 pmSalario: 2.798.252 + Prestaciones de ley                            Profesional                            Universitaria            Econom\u00edaAdministraci\u00f3n de empresasAdministraci\u00f3n financiera1 a\u00f1o de experiencia                1                Vacante            Competencias para la vacante                                            administracion                                                                                    estadistica", "tipo_contrato": "Contrato Por obra o labor", "nivel_educativo": "Universitaria", "categoria": "Profesional", "sector": "Estad\u00edstica", "experiencia": "1 a\u00f1o de experiencia", "id_empleo": "1884657429", "competencias": "administracion,estadistica"}