{"url_empleo": "https://www.elempleo.com/co/ofertas-trabajo/disenador-grafico-web/1884659093", "fecha_recuperacion": "2021-03-01-22-06", "titulo_oferta": "Dise\u00f1ador gr\u00e1fico web", "salario": "$2,5 a $3 millones", "ciudad": "Bogot\u00e1", "fecha_publicacion": "Publicado 24 Feb 2021", "area": "Mercadeo y Publicidad", "num_vacantes": "1 Vacante", "profesion": "Dise\u00f1o gr\u00e1fico", "descripcion_general": "Descripci\u00f3n general                Buscamos Profesionales en Dise\u00f1o Gr\u00e1fico, y Dise\u00f1o Industrial, con experiencia m\u00ednima de 4 a\u00f1os como dise\u00f1ador WEB, con habilidades y conocimientos en: \u2022\tHTML5, CCS3, Adobe ilustrator, Diagramaci\u00f3n y Adobe Photoshop.\u2022\tConocimiento de dise\u00f1o de UI/UX para aplicaciones web y m\u00f3viles.\u2022\tManejo de contenido digital para WEB, E-comm y RRSS\u2022\tManejo de plataformas e-mailing (Master Base)\u2022\tManejo de plataforma MAC y Windows\u2022\tConocimiento en Fotograf\u00eda, retoque digital y edici\u00f3n de videos\u2022\tDisponibilidad para viajar (para la toma de fotograf\u00edas de locaci\u00f3n) Se requiere una persona multitasking, orientado al resultado, organizado y creativo, Si cumple con la experiencia y le interesa la vacante por favor relacionar su  Asp salarial, el  contrato es a t\u00e9rmino indefinido, horario de lunes a viernes de 7:30am a 5:30 pm y s\u00e1bados medio d\u00eda de 9?am a 12:30 medio dia.  (Dos s\u00e1bados al Mes).  Rango salarial de $2'500.000 a $3\u00b4000.000                    Buscamos Profesionales en Dise\u00f1o Gr\u00e1fico, y Dise\u00f1o Industrial, con experiencia m\u00ednima de 4 a\u00f1os como dise\u00f1ador WEB, con habilidades y conocimientos en: \u2022\tHTML5, CCS3, Adobe ilustrator, Diagramaci\u00f3n y Adobe Photoshop.\u2022\tConocimiento de dise\u00f1o de UI/UX para aplicaciones web y m\u00f3viles.\u2022\tManejo de contenido digital para WEB, E-comm y RRSS\u2022\tManejo de plataformas e-mailing (Master Base)\u2022\tManejo de plataforma MAC y Windows\u2022\tConocimiento en Fotograf\u00eda, retoque digital y edici\u00f3n de videos\u2022\tDisponibilidad para viajar (para la toma de fotograf\u00edas de locaci\u00f3n) Se requiere una persona multitasking, orientado al resultado, organizado y creativo, Si cumple con la experiencia y le interesa la vacante por favor relacionar su  Asp salarial, el  contrato es a t\u00e9rmino indefinido, horario de lunes a viernes de 7:30am a 5:30 pm y s\u00e1bados medio d\u00eda de 9?am a 12:30 medio dia.  (Dos s\u00e1bados al Mes).  Rango salarial de $2'500.000 a $3\u00b4000.000                            Profesional                            Universitaria            Dise\u00f1o gr\u00e1ficoDise\u00f1o industrial3 a\u00f1os de experiencia                1                Vacante            Competencias para la vacante                                            Dise\u00f1ador web", "tipo_contrato": "Contrato Indefinido", "nivel_educativo": "Universitaria", "categoria": "Profesional", "sector": "Construcci\u00f3n", "experiencia": "3 a\u00f1os de experiencia", "id_empleo": "1884659093", "competencias": "Dise\u00f1ador web"}