{"url_empleo": "https://www.elempleo.com/co/ofertas-trabajo/analista-excel-avanzado-sql/1884632709", "fecha_recuperacion": "2021-03-01-22-11", "titulo_oferta": "Analista - excel avanzado / sql", "salario": "$1 a $1,5 millones", "ciudad": "Ch\u00eda", "fecha_publicacion": "Publicado 22 Feb 2021", "area": "Administrativa y Financiera", "num_vacantes": "1 Vacante", "profesion": "Econom\u00eda", "descripcion_general": "Descripci\u00f3n general                OFERTA LABORAL: Estar\u00e1 a cargo analizar e interpretar datos con el fin de generar informes seg\u00fan lo establezca la Direcci\u00f3n; trabajar en el mejoramiento continuo y automatizaci\u00f3n de los informes; realizar cruces de informaci\u00f3n y an\u00e1lisis financieroTE OFRECEMOS: Contrato con todas las prestaciones de ley, inicialmente 6 meses a trav\u00e9s de temporal, salario de $1.5, con disponibilidad para trabajo remoto y/o en sede Ch\u00eda, adem\u00e1s de un espacio profesional que te permite crecer y contribuir con el proceso de transformaci\u00f3n del Banco.REQUISITOS: Profesional o estudiante de \u00faltimos semestres en carreras administrativas o afines; Experiencia de 2 a\u00f1os en el manejo de manejo de bases de datos, cruces de informaci\u00f3n, entrega de informes, manejo y conocimiento de procesos Financieros y Bancarios, indispensable manejo de Excel Avanzado y Sql.                    OFERTA LABORAL: Estar\u00e1 a cargo analizar e interpretar datos con el fin de generar informes seg\u00fan lo establezca la Direcci\u00f3n; trabajar en el mejoramiento continuo y automatizaci\u00f3n de los informes; realizar cruces de informaci\u00f3n y an\u00e1lisis financieroTE OFRECEMOS: Contrato con todas las prestaciones de ley, inicialmente 6 meses a trav\u00e9s de temporal, salario de $1.5, con disponibilidad para trabajo remoto y/o en sede Ch\u00eda, adem\u00e1s de un espacio profesional que te permite crecer y contribuir con el proceso de transformaci\u00f3n del Banco.REQUISITOS: Profesional o estudiante de \u00faltimos semestres en carreras administrativas o afines; Experiencia de 2 a\u00f1os en el manejo de manejo de bases de datos, cruces de informaci\u00f3n, entrega de informes, manejo y conocimiento de procesos Financieros y Bancarios, indispensable manejo de Excel Avanzado y Sql.                            Profesional                            Universitaria            Econom\u00edaAdministraci\u00f3n de empresas2 a\u00f1os de experiencia                1                Vacante            Competencias para la vacante                                            Excel Avanzado                                                                                    SQL", "tipo_contrato": "Contrato Por obra o labor", "nivel_educativo": "Universitaria", "categoria": "Profesional", "sector": "Banca", "experiencia": "2 a\u00f1os de experiencia", "id_empleo": "1884632709", "competencias": "Excel Avanzado,SQL"}