{"url_empleo": "https://www.elempleo.com/co/ofertas-trabajo/project-manager-bilingue/1884651840", "fecha_recuperacion": "2021-03-01-22-08", "titulo_oferta": "Project manager  (bilingue)", "salario": "Salario a convenir", "ciudad": "Bogot\u00e1", "fecha_publicacion": "Publicado 23 Feb 2021", "area": "Sistemas y Tecnolog\u00eda", "num_vacantes": "1 Vacante", "profesion": "Ingenier\u00eda de sistemas  Computaci\u00f3n", "descripcion_general": "Descripci\u00f3n general                Importante empresa del sector de tecnolog\u00eda requiere para su equipo de trabajo Project Manager que cuente con m\u00ednimo cinco a\u00f1os de experiencia en gerencia o direcci\u00f3n de proyectos. Certificaci\u00f3n:ScrumPMPAgileGesti\u00f3n de proyectos de soluciones de software Indispensable: Ingl\u00e9s conversacional Contrato directo, termino indefinido                    Importante empresa del sector de tecnolog\u00eda requiere para su equipo de trabajo Project Manager que cuente con m\u00ednimo cinco a\u00f1os de experiencia en gerencia o direcci\u00f3n de proyectos. Certificaci\u00f3n:ScrumPMPAgileGesti\u00f3n de proyectos de soluciones de software Indispensable: Ingl\u00e9s conversacional Contrato directo, termino indefinido                            Profesional                            Especializaci\u00f3n            Ingenier\u00eda de sistemas  Computaci\u00f3nEspecializaci\u00f3n en gerencia de proyectos5 a\u00f1os de experiencia                1                Vacante            Competencias para la vacante                                            project manager                                                                                    PMP                                                                                    PM                                                                                    SCRUM                                                                                    AGILE                                                                                    GERENTE DE PROYECTOS", "tipo_contrato": "Contrato Indefinido", "nivel_educativo": "Especializaci\u00f3n", "categoria": "Profesional", "sector": "Ciencia y tecnolog\u00eda", "experiencia": "5 a\u00f1os de experiencia", "id_empleo": "1884651840", "competencias": "project manager,PMP,PM,SCRUM,AGILE,GERENTE DE PROYECTOS"}