{"url_empleo": "https://www.elempleo.com/co/ofertas-trabajo/ejecutivo-comercial/1884560007", "fecha_recuperacion": "2021-03-01-22-08", "titulo_oferta": "Ejecutivo comercial", "salario": "$2,5 a $3 millones", "ciudad": "Bogot\u00e1", "fecha_publicacion": "Publicado 24 Feb 2021", "area": "Comercial, Ventas y Telemercadeo", "num_vacantes": "1 Vacante", "profesion": "Administraci\u00f3n de empresas", "descripcion_general": "Descripci\u00f3n general                Importante compa\u00f1\u00eda multinacional del sector consumo masivo  buscan vincular dentro de su equipo de trabajo profesional ejecutivo comercial, esta persona debe ser profesional en administraci\u00f3n de empresas , ingenier\u00eda industrial con estudios en carreras comercial.IMPORTANTE: Debe tener experiencia en negociaci\u00f3n en superetes ( zapatoca, rosal, modesto, las quintas, mona del perdomo, javier verdugo), clientes de grandes cadenas,debe contar con amplia experiencia en negociaci\u00f3n, debe tener buenas relaciones interpersonales IMPORTANTE: amplia experiencia en consumo masivo de alimentos SALARIO+BONIFICACION+TRASPORTE ADICIONAL.                    Importante compa\u00f1\u00eda multinacional del sector consumo masivo  buscan vincular dentro de su equipo de trabajo profesional ejecutivo comercial, esta persona debe ser profesional en administraci\u00f3n de empresas , ingenier\u00eda industrial con estudios en carreras comercial.IMPORTANTE: Debe tener experiencia en negociaci\u00f3n en superetes ( zapatoca, rosal, modesto, las quintas, mona del perdomo, javier verdugo), clientes de grandes cadenas,debe contar con amplia experiencia en negociaci\u00f3n, debe tener buenas relaciones interpersonales IMPORTANTE: amplia experiencia en consumo masivo de alimentos SALARIO+BONIFICACION+TRASPORTE ADICIONAL.                            Profesional                            Universitaria            Administraci\u00f3n de empresasMercadeoProfesional En Marketing Y Negocios Internacionales4 a\u00f1os de experiencia                1                Vacante            Competencias para la vacante                                            comercia                                                                                    ejecutivo comercial                                                                                    zapatoca", "tipo_contrato": "Contrato Indefinido", "nivel_educativo": "Universitaria", "categoria": "Profesional", "sector": "Distribuci\u00f3n / Consumo masivo de...", "experiencia": "4 a\u00f1os de experiencia", "id_empleo": "1884560007", "competencias": "comercia,ejecutivo comercial,zapatoca"}