{"url_empleo": "https://www.elempleo.com/co/ofertas-trabajo/psicologa-especialista-en-recursos-humanos/1884648886", "fecha_recuperacion": "2021-03-01-22-14", "titulo_oferta": "Psic\u00f3loga especialista en recursos humanos", "salario": "Salario a convenir", "ciudad": "Bogot\u00e1", "fecha_publicacion": "Publicado 18 Feb 2021", "area": "Comercial, Ventas y Telemercadeo", "num_vacantes": "1 Vacante", "profesion": "Ingenier\u00eda industrial", "descripcion_general": "Descripci\u00f3n general                Importante empresa consultora en recursos humanos, busca integrar a su equipo de trabajo una especialista en recursos humanos. Profesional en Psicolog\u00eda, Administraci\u00f3n de Empresas o Ingenier\u00eda Industrial, que cuente con especializaci\u00f3n en recursos humanos, nivel de ingl\u00e9s medio, con experiencia m\u00ednima de 5 a\u00f1os en empresas de consultor\u00eda en rol comercial, desarrollo y selecci\u00f3n, atracci\u00f3n de clientes y relaciones p\u00fablicas conociendo las principales demandas en el mercado. Rol meramente comercial.  Interesados que cumplan con el perfil, enviar hoja de vida a los siguientes correos:***********.**********@*********************.** ****************@*********************.**            Importante empresa consultora en recursos humanos, busca integrar a su equipo de trabajo una especialista en recursos humanos. Profesional en Psicolog\u00eda, Administraci\u00f3n de Empresas o Ingenier\u00eda Industrial, que cuente con especializaci\u00f3n en recursos humanos, nivel de ingl\u00e9s medio, con experiencia m\u00ednima de 5 a\u00f1os en empresas de consultor\u00eda en rol comercial, desarrollo y selecci\u00f3n, atracci\u00f3n de clientes y relaciones p\u00fablicas conociendo las principales demandas en el mercado. Rol meramente comercial.  Interesados que cumplan con el perfil, enviar hoja de vida a los siguientes correos:***********.**********@*********************.** ****************@*********************.**                Profesional                            Especializaci\u00f3n            Ingenier\u00eda industrialPsicolog\u00edaAdministraci\u00f3n de empresas5 a\u00f1os de experiencia                1                Vacante            Competencias para la vacante                                            psicologa                                                                                    ingeniera industrial                                                                                    administradora de empresas                                                                                    especializacion en recursos humanos                                                                                    comercial", "tipo_contrato": "", "nivel_educativo": "Especializaci\u00f3n", "categoria": "Profesional", "sector": "Consultor\u00eda en recursos humanos", "experiencia": "5 a\u00f1os de experiencia", "id_empleo": "1884648886", "competencias": "psicologa,ingeniera industrial,administradora de empresas,especializacion en recursos humanos,comercial"}