{"url_empleo": "https://www.elempleo.com/co/ofertas-trabajo/asistente-tecnico-en-confeccion/1884456745", "fecha_recuperacion": "2021-03-01-22-08", "titulo_oferta": "Asistente tecnico en confecci\u00f3n", "salario": "Salario a convenir", "ciudad": "Medell\u00edn", "fecha_publicacion": "Publicado 23 Feb 2021", "area": "Calidad (aseguramiento, gesti\u00f3n ...", "num_vacantes": "1 Vacante", "profesion": "Ingenier\u00eda de producci\u00f3n", "descripcion_general": "Descripci\u00f3n general                Importante empresa del sector textil \u2013 Confecci\u00f3n requiere Asistente T\u00e9cnico Confecci\u00f3n, fundamental que manejen maquinar\u00eda de confecci\u00f3n  Misi\u00f3n del Cargo: Garantizar el control de calidad de los productos, elaboraci\u00f3n de montajes de las maquinas de confecci\u00f3n y de brindar los m\u00e9todos y tiempos asignados a la confecci\u00f3n de prendas. Algunas Funciones:Hacer los an\u00e1lisis y determinar la viabilidad de productos terminados.Realizar an\u00e1lisis y seguimiento del proceso.Acompa\u00f1ar a los m\u00f3dulos de confecci\u00f3n  Formaci\u00f3n: Estudios en Tecnolog\u00eda de producci\u00f3n, calidad o confecci\u00f3n Industrial. Horario: rotativo de lunes a S\u00e1bado. Salario: 1.370.000                    Importante empresa del sector textil \u2013 Confecci\u00f3n requiere Asistente T\u00e9cnico Confecci\u00f3n, fundamental que manejen maquinar\u00eda de confecci\u00f3n  Misi\u00f3n del Cargo: Garantizar el control de calidad de los productos, elaboraci\u00f3n de montajes de las maquinas de confecci\u00f3n y de brindar los m\u00e9todos y tiempos asignados a la confecci\u00f3n de prendas. Algunas Funciones:Hacer los an\u00e1lisis y determinar la viabilidad de productos terminados.Realizar an\u00e1lisis y seguimiento del proceso.Acompa\u00f1ar a los m\u00f3dulos de confecci\u00f3n  Formaci\u00f3n: Estudios en Tecnolog\u00eda de producci\u00f3n, calidad o confecci\u00f3n Industrial. Horario: rotativo de lunes a S\u00e1bado. Salario: 1.370.000                            Auxiliar, asistencial y otros                            Tecnol\u00f3gica            Ingenier\u00eda de producci\u00f3n2 a\u00f1os de experiencia                1                Vacante            Competencias para la vacante                                            Calidad                                                                                    Confecci\u00f3n                                                                                    Metodos y tiempos", "tipo_contrato": "Contrato Indefinido", "nivel_educativo": "Tecnol\u00f3gica", "categoria": "Auxiliar, asistencial y otros", "sector": "Consumo masivo", "experiencia": "2 a\u00f1os de experiencia", "id_empleo": "1884456745", "competencias": "Calidad,Confecci\u00f3n,Metodos y tiempos"}