{"url_empleo": "https://www.elempleo.com/co/ofertas-trabajo/especialista-en-contabilidad-sector-saludo/1884452520", "fecha_recuperacion": "2021-03-01-22-11", "titulo_oferta": "Especialista en contabilidad sector saludo", "salario": "$2,5 a $3 millones", "ciudad": "Bogot\u00e1", "fecha_publicacion": "Publicado 22 Feb 2021", "area": "Administrativa y Financiera", "num_vacantes": "1 Vacante", "profesion": "Contadur\u00eda", "descripcion_general": "Descripci\u00f3n general                Importante compa\u00f1\u00eda requiere para su equipo de trabajo, Especialista en Contabilidad , experiencia m\u00ednima 4 a\u00f1os,  conocimientos ofim\u00e1ticos, nomina, liquidaci\u00f3n de impuesto, realizar auditorias de cajas menores, conciliaci\u00f3n fiscal de activos fijos, supervisar todas las operaciones contables de la empresa, tales como contabilidad general, contabilidad de costos, n\u00f3minas, contabilizaci\u00f3n de activos fijos y elaboraci\u00f3n de informes a gerencia, comunicar a la alta administraci\u00f3n los asuntos de excepci\u00f3n, irregularidades y dem\u00e1s temas relacionados con el sistema contable de la empresa. Salario 2.800.000 + ley  para trabajar de lunes a viernes de 8: 00 am a 5: 00 pm contrato indefinido  directo con la compa\u00f1\u00eda                    Importante compa\u00f1\u00eda requiere para su equipo de trabajo, Especialista en Contabilidad , experiencia m\u00ednima 4 a\u00f1os,  conocimientos ofim\u00e1ticos, nomina, liquidaci\u00f3n de impuesto, realizar auditorias de cajas menores, conciliaci\u00f3n fiscal de activos fijos, supervisar todas las operaciones contables de la empresa, tales como contabilidad general, contabilidad de costos, n\u00f3minas, contabilizaci\u00f3n de activos fijos y elaboraci\u00f3n de informes a gerencia, comunicar a la alta administraci\u00f3n los asuntos de excepci\u00f3n, irregularidades y dem\u00e1s temas relacionados con el sistema contable de la empresa. Salario 2.800.000 + ley  para trabajar de lunes a viernes de 8: 00 am a 5: 00 pm contrato indefinido  directo con la compa\u00f1\u00eda                            Profesional                            Universitaria            Contadur\u00eda4 a\u00f1os de experiencia                1                Vacante            Competencias para la vacante                                            ESPECIALISTA CONTABLE", "tipo_contrato": "Contrato Indefinido", "nivel_educativo": "Universitaria", "categoria": "Profesional", "sector": "Servicios hospitalarios, m\u00e9dicos...", "experiencia": "4 a\u00f1os de experiencia", "id_empleo": "1884452520", "competencias": "ESPECIALISTA CONTABLE"}