{"url_empleo": "https://www.elempleo.com/co/ofertas-trabajo/asistente-administrativa/1884150947", "fecha_recuperacion": "2021-03-01-22-07", "titulo_oferta": "Asistente administrativa", "salario": "$1 a $1,5 millones", "ciudad": "Bogot\u00e1", "fecha_publicacion": "Publicado 24 Feb 2021", "area": "Administrativa y Financiera", "num_vacantes": "1 Vacante", "profesion": "T\u00e9cnico en Gesti\u00f3n Empresarial", "descripcion_general": "Descripci\u00f3n general                Se requiere ASISTENTE ADMINISTRATIVA, para laborar en empresa de Vigilancia,  personal t\u00e9cnico o tecn\u00f3logo en carreras administrativas o financieras, con experiencia m\u00ednima de 1 a\u00f1o en cargos similares. SALARIO: $1.500.000 + prestaciones de ley, Disponibilidad para laborar de L-V de 8:00 am a 6:00 pm y s\u00e1bados medio d\u00eda.                    Se requiere ASISTENTE ADMINISTRATIVA, para laborar en empresa de Vigilancia,  personal t\u00e9cnico o tecn\u00f3logo en carreras administrativas o financieras, con experiencia m\u00ednima de 1 a\u00f1o en cargos similares. SALARIO: $1.500.000 + prestaciones de ley, Disponibilidad para laborar de L-V de 8:00 am a 6:00 pm y s\u00e1bados medio d\u00eda.                            Auxiliar, asistencial y otros                            Formaci\u00f3n Tec profesional            T\u00e9cnico en Gesti\u00f3n EmpresarialTecnolog\u00eda en Gesti\u00f3n Administrativa1 a\u00f1o de experienciaAsistente                1                Vacante            Competencias para la vacante                                            asistentes", "tipo_contrato": "", "nivel_educativo": "Formaci\u00f3n Tec profesional", "categoria": "Auxiliar, asistencial y otros", "sector": "Vigilancia y seguridad", "experiencia": "1 a\u00f1o de experiencia", "id_empleo": "1884150947", "competencias": "asistentes"}