{"url_empleo": "https://www.elempleo.com/co/ofertas-trabajo/operador-de-procesos-boyaca/1884199789", "fecha_recuperacion": "2021-03-01-22-09", "titulo_oferta": "Operador de procesos 3 - boyac\u00e1", "salario": "Salario a convenir", "ciudad": "Boyac\u00e1", "fecha_publicacion": "Publicado 23 Feb 2021", "area": "Mantenimiento", "num_vacantes": "1 Vacante", "profesion": "Tecn Mec\u00e1nico", "descripcion_general": "Descripci\u00f3n general                Importante empresa multinacional de consumo masivo \" Bavaria\" solicita : Operador de procesos 3  Objetivo:  Realizar relevos b\u00e1sicos en el \u00e1rea, apoyando la operaci\u00f3n de maquinas de produccci\u00f3n y/o \u00e1reas de proceso, de acuerdo con los est\u00e1ndares establecidos en  la Vicepresidencia T\u00e9cnica, con el fin de evitar interrupciones que afecten la  continuidad del proceso productivo. Principales actividades:                                               \" Apoyar la operaci\u00f3n aplicando las normas y procedimientos establecidos con el fin de garantizar la continuidad del proceso.                                                 Realizar actividades b\u00e1sicas de mantenimiento aut\u00f3nomo para evitar, detectar y reparar problemas, con el fin de garantizar la confiabilidad del proceso, operaci\u00f3n y/o m\u00e1quina.                                                  Requisitos: T\u00e9cnico o tecnologo en procesos industrialesMinimo 6 meses de experiencia en procesos industriales.Alta capacidad de aprendizaje.                    Importante empresa multinacional de consumo masivo \" Bavaria\" solicita : Operador de procesos 3  Objetivo:  Realizar relevos b\u00e1sicos en el \u00e1rea, apoyando la operaci\u00f3n de maquinas de produccci\u00f3n y/o \u00e1reas de proceso, de acuerdo con los est\u00e1ndares establecidos en  la Vicepresidencia T\u00e9cnica, con el fin de evitar interrupciones que afecten la  continuidad del proceso productivo. Principales actividades:                                               \" Apoyar la operaci\u00f3n aplicando las normas y procedimientos establecidos con el fin de garantizar la continuidad del proceso.                                                 Realizar actividades b\u00e1sicas de mantenimiento aut\u00f3nomo para evitar, detectar y reparar problemas, con el fin de garantizar la confiabilidad del proceso, operaci\u00f3n y/o m\u00e1quina.                                                  Requisitos: T\u00e9cnico o tecnologo en procesos industrialesMinimo 6 meses de experiencia en procesos industriales.Alta capacidad de aprendizaje.                            Profesional                            Tecnol\u00f3gica            Tecn Mec\u00e1nicoTecn ElectricistaTecn Electr\u00f3nicoMenos de un a\u00f1o de experiencia                1                Vacante            Competencias para la vacante                                            tecnico", "tipo_contrato": "", "nivel_educativo": "Tecnol\u00f3gica", "categoria": "Profesional", "sector": "Cerveza", "experiencia": "Menos de un a\u00f1o de experiencia", "id_empleo": "1884199789", "competencias": "tecnico"}