{"url_empleo": "https://www.elempleo.com/co/ofertas-trabajo/auxiliar-de-facturacion-y-cartera/1884646969", "fecha_recuperacion": "2021-03-01-22-10", "titulo_oferta": "Auxiliar de facturaci\u00f3n y cartera", "salario": "$1 a $1,5 millones", "ciudad": "Medell\u00edn", "fecha_publicacion": "Publicado 22 Feb 2021", "area": "Facturaci\u00f3n", "num_vacantes": "1 Vacante", "profesion": "Otros", "descripcion_general": "Descripci\u00f3n general                Reconocida agencia de servicios de educaci\u00f3n y cuidado infantil , busca vincular a su equipo de talentos, un Auxiliar de facturaci\u00f3n y cartera, que tendr\u00e1 como misi\u00f3n, realizar la facturaci\u00f3n a clientes, recibir y asentar los pagos diarios y gestionar el cobro de cartera. Para ser parte de esta organizaci\u00f3n, debes garantizar el cumplimiento de los siguientes requisitos:Contar con formaci\u00f3n como T\u00e9cnico o Tecn\u00f3logo en contabilidad, administraci\u00f3n y afines\t\tDemostrar experiencia superior a 2 a\u00f1os, en cartera, caja y facturaci\u00f3n, realizando procesos como:Conciliaciones bancarias\t\t\t\t\t\t\t\tAplicaci\u00f3n de pagos\t\t\t\t\t\t\t\tTr\u00e1mites  a clientes\t\t\t\t\t\t\t\tManejo de sistemas contables Con dominio intermedio en la  plataforma de Office, especialmente Word y Excel. Salario: $1.300.000 + prestaciones socialesJornada Laboral: Lunes a Viernes 8 am a 6:00 pm y s\u00e1bados de  8:00 am a 1:00 pmModalidad: Alternancia presencial y virtualContrato a t\u00e9rmino indefinido, directamente con la empresa                    Reconocida agencia de servicios de educaci\u00f3n y cuidado infantil , busca vincular a su equipo de talentos, un Auxiliar de facturaci\u00f3n y cartera, que tendr\u00e1 como misi\u00f3n, realizar la facturaci\u00f3n a clientes, recibir y asentar los pagos diarios y gestionar el cobro de cartera. Para ser parte de esta organizaci\u00f3n, debes garantizar el cumplimiento de los siguientes requisitos:Contar con formaci\u00f3n como T\u00e9cnico o Tecn\u00f3logo en contabilidad, administraci\u00f3n y afines\t\tDemostrar experiencia superior a 2 a\u00f1os, en cartera, caja y facturaci\u00f3n, realizando procesos como:Conciliaciones bancarias\t\t\t\t\t\t\t\tAplicaci\u00f3n de pagos\t\t\t\t\t\t\t\tTr\u00e1mites  a clientes\t\t\t\t\t\t\t\tManejo de sistemas contables Con dominio intermedio en la  plataforma de Office, especialmente Word y Excel. Salario: $1.300.000 + prestaciones socialesJornada Laboral: Lunes a Viernes 8 am a 6:00 pm y s\u00e1bados de  8:00 am a 1:00 pmModalidad: Alternancia presencial y virtualContrato a t\u00e9rmino indefinido, directamente con la empresa                            Auxiliar, asistencial y otros                            T\u00e9cnico Laboral            Otros2 a\u00f1os de experiencia                1                Vacante            Competencias para la vacante                                            Facturaci\u00f3n                                                                                    Cartera", "tipo_contrato": "Contrato Indefinido", "nivel_educativo": "T\u00e9cnico Laboral", "categoria": "Auxiliar, asistencial y otros", "sector": "Otros servicios", "experiencia": "2 a\u00f1os de experiencia", "id_empleo": "1884646969", "competencias": "Facturaci\u00f3n,Cartera"}