{"url_empleo": "https://www.elempleo.com/co/ofertas-trabajo/desarrollador-de-java/1884516726", "fecha_recuperacion": "2021-03-01-22-14", "titulo_oferta": "Desarrollador de java", "salario": "Salario a convenir", "ciudad": "Bogot\u00e1", "fecha_publicacion": "Publicado 19 Feb 2021", "area": "Sistemas y Tecnolog\u00eda", "num_vacantes": "1 Vacante", "profesion": "Ingenier\u00eda de sistemas  Computaci\u00f3n", "descripcion_general": "Descripci\u00f3n general                Importante compa\u00f1\u00eda l\u00edder a nivel global en temas de tecnolog\u00eda y transformaci\u00f3n digital requiere para su equipo de trabajo profesional o estudiante de \u00faltimos semestres BILING\u00dcE en ingenier\u00eda de sistemas, ingenier\u00eda de software o carreras a fines para desempe\u00f1ar el cargo de DESARROLLADOR, es importante que tenga experiencia m\u00ednima de DOS A\u00d1OS con el lenguaje de programaci\u00f3n JAVA y excelente nivel de ingles                    Importante compa\u00f1\u00eda l\u00edder a nivel global en temas de tecnolog\u00eda y transformaci\u00f3n digital requiere para su equipo de trabajo profesional o estudiante de \u00faltimos semestres BILING\u00dcE en ingenier\u00eda de sistemas, ingenier\u00eda de software o carreras a fines para desempe\u00f1ar el cargo de DESARROLLADOR, es importante que tenga experiencia m\u00ednima de DOS A\u00d1OS con el lenguaje de programaci\u00f3n JAVA y excelente nivel de ingles                            Profesional                            Universitaria            Ingenier\u00eda de sistemas  Computaci\u00f3nIngenier\u00eda electr\u00f3nica2 a\u00f1os de experiencia                1                Vacante            Competencias para la vacante                                            java                                                                                    desarrollador", "tipo_contrato": "Contrato Indefinido", "nivel_educativo": "Universitaria", "categoria": "Profesional", "sector": "Ciencia y tecnolog\u00eda", "experiencia": "2 a\u00f1os de experiencia", "id_empleo": "1884516726", "competencias": "java,desarrollador"}