{"url_empleo": "https://www.elempleo.com/co/ofertas-trabajo/pm-assistant/1884103792", "fecha_recuperacion": "2021-03-01-22-01", "titulo_oferta": "Pm assistant", "salario": "$1,5 a $2 millones", "ciudad": "Bogot\u00e1", "fecha_publicacion": "Publicado 1 Mar 2021", "area": "Administrativa y Financiera", "num_vacantes": "2 Vacantes", "profesion": "Administraci\u00f3n de empresas", "descripcion_general": "Descripci\u00f3n general                En Cheil estamos en b\u00fasqueda de profesionales en Ingenier\u00eda industrial, administraci\u00f3n o \u00e1reas afines con experiencia m\u00ednima de 1 a\u00f1o realizando funciones de asistencia a ejecuci\u00f3n de proyectos, apoyando procesos relacionados de facturaci\u00f3n, revisi\u00f3n de n\u00f3mina, agenda de reuniones, realizaci\u00f3n de informes de gesti\u00f3n manejo del cliente y proveedores.                    En Cheil estamos en b\u00fasqueda de profesionales en Ingenier\u00eda industrial, administraci\u00f3n o \u00e1reas afines con experiencia m\u00ednima de 1 a\u00f1o realizando funciones de asistencia a ejecuci\u00f3n de proyectos, apoyando procesos relacionados de facturaci\u00f3n, revisi\u00f3n de n\u00f3mina, agenda de reuniones, realizaci\u00f3n de informes de gesti\u00f3n manejo del cliente y proveedores.                            Profesional                            Universitaria            Administraci\u00f3n de empresasAdministraci\u00f3n de negocios2 a\u00f1os de experienciaAnalista                2                Vacantes            Competencias para la vacante", "tipo_contrato": "Contrato Definido", "nivel_educativo": "Universitaria", "categoria": "Profesional", "sector": "Agencias de publicidad", "experiencia": "2 a\u00f1os de experiencia", "id_empleo": "1884103792", "competencias": ""}