{"url_empleo": "https://www.elempleo.com/co/ofertas-trabajo/programador-symfony-laravel-o-php-para-teletrabajo/1884551970", "fecha_recuperacion": "2021-03-01-22-09", "titulo_oferta": "Programador symfony, laravel o php para teletrabajo", "salario": "Salario a convenir", "ciudad": "Bogot\u00e1", "fecha_publicacion": "Publicado 23 Feb 2021", "area": "Sistemas y Tecnolog\u00eda", "num_vacantes": "1 Vacante", "profesion": "Ingenier\u00eda de sistemas  Computaci\u00f3n", "descripcion_general": "Descripci\u00f3n general                Buscamos para uno de nuestros clientes un tecn\u00f3logo o profesiona en sistemas, que tenga experiencia en desarrollos de Symfony, laravel o PHP                    Buscamos para uno de nuestros clientes un tecn\u00f3logo o profesiona en sistemas, que tenga experiencia en desarrollos de Symfony, laravel o PHP                            Profesional                            Universitaria            Ingenier\u00eda de sistemas  Computaci\u00f3nTecn Sistemas  Computaci\u00f3nAdministraci\u00f3n de sistemas inform\u00e1ticos3 a\u00f1os de experiencia                1                Vacante            Competencias para la vacante                                            symfony", "tipo_contrato": "Contrato Indefinido", "nivel_educativo": "Universitaria", "categoria": "Profesional", "sector": "Ciencia y tecnolog\u00eda", "experiencia": "3 a\u00f1os de experiencia", "id_empleo": "1884551970", "competencias": "symfony"}