{"url_empleo": "https://www.elempleo.com/co/ofertas-trabajo/contador-de-consorcios-y-ut/1884568639", "fecha_recuperacion": "2021-03-01-22-15", "titulo_oferta": "Contador de consorcios y ut", "salario": "$2,5 a $3 millones", "ciudad": "Bogot\u00e1", "fecha_publicacion": "Publicado 18 Feb 2021", "area": "Administrativa y Financiera", "num_vacantes": "1 Vacante", "profesion": "Contadur\u00eda", "descripcion_general": "Descripci\u00f3n general                Importante empresa requiere para su equipo de trabajo CONTADOR CON EXPERIENCIA EN CONSORCIOS Y UNIONES TEMPORALES, profesional en Contadur\u00eda P\u00fablica con 3 a\u00f1os de experiencia especifica en el sector Construcci\u00f3n, Manufactura o Ingenieria Civil.                    Importante empresa requiere para su equipo de trabajo CONTADOR CON EXPERIENCIA EN CONSORCIOS Y UNIONES TEMPORALES, profesional en Contadur\u00eda P\u00fablica con 3 a\u00f1os de experiencia especifica en el sector Construcci\u00f3n, Manufactura o Ingenieria Civil.                            Profesional                            Universitaria            Contadur\u00eda3 a\u00f1os de experiencia                1                Vacante            Competencias para la vacante                                            contador                                                                                    consorcios", "tipo_contrato": "", "nivel_educativo": "Universitaria", "categoria": "Profesional", "sector": "Construcci\u00f3n", "experiencia": "3 a\u00f1os de experiencia", "id_empleo": "1884568639", "competencias": "contador,consorcios"}