{"url_empleo": "https://www.elempleo.com/co/ofertas-trabajo/gerente-de-riesgos-seguridad-privada/1884598161", "fecha_recuperacion": "2021-03-01-22-09", "titulo_oferta": "Gerente de riesgos seguridad privada", "salario": "$4 a $4,5 millones", "ciudad": "Bogot\u00e1", "fecha_publicacion": "Publicado 23 Feb 2021", "area": "Servicios Generales, Aseo y Vigi...", "num_vacantes": "1 Vacante", "profesion": "Investigaci\u00f3n Judicial y Crimina...", "descripcion_general": "Descripci\u00f3n general                Empresa de seguridad requiere profesional en ciencias militares o policiales, oficial retirado de las FFAA, preferiblemente con especializaci\u00f3n. Experiencia y conocimientos , riesgo publico,  seguridad ciudadana,   Asesor\u00eda,  consultor\u00eda e investigaci\u00f3n,  Metodolog\u00edas del Riesgo, Seguridad F\u00edsica, BASC,OEA,  estudios de seguridad, an\u00e1lisis y gesti\u00f3n de vulnerabilidades. Contar con credencial como asesor o consultor de la super vigilancia Manejo de labores administrativas y operativas, excelente presentaci\u00f3n personal, actitud de servicio al cliente y compromiso.                    Empresa de seguridad requiere profesional en ciencias militares o policiales, oficial retirado de las FFAA, preferiblemente con especializaci\u00f3n. Experiencia y conocimientos , riesgo publico,  seguridad ciudadana,   Asesor\u00eda,  consultor\u00eda e investigaci\u00f3n,  Metodolog\u00edas del Riesgo, Seguridad F\u00edsica, BASC,OEA,  estudios de seguridad, an\u00e1lisis y gesti\u00f3n de vulnerabilidades. Contar con credencial como asesor o consultor de la super vigilancia Manejo de labores administrativas y operativas, excelente presentaci\u00f3n personal, actitud de servicio al cliente y compromiso.                            Gerente                            Especializaci\u00f3n            Investigaci\u00f3n Judicial y Criminal\u00edstica3 a\u00f1os de experiencia                1                Vacante            Competencias para la vacante                                            consultor                                                                                    seguridad privada", "tipo_contrato": "Contrato Definido", "nivel_educativo": "Especializaci\u00f3n", "categoria": "Gerente", "sector": "Vigilancia y seguridad", "experiencia": "3 a\u00f1os de experiencia", "id_empleo": "1884598161", "competencias": "consultor,seguridad privada"}