{"url_empleo": "https://www.elempleo.com/co/ofertas-trabajo/product-owner/1884005379", "fecha_recuperacion": "2021-03-01-22-08", "titulo_oferta": "Product owner", "salario": "$12,5 a $15 millones", "ciudad": "Bogot\u00e1\r\n /                \r\n                  Otras", "fecha_publicacion": "Publicado 23 Feb 2021", "area": "Sistemas y Tecnolog\u00eda", "num_vacantes": "1 Vacante", "profesion": "Ingenier\u00eda de sistemas  Computaci\u00f3n", "descripcion_general": "Descripci\u00f3n general                Zemoga.inc is an all-star digital firm with over 15 years of experience in the IT market. Leading the best software development projects with some of the top brands of retail, media, finance, and enternainment industries in the US. and we are currently looking for a Product Owner to come join our team. The Product Owner is responsible for managing the strategy that assures the success of the product, maximizing its value and performance. As Product Owner working in close interaction with our client, you will display a powerful ability to make strategic decisions and prioritize them based on data analysis and business acumen to meet client and end user needs. Also, as a leader, you will understand the abilities and capacities distributed in the different teams involved in creating the product, integrating and mobilizing them towards meeting business goals.  Your responsibilities as a Product Owner will be:- Manage  the strategy for the product to meet company goals. - Manage communication and expectations with the different product stakeholders.  - Gather feedback from different areas (Marketing, Technology, Ops) to build the product vision. - Perform analysis based on data from client and final user to generate action plans and anticipate potential risks.  - Monitor progress and provide reports on product performance. - Manage product backlog- Align client and Zemoga teams to deliver a successful product  We offer you the possibility of having exposure to world- class projects, negotiating face to face with international teams, and the opportunity to make your voice be heard, along with a very attractive compensation and benefits package.                    Zemoga.inc is an all-star digital firm with over 15 years of experience in the IT market. Leading the best software development projects with some of the top brands of retail, media, finance, and enternainment industries in the US. and we are currently looking for a Product Owner to come join our team. The Product Owner is responsible for managing the strategy that assures the success of the product, maximizing its value and performance. As Product Owner working in close interaction with our client, you will display a powerful ability to make strategic decisions and prioritize them based on data analysis and business acumen to meet client and end user needs. Also, as a leader, you will understand the abilities and capacities distributed in the different teams involved in creating the product, integrating and mobilizing them towards meeting business goals.  Your responsibilities as a Product Owner will be:- Manage  the strategy for the product to meet company goals. - Manage communication and expectations with the different product stakeholders.  - Gather feedback from different areas (Marketing, Technology, Ops) to build the product vision. - Perform analysis based on data from client and final user to generate action plans and anticipate potential risks.  - Monitor progress and provide reports on product performance. - Manage product backlog- Align client and Zemoga teams to deliver a successful product  We offer you the possibility of having exposure to world- class projects, negotiating face to face with international teams, and the opportunity to make your voice be heard, along with a very attractive compensation and benefits package.        +5 years of experience in similar roles. Strong experience working with Agile methodologies. Scrum Master or Product Owner certifications are a plus. Bachelor degree in computer science, or equivalent professional experience in related fields. Proven ability to analyze a wide variety of information sources to make decisions. Ability to transmit trust to client and team. Ability to handle effectively challenging negotiations. Availability to travel often and work on site with client. Experience working in software /digital product development in roles such as Business Analyst, Product Owner or equivalent roles.Preferably experience working in OTT/Media Entertainment industry, in digital products with a video centric strategy. Experience working in e-commerce is a plus.                Profesional Senior                            Universitaria            Ingenier\u00eda de sistemas  Computaci\u00f3nIngenier\u00eda electr\u00f3nicaIngenier\u00eda mecatr\u00f3nicaIngenier\u00eda de redes y telecomunicaciones3 a\u00f1os de experienciaProfesionalIngeniero                1                Vacante                            Requisitos para aplicar                                +5 years of experience in similar roles. Strong experience working with Agile methodologies. Scrum Master or Product Owner certifications are a plus. Bachelor degree in computer science, or equivalent professional experience in related fields. Proven ability to analyze a wide variety of information sources to make decisions. Ability to transmit trust to client and team. Ability to handle effectively challenging negotiations. Availability to travel often and work on site with client. Experience working in software /digital product development in roles such as Business Analyst, Product Owner or equivalent roles.Preferably experience working in OTT/Media Entertainment industry, in digital products with a video centric strategy. Experience working in e-commerce is a plus.                Competencias para la vacante", "tipo_contrato": "Contrato Indefinido", "nivel_educativo": "Universitaria", "categoria": "Profesional Senior", "sector": "Productores y distribuidores de ...", "experiencia": "3 a\u00f1os de experiencia", "id_empleo": "1884005379", "competencias": ""}