{"url_empleo": "https://www.elempleo.com/co/ofertas-trabajo/arquitecto-directo-de-obras-bogota/1884650873", "fecha_recuperacion": "2021-03-01-22-07", "titulo_oferta": "Arquitecto directo de obras - bogota", "salario": "$3,5 a $4 millones", "ciudad": "Bogot\u00e1", "fecha_publicacion": "Publicado 24 Feb 2021", "area": "Construcci\u00f3n y Obra", "num_vacantes": "1 Vacante", "profesion": "Arquitectura", "descripcion_general": "Descripci\u00f3n general                Se requiere Arquitecto con experiencia en manejo de obras, para el cargo de Director de Obras, con experiencia mayor a 5 a\u00f1os en interventorias, manejo de  cantidades de obras, sacarlas adelante, con experiencia en mantenimiento y manejo de partners de proveedores y contratistas a nivel nacional. Debera coordinar las obras, elaboracion de presupuestos, coordinacion de actualizacion de biblioteca planimetrica digital, seguimientos a actividades de ejecucion de obras, y mantenimiento locativos, levantamientos arquitectonicos, verificacion de estado de infraestructura (bodegas), para su correspondiente formalizacion de entregas, coordinacion del proceso de solicitudes de consumos internos de material, manejo de proveedores y/o contratistas. Horario de lunes a sabados. Contrato termino indefinido. Si cumple con la requisicion y le interesa la vacante, aplicar con su aspiracion salarial.                    Se requiere Arquitecto con experiencia en manejo de obras, para el cargo de Director de Obras, con experiencia mayor a 5 a\u00f1os en interventorias, manejo de  cantidades de obras, sacarlas adelante, con experiencia en mantenimiento y manejo de partners de proveedores y contratistas a nivel nacional. Debera coordinar las obras, elaboracion de presupuestos, coordinacion de actualizacion de biblioteca planimetrica digital, seguimientos a actividades de ejecucion de obras, y mantenimiento locativos, levantamientos arquitectonicos, verificacion de estado de infraestructura (bodegas), para su correspondiente formalizacion de entregas, coordinacion del proceso de solicitudes de consumos internos de material, manejo de proveedores y/o contratistas. Horario de lunes a sabados. Contrato termino indefinido. Si cumple con la requisicion y le interesa la vacante, aplicar con su aspiracion salarial.                            Profesional Senior                            Universitaria            Arquitectura5 a\u00f1os de experiencia                1                Vacante            Competencias para la vacante                                            Arquitecto Director de Obra Bogota", "tipo_contrato": "Contrato Indefinido", "nivel_educativo": "Universitaria", "categoria": "Profesional Senior", "sector": "Construcci\u00f3n", "experiencia": "5 a\u00f1os de experiencia", "id_empleo": "1884650873", "competencias": "Arquitecto Director de Obra Bogota"}