{"url_empleo": "https://www.elempleo.com/co/ofertas-trabajo/operario-de-estacionamiento-medellin/1884601747", "fecha_recuperacion": "2021-03-01-22-00", "titulo_oferta": "Operario de estacionamiento - medellin", "salario": "$1 a $1,5 millones", "ciudad": "Bogot\u00e1", "fecha_publicacion": "Publicado 1 Mar 2021", "area": "Servicio al Cliente", "num_vacantes": "1 Vacante", "profesion": "Bachillerato Acad\u00e9mico", "descripcion_general": "Descripci\u00f3n general                Prestigiosa empresa del sector de servicios ubicado en Medellin, requiere personal especializado en el \u00e1rea de servicio al cliente, para zona exclusiva de parqueaderos, con experiencia m\u00ednima de 6 meses, preferiblemente que tenga experiencia en el sector de la vigilancia. Salario : $ A convenir + plTurnos rotativos                    Prestigiosa empresa del sector de servicios ubicado en Medellin, requiere personal especializado en el \u00e1rea de servicio al cliente, para zona exclusiva de parqueaderos, con experiencia m\u00ednima de 6 meses, preferiblemente que tenga experiencia en el sector de la vigilancia. Salario : $ A convenir + plTurnos rotativos                            Auxiliar, asistencial y otros                            Media (10\u00b0 - 13\u00b0)            Bachillerato Acad\u00e9micoMenos de un a\u00f1o de experiencia                1                Vacante            Competencias para la vacante                                            operario de parqueadero", "tipo_contrato": "Contrato Por obra o labor", "nivel_educativo": "Media (10\u00b0 - 13\u00b0)", "categoria": "Auxiliar, asistencial y otros", "sector": "Vigilancia y seguridad", "experiencia": "Menos de un a\u00f1o de experiencia", "id_empleo": "1884601747", "competencias": "operario de parqueadero"}