{"url_empleo": "https://www.elempleo.com/co/ofertas-trabajo/analista-de-seguridad-y-salud-en-el-trabajo-buga-yotoco/1884654692", "fecha_recuperacion": "2021-03-01-22-17", "titulo_oferta": "Analista de seguridad y salud en el trabajo (buga / yotoco)", "salario": "$2 a $2,5 millones", "ciudad": "Cali", "fecha_publicacion": "Publicado 17 Feb 2021", "area": "Seguridad Industrial, Ambiental ...", "num_vacantes": "1 Vacante", "profesion": "T\u00e9cnico en salud ocupacional", "descripcion_general": "Descripci\u00f3n general                Importante multinacional requiere para su equipo de trabajo un analista HSEQ, Profesional en salud Ocupacional o carreras a fines con experiencia m\u00ednima de 2 a\u00f1os en la implementacion de planes de seguridad, gesti\u00f3n de incidentes como accidentes, garantizar el cumplimiento legal de temas de ambiente como SSO, entre otros. Indispensable tener la disponibilidad para radicarse en Buga, Yotoco o aleda\u00f1os                    Importante multinacional requiere para su equipo de trabajo un analista HSEQ, Profesional en salud Ocupacional o carreras a fines con experiencia m\u00ednima de 2 a\u00f1os en la implementacion de planes de seguridad, gesti\u00f3n de incidentes como accidentes, garantizar el cumplimiento legal de temas de ambiente como SSO, entre otros. Indispensable tener la disponibilidad para radicarse en Buga, Yotoco o aleda\u00f1os                            Profesional                            Universitaria            T\u00e9cnico en salud ocupacionalEspecializaci\u00f3n En Gerencia De La Salud Ocupacional2 a\u00f1os de experiencia                1                Vacante            Competencias para la vacante                                            SST", "tipo_contrato": "Contrato Indefinido", "nivel_educativo": "Universitaria", "categoria": "Profesional", "sector": "Agricultura varios", "experiencia": "2 a\u00f1os de experiencia", "id_empleo": "1884654692", "competencias": "SST"}