{"url_empleo": "https://www.elempleo.com/co/ofertas-trabajo/analista-programador-crm-junior/1884657904", "fecha_recuperacion": "2021-03-01-22-15", "titulo_oferta": "Analista programador crm junior", "salario": "Salario a convenir", "ciudad": "Medell\u00edn", "fecha_publicacion": "Publicado 18 Feb 2021", "area": "Sistemas y Tecnolog\u00eda", "num_vacantes": "1 Vacante", "profesion": "Ingenier\u00eda de sistemas  Computaci\u00f3n", "descripcion_general": "Descripci\u00f3n general                cargo: analista programador crm juniorsalario: $1.411.706,00ciudad: medellin, antioquia, colombiavacantes: 1convocatoria: mixtaobjetivo: realizar el analisis, diseno y desarrollo de las soluciones informaticas requeridas por la organizacion, velando siempre por el cumplimiento de los compromisos y asegurando la calidad de los entregables.estudios basicos: estudiante de sexto (6) semestre o superior de carreras tecnologicas y/o profesionales en: ingenieria de sistemas, informatica, desarrollo de software y afines a las tic. experiencia relacionada con el cargo: seis (6) meses de experiencia en desarrollo de aplicaciones en lenguaje visual studio c#, php o python, motor de base de datos sql server, mysql.                    cargo: analista programador crm juniorsalario: $1.411.706,00ciudad: medellin, antioquia, colombiavacantes: 1convocatoria: mixtaobjetivo: realizar el analisis, diseno y desarrollo de las soluciones informaticas requeridas por la organizacion, velando siempre por el cumplimiento de los compromisos y asegurando la calidad de los entregables.estudios basicos: estudiante de sexto (6) semestre o superior de carreras tecnologicas y/o profesionales en: ingenieria de sistemas, informatica, desarrollo de software y afines a las tic. experiencia relacionada con el cargo: seis (6) meses de experiencia en desarrollo de aplicaciones en lenguaje visual studio c#, php o python, motor de base de datos sql server, mysql.                            Profesional Junior            Ingenier\u00eda de sistemas  Computaci\u00f3nAdministraci\u00f3n de sistemas inform\u00e1ticosT\u00e9cnico en desarrollo y mantenimiento de software1 a\u00f1o de experienciaAnalista                1                Vacante            Competencias para la vacante                                            Ingenier\u00eda de sistemas  Computaci\u00f3n", "tipo_contrato": "Contrato Indefinido", "nivel_educativo": "", "categoria": "Profesional Junior", "sector": "Servicios de telecomunicaciones", "experiencia": "1 a\u00f1o de experiencia", "id_empleo": "1884657904", "competencias": "Ingenier\u00eda de sistemas  Computaci\u00f3n"}