{"url_empleo": "https://www.elempleo.com/co/ofertas-trabajo/asistente-comercial-pqr/1884534767", "fecha_recuperacion": "2021-03-01-22-10", "titulo_oferta": "Asistente comercial / pqr", "salario": "$1 a $1,5 millones", "ciudad": "Bogot\u00e1", "fecha_publicacion": "Publicado 22 Feb 2021", "area": "Comercial, Ventas y Telemercadeo", "num_vacantes": "1 Vacante", "profesion": "Sin Profesi\u00f3n", "descripcion_general": "Descripci\u00f3n general                Se solicita agente de servicio al cliente para empresa de servicios tecnol\u00f3gicos, No es un call center pero dentro de sus funciones est\u00e1n: hacerle seguimiento a los ANS solicitados, contacto con el cliente, seguimiento al proceso y generar nuevas oportunidades de venta, agendar entregas y servicio post venta Se busca t\u00e9cnico o tecn\u00f3logo con experiencia en lo anteriormente mencionado, el contrato inicialmente sera por prestaci\u00f3n de servicios con una asignaci\u00f3n de 1.120.000, tendr\u00e1 comisiones sobre los convenios institucionales que realice                    Se solicita agente de servicio al cliente para empresa de servicios tecnol\u00f3gicos, No es un call center pero dentro de sus funciones est\u00e1n: hacerle seguimiento a los ANS solicitados, contacto con el cliente, seguimiento al proceso y generar nuevas oportunidades de venta, agendar entregas y servicio post venta Se busca t\u00e9cnico o tecn\u00f3logo con experiencia en lo anteriormente mencionado, el contrato inicialmente sera por prestaci\u00f3n de servicios con una asignaci\u00f3n de 1.120.000, tendr\u00e1 comisiones sobre los convenios institucionales que realice                            Auxiliar, asistencial y otros                            T\u00e9cnico Laboral            Sin Profesi\u00f3n1 a\u00f1o de experiencia                1                Vacante            Competencias para la vacante                                            ventas                                                                                    comerciales                                                                                    servicio al cliente                                                                                    tecnologia                                                                                    comercio al por menor                                                                                    call                                                                                    callcenter", "tipo_contrato": "Contrato Prestacion de Servicios", "nivel_educativo": "T\u00e9cnico Laboral", "categoria": "Auxiliar, asistencial y otros", "sector": "Servicios de telecomunicaciones", "experiencia": "1 a\u00f1o de experiencia", "id_empleo": "1884534767", "competencias": "ventas,comerciales,servicio al cliente,tecnologia,comercio al por menor,call,callcenter"}