{"url_empleo": "https://www.elempleo.com/co/ofertas-trabajo/desarrollador-android/1884139715", "fecha_recuperacion": "2021-03-01-22-08", "titulo_oferta": "Desarrollador android", "salario": "$4,5 a $5,5 millones", "ciudad": "Bogot\u00e1\r\n /                \r\n                  Otras", "fecha_publicacion": "Publicado 23 Feb 2021", "area": "Sistemas y Tecnolog\u00eda", "num_vacantes": "2 Vacantes", "profesion": "Ingenier\u00eda de sistemas  Computaci\u00f3n", "descripcion_general": "Descripci\u00f3n general                Se requiere profesional con experiencia en desarrollo en lenguaje Android                    Se requiere profesional con experiencia en desarrollo en lenguaje Android        Experiencia en desarrollo Android de m\u00ednimo 3 a\u00f1os, sin embargo el salario depender\u00e1 de los conocimientos que se demuestren en la prueba y entrevista t\u00e9cnica.                Profesional                            Universitaria            Ingenier\u00eda de sistemas  Computaci\u00f3nIngenier\u00eda el\u00e9ctricaIngenier\u00eda electr\u00f3nicaIngenier\u00eda electromec\u00e1nica3 a\u00f1os de experienciaIngeniero                2                Vacantes                            Requisitos para aplicar                                Experiencia en desarrollo Android de m\u00ednimo 3 a\u00f1os, sin embargo el salario depender\u00e1 de los conocimientos que se demuestren en la prueba y entrevista t\u00e9cnica.                Competencias para la vacante", "tipo_contrato": "Contrato Indefinido", "nivel_educativo": "Universitaria", "categoria": "Profesional", "sector": "Productores y distribuidores de ...", "experiencia": "3 a\u00f1os de experiencia", "id_empleo": "1884139715", "competencias": ""}