{"url_empleo": "https://www.elempleo.com/co/ofertas-trabajo/analista-de-nomina-y-contratacion/1884269483", "fecha_recuperacion": "2021-03-01-22-04", "titulo_oferta": "Analista de nomina y contrataci\u00f3n", "salario": "$2 a $2,5 millones", "ciudad": "Medell\u00edn", "fecha_publicacion": "Publicado 25 Feb 2021", "area": "Recursos Humanos y Adm\u00f3n. de Per...", "num_vacantes": "1 Vacante", "profesion": "Contadur\u00eda", "descripcion_general": "Descripci\u00f3n general                Importante empresa requiere personal urgente para apoyo en n\u00f3mina y contrataci\u00f3n masiva de personal.Si estas Interesado y cumples con el perfil env\u00edanos tu hoja de vida.Perfil: Estudiantes de \u00faltimos semestres o profesional en carreras administrativas o a fines.Experiencia: M\u00ednima de 3 a\u00f1os en manejo de ciclo de contrataci\u00f3n, Afiliaci\u00f3n a seguridad social, interface contable, manejo de software de contrataci\u00f3n, conocimiento en Excel avanzado, liquidaci\u00f3n de tiempo extra e   incapacidades.                    Importante empresa requiere personal urgente para apoyo en n\u00f3mina y contrataci\u00f3n masiva de personal.Si estas Interesado y cumples con el perfil env\u00edanos tu hoja de vida.Perfil: Estudiantes de \u00faltimos semestres o profesional en carreras administrativas o a fines.Experiencia: M\u00ednima de 3 a\u00f1os en manejo de ciclo de contrataci\u00f3n, Afiliaci\u00f3n a seguridad social, interface contable, manejo de software de contrataci\u00f3n, conocimiento en Excel avanzado, liquidaci\u00f3n de tiempo extra e   incapacidades.                            Profesional                            Universitaria            Contadur\u00edaAdministraci\u00f3n de empresas3 a\u00f1os de experiencia                1                Vacante            Competencias para la vacante                                            nomina                                                                                    contratacion", "tipo_contrato": "Contrato Indefinido", "nivel_educativo": "Universitaria", "categoria": "Profesional", "sector": "Servicios de telecomunicaciones", "experiencia": "3 a\u00f1os de experiencia", "id_empleo": "1884269483", "competencias": "nomina,contratacion"}