{"url_empleo": "https://www.elempleo.com/co/ofertas-trabajo/mensajero-tiempo/1884642660", "fecha_recuperacion": "2021-03-01-22-17", "titulo_oferta": "Mensajero 1/2 tiempo", "salario": "Menos de $1 mill\u00f3n", "ciudad": "Sincelejo", "fecha_publicacion": "Publicado 17 Feb 2021", "area": "Distribuci\u00f3n o log\u00edstica de Tran...", "num_vacantes": "1 Vacante", "profesion": "Bachillerato T\u00e9cnico", "descripcion_general": "Descripci\u00f3n general                Importante empresa del sector log\u00edstico, requiere para su equipo de trabajo T\u00e9cnico o tecn\u00f3logo de carreras administrativas, con moto , papeles al d\u00eda, sin comparendos. Experiencia de 1 a\u00f1o, en el \u00e1rea log\u00edstica y mensajer\u00eda.                    Importante empresa del sector log\u00edstico, requiere para su equipo de trabajo T\u00e9cnico o tecn\u00f3logo de carreras administrativas, con moto , papeles al d\u00eda, sin comparendos. Experiencia de 1 a\u00f1o, en el \u00e1rea log\u00edstica y mensajer\u00eda.                            Auxiliar, asistencial y otros                            T\u00e9cnico Laboral            Bachillerato T\u00e9cnico1 a\u00f1o de experiencia                1                Vacante            Competencias para la vacante                                            MENSAJERO", "tipo_contrato": "Contrato Por obra o labor", "nivel_educativo": "T\u00e9cnico Laboral", "categoria": "Auxiliar, asistencial y otros", "sector": "Transporte", "experiencia": "1 a\u00f1o de experiencia", "id_empleo": "1884642660", "competencias": "MENSAJERO"}