{"url_empleo": "https://www.elempleo.com/co/ofertas-trabajo/proceso-de-formacion-financiera-cali-y-palmira/1884670295", "fecha_recuperacion": "2021-03-01-22-15", "titulo_oferta": "Proceso de formaci\u00f3n financiera - cali y palmira", "salario": "Menos de $1 mill\u00f3n", "ciudad": "Cali", "fecha_publicacion": "Publicado 18 Feb 2021", "area": "Administrativa y Financiera", "num_vacantes": "1 Vacante", "profesion": "Otros", "descripcion_general": "Descripci\u00f3n general                Si deseas continuar tus estudios o complementar los que cursas o ya culminaste y adem\u00e1s vincularte al sector financiero, ESTA ES TU OPORTUNIDAD!!!Importante entidad bancaria busca bachilleres o estudiantes de programas t\u00e9cnicos, tecnol\u00f3gicos o profesionales afines al sector administrativo o financiero, para formarlos durante un a\u00f1o en los cargos de cajero, asesor de servicio y asesor comercial. Los primeros seis meses ser\u00e1n de etapa lectiva con el Sena, con remuneraci\u00f3n del 50% del salario m\u00ednimo y los otros seis meses ser\u00e1n de practica en una de las oficinas del banco con remuneraci\u00f3n del 75% del salario m\u00ednimo. Al final recibir\u00e1s titulaci\u00f3n t\u00e9cnica del SENA y si tu desempe\u00f1o es bueno podr\u00e1s vincularte con la entidad. El contrato inicia en abril de 2021Requisitos:- Ser mayor de edad- Estudios m\u00ednimo de bachiller, si est\u00e1s estudiando en la actualidad, debe ser virtual o nocturno- No haber tenido contratos de aprendizaje Si te interesa la oferta, por favor post\u00falate                    Si deseas continuar tus estudios o complementar los que cursas o ya culminaste y adem\u00e1s vincularte al sector financiero, ESTA ES TU OPORTUNIDAD!!!Importante entidad bancaria busca bachilleres o estudiantes de programas t\u00e9cnicos, tecnol\u00f3gicos o profesionales afines al sector administrativo o financiero, para formarlos durante un a\u00f1o en los cargos de cajero, asesor de servicio y asesor comercial. Los primeros seis meses ser\u00e1n de etapa lectiva con el Sena, con remuneraci\u00f3n del 50% del salario m\u00ednimo y los otros seis meses ser\u00e1n de practica en una de las oficinas del banco con remuneraci\u00f3n del 75% del salario m\u00ednimo. Al final recibir\u00e1s titulaci\u00f3n t\u00e9cnica del SENA y si tu desempe\u00f1o es bueno podr\u00e1s vincularte con la entidad. El contrato inicia en abril de 2021Requisitos:- Ser mayor de edad- Estudios m\u00ednimo de bachiller, si est\u00e1s estudiando en la actualidad, debe ser virtual o nocturno- No haber tenido contratos de aprendizaje Si te interesa la oferta, por favor post\u00falate                            Auxiliar, asistencial y otros                            Media (10\u00b0 - 13\u00b0)            OtrosMenos de un a\u00f1o de experiencia                1                Vacante            Competencias para la vacante                                            Estudiante                                                                                    comercial", "tipo_contrato": "Contrato Contrato de aprendizaje", "nivel_educativo": "Media (10\u00b0 - 13\u00b0)", "categoria": "Auxiliar, asistencial y otros", "sector": "Servicios financieros", "experiencia": "Menos de un a\u00f1o de experiencia", "id_empleo": "1884670295", "competencias": "Estudiante,comercial"}