{"url_empleo": "https://www.elempleo.com/co/ofertas-trabajo/operador-de-medios-tecnologicos-con-experiencia-en-centros-comerciales/1884646024", "fecha_recuperacion": "2021-03-01-22-08", "titulo_oferta": "Operador de medios tecnol\u00f3gicos con experiencia en centros comerciales", "salario": "$1 a $1,5 millones", "ciudad": "Bogot\u00e1", "fecha_publicacion": "Publicado 24 Feb 2021", "area": "Servicios Generales, Aseo y Vigi...", "num_vacantes": "1 Vacante", "profesion": "Otra", "descripcion_general": "Descripci\u00f3n general                Multinacional l\u00edder en servicios de protecci\u00f3n requiere  personal para desempe\u00f1arse como Operador de Medios Tecnol\u00f3gicos CON EXPERIENCIA EN CENTROS COMERCIALES. Experiencia m\u00ednima de 2 a\u00f1os adquirida en Empresas o Departamentos de Seguridad Privada. Competencias: Servicio al cliente, responsabilidad, compromiso, disposici\u00f3n para el aprendizaje. BENEFICIOS: Plan de carrera, Fondo de empleados, Formaci\u00f3n gratuita, entre otros. Debe contar con los siguientes Documentos ORIGINALES: Diploma de Bachiller, Curso de seguridad Actualizado, Libreta Militar y C\u00e9dula de ciudadan\u00eda. Competencias: Comunicaci\u00f3n asertiva, Trabajo en Equipo y servicio al cliente. Programaci\u00f3n 2x2Salario b\u00e1sico SMLV+HORAS EXTRAS                    Multinacional l\u00edder en servicios de protecci\u00f3n requiere  personal para desempe\u00f1arse como Operador de Medios Tecnol\u00f3gicos CON EXPERIENCIA EN CENTROS COMERCIALES. Experiencia m\u00ednima de 2 a\u00f1os adquirida en Empresas o Departamentos de Seguridad Privada. Competencias: Servicio al cliente, responsabilidad, compromiso, disposici\u00f3n para el aprendizaje. BENEFICIOS: Plan de carrera, Fondo de empleados, Formaci\u00f3n gratuita, entre otros. Debe contar con los siguientes Documentos ORIGINALES: Diploma de Bachiller, Curso de seguridad Actualizado, Libreta Militar y C\u00e9dula de ciudadan\u00eda. Competencias: Comunicaci\u00f3n asertiva, Trabajo en Equipo y servicio al cliente. Programaci\u00f3n 2x2Salario b\u00e1sico SMLV+HORAS EXTRAS                            Auxiliar, asistencial y otros                            T\u00e9cnico Laboral            Otra2 a\u00f1os de experiencia                1                Vacante            Competencias para la vacante                                            operador de medios tecnologicos", "tipo_contrato": "", "nivel_educativo": "T\u00e9cnico Laboral", "categoria": "Auxiliar, asistencial y otros", "sector": "Vigilancia y seguridad", "experiencia": "2 a\u00f1os de experiencia", "id_empleo": "1884646024", "competencias": "operador de medios tecnologicos"}