{"url_empleo": "https://www.elempleo.com/co/ofertas-trabajo/auxiliares-ventas-sin-experiencia-para-cartagena/1884632130", "fecha_recuperacion": "2021-03-01-22-08", "titulo_oferta": "Auxiliares ventas sin experiencia para cartagena", "salario": "Salario a convenir", "ciudad": "Cartagena", "fecha_publicacion": "Publicado 23 Feb 2021", "area": "Comercial, Ventas y Telemercadeo", "num_vacantes": "1 Vacante", "profesion": "Bachillerato Acad\u00e9mico", "descripcion_general": "Descripci\u00f3n general                Importante almac\u00e9n de cadena solicita AUXILIARES DE VENTAS con o sin experiencia en Cartagena,  personas responsables, con buena presentaci\u00f3n personal, din\u00e1micas, buen servicio al cliente.  Disponibilidad para laborar de lunes a Domingo, salario m\u00ednimo mas prestaciones de ley contrato directo con la compa\u00f1\u00eda sede Cartagena.                    Importante almac\u00e9n de cadena solicita AUXILIARES DE VENTAS con o sin experiencia en Cartagena,  personas responsables, con buena presentaci\u00f3n personal, din\u00e1micas, buen servicio al cliente.  Disponibilidad para laborar de lunes a Domingo, salario m\u00ednimo mas prestaciones de ley contrato directo con la compa\u00f1\u00eda sede Cartagena.                            Auxiliar, asistencial y otros                            Media (10\u00b0 - 13\u00b0)            Bachillerato Acad\u00e9micoBachillerato ComercialBachillerato T\u00e9cnicoMenos de un a\u00f1o de experiencia                1                Vacante            Competencias para la vacante                                            ventas                                                                                    CONSUMO MASIVO                                                                                    almacenes de cadena                                                                                    asesor comercial", "tipo_contrato": "Contrato Definido", "nivel_educativo": "Media (10\u00b0 - 13\u00b0)", "categoria": "Auxiliar, asistencial y otros", "sector": "Almacenes de cadena", "experiencia": "Menos de un a\u00f1o de experiencia", "id_empleo": "1884632130", "competencias": "ventas,CONSUMO MASIVO,almacenes de cadena,asesor comercial"}