{"url_empleo": "https://www.elempleo.com/co/ofertas-trabajo/cloud-devops/1884607807", "fecha_recuperacion": "2021-03-01-22-05", "titulo_oferta": "Cloud devops", "salario": "$3,5 a $4 millones", "ciudad": "Bogot\u00e1", "fecha_publicacion": "Publicado 25 Feb 2021", "area": "Sistemas y Tecnolog\u00eda", "num_vacantes": "1 Vacante", "profesion": "Ingenier\u00eda de sistemas  Computaci\u00f3n", "descripcion_general": "Descripci\u00f3n general                Valid multinacional brasilera de tecnologia esta en la busqueda de Cloud Devops, objetivo del cargo Implementar las Soluciones de Valid, en infraestructura en la Nubeas\u00ed como dar soporte a los requerimientos, incidentes o problemas que se presentandurante el monitoreo o sean reportados por el cliente, garantizando el cumplimientode los acuerdos de nivel de de servicio, con conocimientos en: Aws, Devops, Linux, java, spring boot, Android, iOS,Scripts en bash y Python, Bases de datos: Postgress y Oracle y Monitoreo.Nivel de Ingles Intermedio o B2.                    Valid multinacional brasilera de tecnologia esta en la busqueda de Cloud Devops, objetivo del cargo Implementar las Soluciones de Valid, en infraestructura en la Nubeas\u00ed como dar soporte a los requerimientos, incidentes o problemas que se presentandurante el monitoreo o sean reportados por el cliente, garantizando el cumplimientode los acuerdos de nivel de de servicio, con conocimientos en: Aws, Devops, Linux, java, spring boot, Android, iOS,Scripts en bash y Python, Bases de datos: Postgress y Oracle y Monitoreo.Nivel de Ingles Intermedio o B2.                            Profesional                            Universitaria            Ingenier\u00eda de sistemas  Computaci\u00f3n1 a\u00f1o de experiencia                1                Vacante            Competencias para la vacante                                            ingeniero", "tipo_contrato": "Contrato Indefinido", "nivel_educativo": "Universitaria", "categoria": "Profesional", "sector": "Ciencia y tecnolog\u00eda", "experiencia": "1 a\u00f1o de experiencia", "id_empleo": "1884607807", "competencias": "ingeniero"}