{"url_empleo": "https://www.elempleo.com/co/ofertas-trabajo/vendedor-tat/1884659764", "fecha_recuperacion": "2021-03-01-22-02", "titulo_oferta": "Vendedor tat", "salario": "$1 a $1,5 millones", "ciudad": "Cali", "fecha_publicacion": "Publicado 1 Mar 2021", "area": "Comercial, Ventas y Telemercadeo", "num_vacantes": "1 Vacante", "profesion": "Administraci\u00f3n de empresas", "descripcion_general": "Descripci\u00f3n general                Formaci\u00f3n acad\u00e9mica Tecnol\u00f3gica o cinco (5) semestres aprobados en Administraci\u00f3n, Mercadeo o carreras afines. Experiencia m\u00ednima de 1 a\u00f1o en Ventas Canal Tienda a Tienda (TAT) preferible en empresas de Consumo masivo. Excelente manejo herramientas office. Requiere moto propia y documentos al d\u00eda.                    Formaci\u00f3n acad\u00e9mica Tecnol\u00f3gica o cinco (5) semestres aprobados en Administraci\u00f3n, Mercadeo o carreras afines. Experiencia m\u00ednima de 1 a\u00f1o en Ventas Canal Tienda a Tienda (TAT) preferible en empresas de Consumo masivo. Excelente manejo herramientas office. Requiere moto propia y documentos al d\u00eda.                            Profesional                            Tecnol\u00f3gica            Administraci\u00f3n de empresasMercadeoAdministraci\u00f3n Comercial Y De Mercadeo2 a\u00f1os de experiencia                1                Vacante            Competencias para la vacante                                            ventas", "tipo_contrato": "Contrato Por obra o labor", "nivel_educativo": "Tecnol\u00f3gica", "categoria": "Profesional", "sector": "Av\u00edcola", "experiencia": "2 a\u00f1os de experiencia", "id_empleo": "1884659764", "competencias": "ventas"}