{"url_empleo": "https://www.elempleo.com/co/ofertas-trabajo/auxiliar-de-cocina/1884502915", "fecha_recuperacion": "2021-03-01-22-16", "titulo_oferta": "Auxiliar de cocina", "salario": "Menos de $1 mill\u00f3n", "ciudad": "Bogot\u00e1", "fecha_publicacion": "Publicado 17 Feb 2021", "area": "Operaciones y Procesos", "num_vacantes": "1 Vacante", "profesion": "Bachillerato Acad\u00e9mico", "descripcion_general": "Descripci\u00f3n general                Requerimos Auxiliar de cocina en BOGOTA. Importante empresa del sector requiere para su equipo de trabajo personal bachiller o t\u00e9cnicos en cocina, en sus funciones se encuentra: preparaci\u00f3n de producto, manejo de caja, limpieza de las areas, entre otras. NO requiere curso manejo de alimentos, este se realiza al ingresar Horarios rotativos de  Lunes a domingo con dia compensatorio en la semana Salario : SMLV+ prestaciones de leyPagos quincenales. Si estas interesado y cumples con el perfil postula tu hoja de vida                    Requerimos Auxiliar de cocina en BOGOTA. Importante empresa del sector requiere para su equipo de trabajo personal bachiller o t\u00e9cnicos en cocina, en sus funciones se encuentra: preparaci\u00f3n de producto, manejo de caja, limpieza de las areas, entre otras. NO requiere curso manejo de alimentos, este se realiza al ingresar Horarios rotativos de  Lunes a domingo con dia compensatorio en la semana Salario : SMLV+ prestaciones de leyPagos quincenales. Si estas interesado y cumples con el perfil postula tu hoja de vida                            Auxiliar, asistencial y otros                            Media (10\u00b0 - 13\u00b0)            Bachillerato Acad\u00e9micoOtros                1                Vacante            Competencias para la vacante                                            cocina                                                                                    restaurante                                                                                    operativo                                                                                    auxiliar", "tipo_contrato": "", "nivel_educativo": "Media (10\u00b0 - 13\u00b0)", "categoria": "Auxiliar, asistencial y otros", "sector": "Alimentos / Bebidas", "experiencia": "", "id_empleo": "1884502915", "competencias": "cocina,restaurante,operativo,auxiliar"}