{"url_empleo": "https://www.elempleo.com/co/ofertas-trabajo/auxiliar-de-enfermeria-operativo-bogota/1884610742", "fecha_recuperacion": "2021-03-01-22-07", "titulo_oferta": "Auxiliar de enfermer\u00eda operativo - bogot\u00e1", "salario": "$1 a $1,5 millones", "ciudad": "Bogot\u00e1", "fecha_publicacion": "Publicado 24 Feb 2021", "area": "Salud", "num_vacantes": "1 Vacante", "profesion": "Enfermer\u00eda", "descripcion_general": "Descripci\u00f3n general                Colm\u00e9dica Medicina Prepagada requiere para su equipo de trabajo Auxiliar operativo para realizar Control en el acceso de usuarios, colaboradores, proveedores y terceros al centro medico ubicado al norte de Bogot\u00e1, mediante el proceso de toma de temperatura corporal que permita evitar o disminuir el riesgo de contagio por Covid-19. Requerimos t\u00e9cnico auxiliar de enfermer\u00eda con experiencia m\u00ednima de un a\u00f1o en cargos de servicio al cliente,  persona con excelente habilidades comunicativas, actitud  y orientaci\u00f3n al servicio. Horarios: Lunes a S\u00e1bado-(48 hrs semanales). Con disponibilidad para laborar domingos y festivos. Contrato a t\u00e9rmino fijo por 3 meses, salario: 1.130.000 + prestaciones.                    Colm\u00e9dica Medicina Prepagada requiere para su equipo de trabajo Auxiliar operativo para realizar Control en el acceso de usuarios, colaboradores, proveedores y terceros al centro medico ubicado al norte de Bogot\u00e1, mediante el proceso de toma de temperatura corporal que permita evitar o disminuir el riesgo de contagio por Covid-19. Requerimos t\u00e9cnico auxiliar de enfermer\u00eda con experiencia m\u00ednima de un a\u00f1o en cargos de servicio al cliente,  persona con excelente habilidades comunicativas, actitud  y orientaci\u00f3n al servicio. Horarios: Lunes a S\u00e1bado-(48 hrs semanales). Con disponibilidad para laborar domingos y festivos. Contrato a t\u00e9rmino fijo por 3 meses, salario: 1.130.000 + prestaciones.                            Auxiliar, asistencial y otros                            T\u00e9cnico Laboral            Enfermer\u00eda1 a\u00f1o de experiencia                1                Vacante            Competencias para la vacante                                            auxiliar de enfermer\u00eda                                                                                    enfermeria                                                                                    auxiliar", "tipo_contrato": "Contrato Definido", "nivel_educativo": "T\u00e9cnico Laboral", "categoria": "Auxiliar, asistencial y otros", "sector": "Salud, trabajo y seguridad social", "experiencia": "1 a\u00f1o de experiencia", "id_empleo": "1884610742", "competencias": "auxiliar de enfermer\u00eda,enfermeria,auxiliar"}