{"url_empleo": "https://www.elempleo.com/co/ofertas-trabajo/analista-junior-de-control-de-calidad-sector-farmaceutico/1884671255", "fecha_recuperacion": "2021-03-01-22-15", "titulo_oferta": "Analista junior de control de calidad sector farmaceutico", "salario": "$1 a $1,5 millones", "ciudad": "Bogot\u00e1", "fecha_publicacion": "Publicado 18 Feb 2021", "area": "Calidad (aseguramiento, gesti\u00f3n ...", "num_vacantes": "1 Vacante", "profesion": "Qu\u00edmica", "descripcion_general": "Descripci\u00f3n general                Importante empresa del sector farmac\u00e9utico requiere analistas junior de control de calidad tecnologo graduado en qu\u00edmica aplicada a la industria o carreras afines, con experiencia m\u00ednima de 2 a\u00f1os realizando el an\u00e1lisis fisicoquimico de la materia prima, producto en proceso, producto terminado y estabilidades conforme a los procedimientos, instructivos y normas farmacopeicas establecidas internamente y cumpliendo con BPL. TURNOS ROTATIVOS DE 8 HORAS.NO ESTUDIANTES ACTIVOS. PROMEDIO SALARIAL $1.300.000-1.500.000 Interesados postularse a la oferta solo si cumple el perfil.                    Importante empresa del sector farmac\u00e9utico requiere analistas junior de control de calidad tecnologo graduado en qu\u00edmica aplicada a la industria o carreras afines, con experiencia m\u00ednima de 2 a\u00f1os realizando el an\u00e1lisis fisicoquimico de la materia prima, producto en proceso, producto terminado y estabilidades conforme a los procedimientos, instructivos y normas farmacopeicas establecidas internamente y cumpliendo con BPL. TURNOS ROTATIVOS DE 8 HORAS.NO ESTUDIANTES ACTIVOS. PROMEDIO SALARIAL $1.300.000-1.500.000 Interesados postularse a la oferta solo si cumple el perfil.                            Auxiliar, asistencial y otros                            Tecnol\u00f3gica            Qu\u00edmicaQu\u00edmica Farmac\u00e9utica2 a\u00f1os de experiencia                1                Vacante            Competencias para la vacante                                            analista", "tipo_contrato": "", "nivel_educativo": "Tecnol\u00f3gica", "categoria": "Auxiliar, asistencial y otros", "sector": "Laboratorios farmac\u00e9uticos y otros", "experiencia": "2 a\u00f1os de experiencia", "id_empleo": "1884671255", "competencias": "analista"}