{"url_empleo": "https://www.elempleo.com/co/ofertas-trabajo/desarrollador-frontend/1884452821", "fecha_recuperacion": "2021-03-01-22-09", "titulo_oferta": "Desarrollador front-end", "salario": "Salario a convenir", "ciudad": "Barranquilla", "fecha_publicacion": "Publicado 23 Feb 2021", "area": "Sistemas y Tecnolog\u00eda", "num_vacantes": "1 Vacante", "profesion": "Dise\u00f1o gr\u00e1fico", "descripcion_general": "Descripci\u00f3n general                En Zemoga queremos empezar el a\u00f1o de la mejor manera, por eso estamos buscando ampliar nuestro equipo front. Si eres un duro desarrollando con HTML, CSS y Javascript est\u00e1 oportunidad es para ti! Aplica a esta oferta y nos pondremos en contacto contigo!                    En Zemoga queremos empezar el a\u00f1o de la mejor manera, por eso estamos buscando ampliar nuestro equipo front. Si eres un duro desarrollando con HTML, CSS y Javascript est\u00e1 oportunidad es para ti! Aplica a esta oferta y nos pondremos en contacto contigo!                            Profesional                            Universitaria            Dise\u00f1o gr\u00e1ficoIngenier\u00eda de sistemas  Computaci\u00f3nAdministraci\u00f3n de sistemas inform\u00e1ticos5 a\u00f1os de experiencia                1                Vacante            Competencias para la vacante                                            css                                                                                    html                                                                                    javascript                                                                                    front", "tipo_contrato": "Contrato Indefinido", "nivel_educativo": "Universitaria", "categoria": "Profesional", "sector": "Desarrollo y dise\u00f1o de p\u00e1ginas web", "experiencia": "5 a\u00f1os de experiencia", "id_empleo": "1884452821", "competencias": "css,html,javascript,front"}