{"url_empleo": "https://www.elempleo.com/co/ofertas-trabajo/quimico-farmaceutico/1884462614", "fecha_recuperacion": "2021-03-01-22-05", "titulo_oferta": "Qu\u00edmico farmac\u00e9utico", "salario": "$3,5 a $4 millones", "ciudad": "Bogot\u00e1", "fecha_publicacion": "Publicado 25 Feb 2021", "area": "Salud", "num_vacantes": "1 Vacante", "profesion": "Qu\u00edmica Farmac\u00e9utica", "descripcion_general": "Descripci\u00f3n general                Estamos en b\u00fasqueda de: Profesional en Qu\u00edmica Farmac\u00e9utica, con experiencia m\u00ednima de un (1) a\u00f1o como qu\u00edmico farmac\u00e9utico en instituciones del sector salud. Indispensable experiencia en los programas de tecnovigilancia farmacovigilancia y conocimiento de conceptos de nutrici\u00f3n cl\u00ednica, presentaci\u00f3n, administraci\u00f3n, preparaci\u00f3n y estabilidad de medicamentos y normatividad en salud vigente. Contrato directo, tiempo completo a t\u00e9rmino fijo a 1 a\u00f1o y todas las prestaciones de ley.                    Estamos en b\u00fasqueda de: Profesional en Qu\u00edmica Farmac\u00e9utica, con experiencia m\u00ednima de un (1) a\u00f1o como qu\u00edmico farmac\u00e9utico en instituciones del sector salud. Indispensable experiencia en los programas de tecnovigilancia farmacovigilancia y conocimiento de conceptos de nutrici\u00f3n cl\u00ednica, presentaci\u00f3n, administraci\u00f3n, preparaci\u00f3n y estabilidad de medicamentos y normatividad en salud vigente. Contrato directo, tiempo completo a t\u00e9rmino fijo a 1 a\u00f1o y todas las prestaciones de ley.                            Profesional                            Universitaria            Qu\u00edmica Farmac\u00e9utica1 a\u00f1o de experiencia                1                Vacante            Competencias para la vacante                                            qu\u00edmico farmac\u00e9utico                                                                                    farmaceutico                                                                                    Tecnovigilancia                                                                                    Farmacovigilancia", "tipo_contrato": "Contrato Definido", "nivel_educativo": "Universitaria", "categoria": "Profesional", "sector": "Servicios hospitalarios, m\u00e9dicos...", "experiencia": "1 a\u00f1o de experiencia", "id_empleo": "1884462614", "competencias": "qu\u00edmico farmac\u00e9utico,farmaceutico,Tecnovigilancia,Farmacovigilancia"}