{"url_empleo": "https://www.elempleo.com/co/ofertas-trabajo/supervisor-workforce-bilingue/1884663940", "fecha_recuperacion": "2021-03-01-22-07", "titulo_oferta": "Supervisor workforce biling\u00fce", "salario": "$2,5 a $3 millones", "ciudad": "Medell\u00edn", "fecha_publicacion": "Publicado 24 Feb 2021", "area": "Operaciones y Procesos", "num_vacantes": "1 Vacante", "profesion": "Ingenier\u00eda de sistemas  Computaci\u00f3n", "descripcion_general": "Descripci\u00f3n general                En Onelink BPO Medell\u00edn, el contact center de la felicidad nos encontramos en b\u00fasqueda de Supervisor de Workforce Biling\u00fce (Analista Sr), esta persona debe contar con estudios tecnologicos en sistemas o areas afines, tener al menos 6 meses de experiencia en el cargo de supervisor de workforce o 1 a\u00f1o como analista; tener un dominio avanzado del idioma ingl\u00e9s. Ser\u00e1 la figura encargada de crear, actualizar y controlar los reportes de gesti\u00f3n espec\u00edficos de la cuenta con an\u00e1lisis de causa y efecto con el objetivo de garantizar el \u00f3ptimo cumplimiento de los indicadores de la cuenta, asi como los procesos administrativos de la empresa.Importante tener dominio avanzado del idioma ingl\u00e9s.Contrato a t\u00e9rmino indefinido. Salario b\u00e1sico $2.400.000 mas prestaciones. Horario administrativo. Sede de trabajo Centro comercial Aventura.                    En Onelink BPO Medell\u00edn, el contact center de la felicidad nos encontramos en b\u00fasqueda de Supervisor de Workforce Biling\u00fce (Analista Sr), esta persona debe contar con estudios tecnologicos en sistemas o areas afines, tener al menos 6 meses de experiencia en el cargo de supervisor de workforce o 1 a\u00f1o como analista; tener un dominio avanzado del idioma ingl\u00e9s. Ser\u00e1 la figura encargada de crear, actualizar y controlar los reportes de gesti\u00f3n espec\u00edficos de la cuenta con an\u00e1lisis de causa y efecto con el objetivo de garantizar el \u00f3ptimo cumplimiento de los indicadores de la cuenta, asi como los procesos administrativos de la empresa.Importante tener dominio avanzado del idioma ingl\u00e9s.Contrato a t\u00e9rmino indefinido. Salario b\u00e1sico $2.400.000 mas prestaciones. Horario administrativo. Sede de trabajo Centro comercial Aventura.                            Profesional Senior                            Tecnol\u00f3gica            Ingenier\u00eda de sistemas  Computaci\u00f3nTecnolog\u00eda En Desarrollo De Sistemas Inform\u00e1ticos1 a\u00f1o de experiencia                1                Vacante            Competencias para la vacante                                            Workforce                                                                                    call center", "tipo_contrato": "Contrato Indefinido", "nivel_educativo": "Tecnol\u00f3gica", "categoria": "Profesional Senior", "sector": "Servicios de telecomunicaciones", "experiencia": "1 a\u00f1o de experiencia", "id_empleo": "1884663940", "competencias": "Workforce,call center"}