{"url_empleo": "https://www.elempleo.com/co/ofertas-trabajo/auxiliar-de-dietas-zona-norte-chia-cota-cajica-zipaquira-tocancipa-sopo/1884548621", "fecha_recuperacion": "2021-03-01-22-13", "titulo_oferta": "Auxiliar de dietas - zona norte, chia, cota, cajica, zipaquira, tocancipa, sopo", "salario": "Menos de $1 mill\u00f3n", "ciudad": "Bogot\u00e1", "fecha_publicacion": "Publicado 19 Feb 2021", "area": "Operaciones y Procesos", "num_vacantes": "1 Vacante", "profesion": "Tecnolog\u00eda de alimentos", "descripcion_general": "Descripci\u00f3n general                Reconocida universidad requiere AUXILIAR DE DIETAS personal que viva por la ZONA NORTE, CHIA, COTA, CAJICA, ZIPAQUIRA, TOCANCIPA, SOPO o municipios aleda\u00f1os. T\u00e9cnico o tecn\u00f3logo en carreras administrativas o cocina, con m\u00ednimo 1 a\u00f1o de experiencia en cargos similares. NO ESTUDIANTES. TENER CARNET DE MANIPULACI\u00d3N DE ALIMENTOS VIGENTE FUNCIONES: Verificar, alistar y distribuir las dietas de los pacientes. Ensamblar las dietas seg\u00fan las recomendaciones dadas por la Coordinaci\u00f3n de Nutrici\u00f3n. Apoyar a la preparaci\u00f3n de los postres, jugos y compotas seg\u00fan la minuta patr\u00f3n. Entregar a cada paciente la dieta solicitada por nutrici\u00f3n. Cumplir las normas de BPM. Cumplir con el protocolo de entrega de dietas. Realizar los pedidos de insumos y desechables que se requieran en el \u00e1rea de nutrici\u00f3n. Realizar el inventario mensual de alimentos de dieta. Limpiar y desinfectar los utensilios, equipos y la zona de producci\u00f3n a su cargo. HORARIOS: Lu a S\u00e1b: 6am a 3pm o 11am a 8pm y Domingo cada 15 d\u00edas - Se pueden llegar a generar extras, recargos y/o compensatorios. LUGAR DE TRABAJO: Chia SALARIO: $ 908.526 + Prestaciones de ley                    Reconocida universidad requiere AUXILIAR DE DIETAS personal que viva por la ZONA NORTE, CHIA, COTA, CAJICA, ZIPAQUIRA, TOCANCIPA, SOPO o municipios aleda\u00f1os. T\u00e9cnico o tecn\u00f3logo en carreras administrativas o cocina, con m\u00ednimo 1 a\u00f1o de experiencia en cargos similares. NO ESTUDIANTES. TENER CARNET DE MANIPULACI\u00d3N DE ALIMENTOS VIGENTE FUNCIONES: Verificar, alistar y distribuir las dietas de los pacientes. Ensamblar las dietas seg\u00fan las recomendaciones dadas por la Coordinaci\u00f3n de Nutrici\u00f3n. Apoyar a la preparaci\u00f3n de los postres, jugos y compotas seg\u00fan la minuta patr\u00f3n. Entregar a cada paciente la dieta solicitada por nutrici\u00f3n. Cumplir las normas de BPM. Cumplir con el protocolo de entrega de dietas. Realizar los pedidos de insumos y desechables que se requieran en el \u00e1rea de nutrici\u00f3n. Realizar el inventario mensual de alimentos de dieta. Limpiar y desinfectar los utensilios, equipos y la zona de producci\u00f3n a su cargo. HORARIOS: Lu a S\u00e1b: 6am a 3pm o 11am a 8pm y Domingo cada 15 d\u00edas - Se pueden llegar a generar extras, recargos y/o compensatorios. LUGAR DE TRABAJO: Chia SALARIO: $ 908.526 + Prestaciones de ley                            Auxiliar, asistencial y otros                            T\u00e9cnico Laboral            Tecnolog\u00eda de alimentosT\u00e9cnico en Gesti\u00f3n EmpresarialOtros1 a\u00f1o de experiencia                1                Vacante            Competencias para la vacante                                            DIETAS                                                                                    preparador de alimentos", "tipo_contrato": "Contrato Por obra o labor", "nivel_educativo": "T\u00e9cnico Laboral", "categoria": "Auxiliar, asistencial y otros", "sector": "Servicios hospitalarios, m\u00e9dicos...", "experiencia": "1 a\u00f1o de experiencia", "id_empleo": "1884548621", "competencias": "DIETAS,preparador de alimentos"}