{"url_empleo": "https://www.elempleo.com/co/ofertas-trabajo/ethical-hacker-penetration-tester/1884635994", "fecha_recuperacion": "2021-03-01-22-06", "titulo_oferta": "Ethical hacker / penetration tester", "salario": "$4,5 a $5,5 millones", "ciudad": "Medell\u00edn", "fecha_publicacion": "Publicado 25 Feb 2021", "area": "Sistemas y Tecnolog\u00eda", "num_vacantes": "1 Vacante", "profesion": "Ingenier\u00eda de sistemas  Computaci\u00f3n", "descripcion_general": "Descripci\u00f3n general                Descripci\u00f3n de la vacante: Cuando tenemos proyectos son hackeando aplicaciones o redes de empresas, cuando no tenemos proyectos realizamos desarrollo de software de nuestras propias herramientas.  Buscamos por ende hackers apasionados  por el desarrollo y la programaci\u00f3n.  Si no las dominas no importa, en Fluid Attacks importa es tu capacidad de aprender aut\u00f3nomamente sobre los diversos retos que nos enfrentamos d\u00eda a d\u00eda, la disciplina con los /que los enfrentas, la honestidad para decir lo que hay que decir y la colaboraci\u00f3n sin pretender ser m\u00e1s que nadie.  Si quieres participar del proceso de selecci\u00f3n m\u00e1s retador que existe, y del cual pase lo que pase aprender\u00e1s m\u00e1s que en ninguna otra empresa, te invitamos a conocerlo y ver por tu mismo que en Fluid Attacks vale m\u00e1s hacer que saber.  Nuestro proceso de selecci\u00f3n es guiado mediante Git, es retroalimentado a trav\u00e9s de un integrador continuo y adem\u00e1s permite subir tu ranking mundial en programaci\u00f3n y hacking. No tienes que estar graduado, no tienes que ser de ninguna carrera particular, ni tener experiencia espec\u00edfica. Lo \u00fanico que importa es que demuestres que puedes aprender aut\u00f3nomamente a la velocidad esperada. Si te gusta programar y tu pasi\u00f3n es la seguridad de la informaci\u00f3n, aplica a nuestro proceso de selecci\u00f3n. Te esperamos! Habilidades deseadas:  Conocimientos en: LinuxPythonBurpMetasploitIda/Ghida Detalles de la vacante: Salario: 1'800.000 a 14'800.000 COPExperiencia especifica: 0 a 15 a\u00f1osCiudad: Medell\u00edn o Bogot\u00e1Contrato: Laboral indefinidoIngl\u00e9s: Nivel de lectura profesional                    Descripci\u00f3n de la vacante: Cuando tenemos proyectos son hackeando aplicaciones o redes de empresas, cuando no tenemos proyectos realizamos desarrollo de software de nuestras propias herramientas.  Buscamos por ende hackers apasionados  por el desarrollo y la programaci\u00f3n.  Si no las dominas no importa, en Fluid Attacks importa es tu capacidad de aprender aut\u00f3nomamente sobre los diversos retos que nos enfrentamos d\u00eda a d\u00eda, la disciplina con los /que los enfrentas, la honestidad para decir lo que hay que decir y la colaboraci\u00f3n sin pretender ser m\u00e1s que nadie.  Si quieres participar del proceso de selecci\u00f3n m\u00e1s retador que existe, y del cual pase lo que pase aprender\u00e1s m\u00e1s que en ninguna otra empresa, te invitamos a conocerlo y ver por tu mismo que en Fluid Attacks vale m\u00e1s hacer que saber.  Nuestro proceso de selecci\u00f3n es guiado mediante Git, es retroalimentado a trav\u00e9s de un integrador continuo y adem\u00e1s permite subir tu ranking mundial en programaci\u00f3n y hacking. No tienes que estar graduado, no tienes que ser de ninguna carrera particular, ni tener experiencia espec\u00edfica. Lo \u00fanico que importa es que demuestres que puedes aprender aut\u00f3nomamente a la velocidad esperada. Si te gusta programar y tu pasi\u00f3n es la seguridad de la informaci\u00f3n, aplica a nuestro proceso de selecci\u00f3n. Te esperamos! Habilidades deseadas:  Conocimientos en: LinuxPythonBurpMetasploitIda/Ghida Detalles de la vacante: Salario: 1'800.000 a 14'800.000 COPExperiencia especifica: 0 a 15 a\u00f1osCiudad: Medell\u00edn o Bogot\u00e1Contrato: Laboral indefinidoIngl\u00e9s: Nivel de lectura profesional                            Profesional                            Universitaria            Ingenier\u00eda de sistemas  Computaci\u00f3n                1                Vacante            Competencias para la vacante                                            Ethical Hacker                                                                                    Seguridad                                                                                    Informatica                                                                                    Linux                                                                                    Metasploit", "tipo_contrato": "Contrato Indefinido", "nivel_educativo": "Universitaria", "categoria": "Profesional", "sector": "Inform\u00e1ticos", "experiencia": "", "id_empleo": "1884635994", "competencias": "Ethical Hacker,Seguridad,Informatica,Linux,Metasploit"}