{"url_empleo": "https://www.elempleo.com/co/ofertas-trabajo/tecnico-electromecanio-bogota/1884565445", "fecha_recuperacion": "2021-03-01-22-01", "titulo_oferta": "Tecnico electromecanio bogota", "salario": "Salario a convenir", "ciudad": "Bogot\u00e1", "fecha_publicacion": "Publicado 1 Mar 2021", "area": "Consumo masivo", "num_vacantes": "1 Vacante", "profesion": "Tecn Mec\u00e1nico", "descripcion_general": "Descripci\u00f3n general                Importante empresa requiere en su equipo de trabajo t\u00e9cnico electromec\u00e1nico, con estudios en certificados en electricidad industrial, electronica, mecatronica o electromec\u00e1nica con minimo dos a\u00f1os de experiencia en el \u00e1rea de diagn\u00f3stico y reparaciones de las diferentes m\u00e1quinas, e instalaciones y elementos mec\u00e1nicos de la planta. Domingo a Domingo Turno rotativo                    Importante empresa requiere en su equipo de trabajo t\u00e9cnico electromec\u00e1nico, con estudios en certificados en electricidad industrial, electronica, mecatronica o electromec\u00e1nica con minimo dos a\u00f1os de experiencia en el \u00e1rea de diagn\u00f3stico y reparaciones de las diferentes m\u00e1quinas, e instalaciones y elementos mec\u00e1nicos de la planta. Domingo a Domingo Turno rotativo                            Auxiliar, asistencial y otros                            T\u00e9cnico Laboral            Tecn Mec\u00e1nicoTecn ElectricistaTecn Electr\u00f3nico2 a\u00f1os de experiencia                1                Vacante            Competencias para la vacante                                            tecnico electromecanico", "tipo_contrato": "Contrato Indefinido", "nivel_educativo": "T\u00e9cnico Laboral", "categoria": "Auxiliar, asistencial y otros", "sector": "Consumo masivo", "experiencia": "2 a\u00f1os de experiencia", "id_empleo": "1884565445", "competencias": "tecnico electromecanico"}