{"url_empleo": "https://www.elempleo.com/co/ofertas-trabajo/monitora-de-rutas-escolares/1884224627", "fecha_recuperacion": "2021-03-01-22-02", "titulo_oferta": "Monitora de rutas escolares", "salario": "Menos de $1 mill\u00f3n", "ciudad": "Bogot\u00e1", "fecha_publicacion": "Publicado 28 Feb 2021", "area": "Docencia", "num_vacantes": "1 Vacante", "profesion": "Otra", "descripcion_general": "Descripci\u00f3n general                Importante colegio del norte de Bogot\u00e1, requiere monitora de ruta para trabajar de lunes a s\u00e1bado, la persona debe contar con experiencia certificada m\u00ednima de 1 a\u00f1o en cargos similares.                    Importante colegio del norte de Bogot\u00e1, requiere monitora de ruta para trabajar de lunes a s\u00e1bado, la persona debe contar con experiencia certificada m\u00ednima de 1 a\u00f1o en cargos similares.                            Auxiliar, asistencial y otros                            Media (10\u00b0 - 13\u00b0)            Otra1 a\u00f1o de experiencia                1                Vacante            Competencias para la vacante                                            monitora                                                                                    colegio                                                                                    ruta", "tipo_contrato": "Contrato Definido", "nivel_educativo": "Media (10\u00b0 - 13\u00b0)", "categoria": "Auxiliar, asistencial y otros", "sector": "Colegios", "experiencia": "1 a\u00f1o de experiencia", "id_empleo": "1884224627", "competencias": "monitora,colegio,ruta"}