{"url_empleo": "https://www.elempleo.com/co/ofertas-trabajo/auxiliar-electromecanico/1884643512", "fecha_recuperacion": "2021-03-01-22-14", "titulo_oferta": "Auxiliar electromec\u00e1nico", "salario": "$1 a $1,5 millones", "ciudad": "Medell\u00edn", "fecha_publicacion": "Publicado 18 Feb 2021", "area": "Construcci\u00f3n y Obra", "num_vacantes": "1 Vacante", "profesion": "Ingenier\u00eda electromec\u00e1nica", "descripcion_general": "Descripci\u00f3n general                Importante empresa de cadena de alimentos en Medellin, requiere para el \u00e1rea de mantenimiento, t\u00e9cnico electr\u00f3nico, t\u00e9cnicos electricistas, electromec\u00e1nicos y afines. Turnos rotativos.                    Importante empresa de cadena de alimentos en Medellin, requiere para el \u00e1rea de mantenimiento, t\u00e9cnico electr\u00f3nico, t\u00e9cnicos electricistas, electromec\u00e1nicos y afines. Turnos rotativos.                            Auxiliar, asistencial y otros                            T\u00e9cnico Laboral            Ingenier\u00eda electromec\u00e1nicaTecn ElectricistaTecn Electr\u00f3nico2 a\u00f1os de experiencia                1                Vacante            Competencias para la vacante                                            electrico                                                                                    electronico                                                                                    electromecanico                                                                                    alimentos", "tipo_contrato": "", "nivel_educativo": "T\u00e9cnico Laboral", "categoria": "Auxiliar, asistencial y otros", "sector": "Alimentos / Bebidas", "experiencia": "2 a\u00f1os de experiencia", "id_empleo": "1884643512", "competencias": "electrico,electronico,electromecanico,alimentos"}