{"url_empleo": "https://www.elempleo.com/co/ofertas-trabajo/bacteriologo-lider-cali/1884672718", "fecha_recuperacion": "2021-03-01-22-15", "titulo_oferta": "Bacteri\u00f3logo l\u00edder - cali", "salario": "$2 a $2,5 millones", "ciudad": "Cali", "fecha_publicacion": "Publicado 18 Feb 2021", "area": "Salud", "num_vacantes": "1 Vacante", "profesion": "Bacteriolog\u00eda", "descripcion_general": "Descripci\u00f3n general                Nos encontramos en la b\u00fasqueda de BACTERIOLOGO LIDER quien trabajar\u00e1 en nuestro nuevo centro m\u00e9dico ubicado en la ciudad de Cali, con atenci\u00f3n a pacientes de Plan Obligatorio de Salud.  La misi\u00f3n del cargo consiste en garantizar la operaci\u00f3n eficiente del servicio de toma de muestras de acuerdo con los protocolos establecidos desde la habilitaci\u00f3n y acreditaci\u00f3n en salud. El bacteri\u00f3logo(a) tendr\u00e1 a cargo un equipo de aproximadamente 5 auxiliares de laboratorio cl\u00ednico.  Disponibilidad de Tiempo completo de lunes a viernes de 7:00 am a 5:00 pm y s\u00e1bados de 7:00 am a 1:00 pm. Contrato Laboral directo con la fundaci\u00f3n a t\u00e9rmino indefinido. Asignaci\u00f3n salarial de $2.148.660 + Prestaciones de ley + Plan de beneficios no salariales.  REQUISITOS:-Profesional en Bacteriolog\u00eda o Microbiolog\u00eda con Experiencia m\u00ednima de 2 a\u00f1os en toma de muestras.- Certificado Curso en Atenci\u00f3n a v\u00edctimas de violencia sexual y maltrato.- Certificado Curso de Toma de citolog\u00eda cervicouterina (Indispensable).                    Nos encontramos en la b\u00fasqueda de BACTERIOLOGO LIDER quien trabajar\u00e1 en nuestro nuevo centro m\u00e9dico ubicado en la ciudad de Cali, con atenci\u00f3n a pacientes de Plan Obligatorio de Salud.  La misi\u00f3n del cargo consiste en garantizar la operaci\u00f3n eficiente del servicio de toma de muestras de acuerdo con los protocolos establecidos desde la habilitaci\u00f3n y acreditaci\u00f3n en salud. El bacteri\u00f3logo(a) tendr\u00e1 a cargo un equipo de aproximadamente 5 auxiliares de laboratorio cl\u00ednico.  Disponibilidad de Tiempo completo de lunes a viernes de 7:00 am a 5:00 pm y s\u00e1bados de 7:00 am a 1:00 pm. Contrato Laboral directo con la fundaci\u00f3n a t\u00e9rmino indefinido. Asignaci\u00f3n salarial de $2.148.660 + Prestaciones de ley + Plan de beneficios no salariales.  REQUISITOS:-Profesional en Bacteriolog\u00eda o Microbiolog\u00eda con Experiencia m\u00ednima de 2 a\u00f1os en toma de muestras.- Certificado Curso en Atenci\u00f3n a v\u00edctimas de violencia sexual y maltrato.- Certificado Curso de Toma de citolog\u00eda cervicouterina (Indispensable).                            Profesional                            Universitaria            Bacteriolog\u00eda2 a\u00f1os de experiencia                1                Vacante            Competencias para la vacante                                            bacteriologia                                                                                    bacteriologo                                                                                    bacteriologa                                                                                    salud", "tipo_contrato": "Contrato Indefinido", "nivel_educativo": "Universitaria", "categoria": "Profesional", "sector": "Salud, trabajo y seguridad social", "experiencia": "2 a\u00f1os de experiencia", "id_empleo": "1884672718", "competencias": "bacteriologia,bacteriologo,bacteriologa,salud"}