{"url_empleo": "https://www.elempleo.com/co/ofertas-trabajo/medico-general-consulta-externa/1884581773", "fecha_recuperacion": "2021-03-01-22-15", "titulo_oferta": "Medico general // consulta externa", "salario": "$2,5 a $3 millones", "ciudad": "Bogot\u00e1 alrededores", "fecha_publicacion": "Publicado 18 Feb 2021", "area": "Salud", "num_vacantes": "1 Vacante", "profesion": "Medicina", "descripcion_general": "Descripci\u00f3n general                URGENTE !!!! CONTRATACI\u00d3N INMEDIATAImportante IPS requiere para su equipo de trabajo MEDICO GENERAL para laborar en Sedes Ubicadas al sur de Bogot\u00e1 y sede en Madrid Cundinamarca, Importante que cuente con habilidades de trabajo en equipo, trabajo bajo presi\u00f3n y sentido de responsabilidad y pertenencia frente a las funciones asignadas.DISPONIBILIDAD TURNO 6 horas PM o AM intensidad horaria 36 horas semanalesRequisitosExperiencia  en el \u00e1rea de consulta externaP\u00f3liza de responsabilidad civil actualizadaCurso actualizado ACLS y BCLSCurso de atenci\u00f3n a pacientes v\u00edctimas de violencia sexualDocumentos al d\u00eda.Se ofrece estabilidad laboral y excelente clima organizacional, si cumples con el perfil post\u00falate.                    URGENTE !!!! CONTRATACI\u00d3N INMEDIATAImportante IPS requiere para su equipo de trabajo MEDICO GENERAL para laborar en Sedes Ubicadas al sur de Bogot\u00e1 y sede en Madrid Cundinamarca, Importante que cuente con habilidades de trabajo en equipo, trabajo bajo presi\u00f3n y sentido de responsabilidad y pertenencia frente a las funciones asignadas.DISPONIBILIDAD TURNO 6 horas PM o AM intensidad horaria 36 horas semanalesRequisitosExperiencia  en el \u00e1rea de consulta externaP\u00f3liza de responsabilidad civil actualizadaCurso actualizado ACLS y BCLSCurso de atenci\u00f3n a pacientes v\u00edctimas de violencia sexualDocumentos al d\u00eda.Se ofrece estabilidad laboral y excelente clima organizacional, si cumples con el perfil post\u00falate.                            Profesional                            Universitaria            MedicinaMenos de un a\u00f1o de experiencia                1                Vacante            Competencias para la vacante                                            CONSULTA EXTERNA                                                                                    MEDICO GENERAL                                                                                    TURNO MA\u00d1ANA                                                                                    TURNO TARDE                                                                                    NUEVA EPS                                                                                    MADRID CUNDINAMARCA", "tipo_contrato": "Contrato Por obra o labor", "nivel_educativo": "Universitaria", "categoria": "Profesional", "sector": "Salud, trabajo y seguridad social", "experiencia": "Menos de un a\u00f1o de experiencia", "id_empleo": "1884581773", "competencias": "CONSULTA EXTERNA,MEDICO GENERAL,TURNO MA\u00d1ANA,TURNO TARDE,NUEVA EPS,MADRID CUNDINAMARCA"}