{"url_empleo": "https://www.elempleo.com/co/ofertas-trabajo/ejecutivo-de-cuenta-arl/1884527215", "fecha_recuperacion": "2021-03-01-22-08", "titulo_oferta": "Ejecutivo de cuenta  arl", "salario": "$2,5 a $3 millones", "ciudad": "Bogot\u00e1", "fecha_publicacion": "Publicado 23 Feb 2021", "area": "Administrativa y Financiera", "num_vacantes": "1 Vacante", "profesion": "Comercio internacional", "descripcion_general": "Descripci\u00f3n general                Importante empresa Aseguradora requiere para su equipo de trabajo: Profesional en carreras Administrativas, comerciales o del sector de la salud Preferiblemente con Especializaci\u00f3n en Seguridad y Salud en el Trabajo.  Cargo:  ejecutivo   de cuenta de seguros ARL - Contrato a t\u00e9rmino Indefinido - Directo con la empresa Experiencia m\u00ednima de 1 a\u00f1os en la venta de seguros ARL, manejo de mercados (PYMES, Medianas y grandes empresas). B\u00e1sico: $2.808.800+ comisiones + Beneficios  + prestaciones de ley. Contrato Directo a termino indefinido.                    Importante empresa Aseguradora requiere para su equipo de trabajo: Profesional en carreras Administrativas, comerciales o del sector de la salud Preferiblemente con Especializaci\u00f3n en Seguridad y Salud en el Trabajo.  Cargo:  ejecutivo   de cuenta de seguros ARL - Contrato a t\u00e9rmino Indefinido - Directo con la empresa Experiencia m\u00ednima de 1 a\u00f1os en la venta de seguros ARL, manejo de mercados (PYMES, Medianas y grandes empresas). B\u00e1sico: $2.808.800+ comisiones + Beneficios  + prestaciones de ley. Contrato Directo a termino indefinido.                            Profesional                            Universitaria            Comercio internacionalAdministraci\u00f3n de negociosT\u00e9cnico en salud ocupacional2 a\u00f1os de experiencia                1                Vacante            Competencias para la vacante                                            EJECUTIVO DE SEGUROS ARL", "tipo_contrato": "", "nivel_educativo": "Universitaria", "categoria": "Profesional", "sector": "Compa\u00f1\u00edas de seguros", "experiencia": "2 a\u00f1os de experiencia", "id_empleo": "1884527215", "competencias": "EJECUTIVO DE SEGUROS ARL"}