{"url_empleo": "https://www.elempleo.com/co/ofertas-trabajo/analista-de-impuestos/1884581547", "fecha_recuperacion": "2021-03-01-22-11", "titulo_oferta": "Analista de impuestos", "salario": "$3 a $3,5 millones", "ciudad": "Bogot\u00e1", "fecha_publicacion": "Publicado 22 Feb 2021", "area": "Contabilidad: cartera y costos", "num_vacantes": "1 Vacante", "profesion": "Contadur\u00eda", "descripcion_general": "Descripci\u00f3n general                Profesional en Contadur\u00eda Publica con formaci\u00f3n NIIF y tributaria, con experiencia m\u00ednima de 3 a\u00f1os, conocimientos en impuestos nacionales y territoriales, encargado tambi\u00e9n del cumplimiento de las obligaciones fiscales de la compa\u00f1\u00eda, Liquidar impuestos a los que esta sujeta, nacionales y territoriales, incluyendo renta, presentaci\u00f3n de informaci\u00f3n ex\u00f3gena nacional y territorial. Apoyo en la planeaci\u00f3n tributaria y financiera de la compa\u00f1\u00eda. Avista est\u00e1 comprometida con la igualdad de oportunidad laboral independiente del g\u00e9nero, etnia, religi\u00f3n y/o orientaci\u00f3n sexual. Nuestra cultura innovadora permite tener una interacci\u00f3n cercana, sensible y humana en donde todos podemos tener desarrollo personal y aportamos al crecimiento de la organizaci\u00f3n.                    Profesional en Contadur\u00eda Publica con formaci\u00f3n NIIF y tributaria, con experiencia m\u00ednima de 3 a\u00f1os, conocimientos en impuestos nacionales y territoriales, encargado tambi\u00e9n del cumplimiento de las obligaciones fiscales de la compa\u00f1\u00eda, Liquidar impuestos a los que esta sujeta, nacionales y territoriales, incluyendo renta, presentaci\u00f3n de informaci\u00f3n ex\u00f3gena nacional y territorial. Apoyo en la planeaci\u00f3n tributaria y financiera de la compa\u00f1\u00eda. Avista est\u00e1 comprometida con la igualdad de oportunidad laboral independiente del g\u00e9nero, etnia, religi\u00f3n y/o orientaci\u00f3n sexual. Nuestra cultura innovadora permite tener una interacci\u00f3n cercana, sensible y humana en donde todos podemos tener desarrollo personal y aportamos al crecimiento de la organizaci\u00f3n.                            Profesional                            Universitaria            Contadur\u00eda3 a\u00f1os de experiencia                1                Vacante            Competencias para la vacante                                            NIIF                                                                                    Impuestos                                                                                    exogena", "tipo_contrato": "Contrato Indefinido", "nivel_educativo": "Universitaria", "categoria": "Profesional", "sector": "Banca", "experiencia": "3 a\u00f1os de experiencia", "id_empleo": "1884581547", "competencias": "NIIF,Impuestos,exogena"}