{"url_empleo": "https://www.elempleo.com/co/ofertas-trabajo/desarrollador-comerial-pereira/1884639108", "fecha_recuperacion": "2021-03-01-22-02", "titulo_oferta": "Desarrollador comerial - pereira", "salario": "$2,5 a $3 millones", "ciudad": "Bogot\u00e1", "fecha_publicacion": "Publicado 1 Mar 2021", "area": "Comercial, Ventas y Telemercadeo", "num_vacantes": "1 Vacante", "profesion": "Administraci\u00f3n Comercial Y De Me...", "descripcion_general": "Descripci\u00f3n general                Importante multinacional dedicada a la producci\u00f3n y comercializaci\u00f3n de productos, empaques desechables requiere DESARROLLADOR COMERCIAL con experiencia en el canal Mayoristas, que viva en PEREIRABuscamos personas excelente servicio al cliente y habilidades comerciales con experiencia m\u00ednima de 2 a\u00f1os certificable Y con disponibilidad para visitar poblaciones de la periferia.Horario: L a V (8:00 am a 5:30 pm) \u2013 S\u00e1bados (8:00 am a 12:30 pm) Salario b\u00e1sico $ 1.500.000  + comisiones con techo 4.000.000 + prestaciones de ley.Ofrecemos contrato directo con la Compa\u00f1\u00eda.                    Importante multinacional dedicada a la producci\u00f3n y comercializaci\u00f3n de productos, empaques desechables requiere DESARROLLADOR COMERCIAL con experiencia en el canal Mayoristas, que viva en PEREIRABuscamos personas excelente servicio al cliente y habilidades comerciales con experiencia m\u00ednima de 2 a\u00f1os certificable Y con disponibilidad para visitar poblaciones de la periferia.Horario: L a V (8:00 am a 5:30 pm) \u2013 S\u00e1bados (8:00 am a 12:30 pm) Salario b\u00e1sico $ 1.500.000  + comisiones con techo 4.000.000 + prestaciones de ley.Ofrecemos contrato directo con la Compa\u00f1\u00eda.                            Profesional                            Universitaria            Administraci\u00f3n Comercial Y De Mercadeo2 a\u00f1os de experiencia                1                Vacante            Competencias para la vacante                                            mayoristas                                                                                    venas                                                                                    desarrollo                                                                                    kam", "tipo_contrato": "", "nivel_educativo": "Universitaria", "categoria": "Profesional", "sector": "Manufacturas varias", "experiencia": "2 a\u00f1os de experiencia", "id_empleo": "1884639108", "competencias": "mayoristas,venas,desarrollo,kam"}