{"url_empleo": "https://www.elempleo.com/co/ofertas-trabajo/analista-de-ecommerce/1884617731", "fecha_recuperacion": "2021-03-01-22-16", "titulo_oferta": "Analista de ecommerce", "salario": "Salario a convenir", "ciudad": "Medell\u00edn", "fecha_publicacion": "Publicado 17 Feb 2021", "area": "Proyectos (an\u00e1lisis, desarrollo,...", "num_vacantes": "1 Vacante", "profesion": "Tecnolog\u00eda en Gesti\u00f3n Administra...", "descripcion_general": "Descripci\u00f3n general                Buscamos Tecn\u00f3logo en administraci\u00f3n, mercadeo o estudios similares.Con conocimiento sobre SEO y SEM, escritura para textos de redes sociales y p\u00e1ginas web, gesti\u00f3n de CMS, funciones administrativas para el correcto funcionamiento de la tienda de matr\u00edculas. Gestionar el recaudo, facturaci\u00f3n y devoluci\u00f3n de la tienda. Conciliaci\u00f3n de inventario con coordiutil, creaci\u00f3n de bonos y promociones, realizar el env\u00edo de la mercanc\u00eda a la bodega, asegurar todos stocks necesarios para las tiendas, control y entrega de facturas manuales.Experiencia m\u00ednima de (1) un a\u00f1o en cargos administrativos de tiendas.                    Buscamos Tecn\u00f3logo en administraci\u00f3n, mercadeo o estudios similares.Con conocimiento sobre SEO y SEM, escritura para textos de redes sociales y p\u00e1ginas web, gesti\u00f3n de CMS, funciones administrativas para el correcto funcionamiento de la tienda de matr\u00edculas. Gestionar el recaudo, facturaci\u00f3n y devoluci\u00f3n de la tienda. Conciliaci\u00f3n de inventario con coordiutil, creaci\u00f3n de bonos y promociones, realizar el env\u00edo de la mercanc\u00eda a la bodega, asegurar todos stocks necesarios para las tiendas, control y entrega de facturas manuales.Experiencia m\u00ednima de (1) un a\u00f1o en cargos administrativos de tiendas.                            Auxiliar, asistencial y otros                            Tecnol\u00f3gica            Tecnolog\u00eda en Gesti\u00f3n AdministrativaTecnolog\u00eda En Gesti\u00f3n ComercialTecnolog\u00eda En Gesti\u00f3n De Mercadeo1 a\u00f1o de experiencia                1                Vacante            Competencias para la vacante                                            administrativos de tiendas                                                                                    preferiblemente como auxiliar de e-commercer.", "tipo_contrato": "Contrato Definido", "nivel_educativo": "Tecnol\u00f3gica", "categoria": "Auxiliar, asistencial y otros", "sector": "Otros servicios", "experiencia": "1 a\u00f1o de experiencia", "id_empleo": "1884617731", "competencias": "administrativos de tiendas,preferiblemente como auxiliar de e-commercer."}