{"url_empleo": "https://www.elempleo.com/co/ofertas-trabajo/qa-manual-senior/1884572744", "fecha_recuperacion": "2021-03-01-22-05", "titulo_oferta": "Qa manual senior", "salario": "$5,5 a $6 millones", "ciudad": "Medell\u00edn", "fecha_publicacion": "Publicado 25 Feb 2021", "area": "Sistemas y Tecnolog\u00eda", "num_vacantes": "1 Vacante", "profesion": "Ingenier\u00eda de sistemas  Computaci\u00f3n", "descripcion_general": "Descripci\u00f3n general                Description:We are looking for a QA Manual Senior  with attention to detail and team work skills. Should have experience for VSTS / Test plans. 5+ years of experience as QA Required Skills:  Fluent English (B2 or C1)VSTS / Test plansDesign and development of functional and non-functional test cases.Development of functional black box tests.Handling regression tests.Management of test environments. Details: Level of education required: ProfessionalTitles in the areas of: Systems engineering or relatedProfessional Card: NoRequired certifications: NoTime of experience in activities related to the vacancy: 5 years as QACity of the vacancy: Medellin or Remote in ColombiaHours per week to work: 45Availability 7x24: NoDate on which work is required to begin: As soon as possibleSalary range of the vacancy: $5\u2019000.000 up to $5\u2019500.000 COP monthlyType of expected contract: IndefiniteRequires fluent English: Yes, B2Requires US VISA: No                    Description:We are looking for a QA Manual Senior  with attention to detail and team work skills. Should have experience for VSTS / Test plans. 5+ years of experience as QA Required Skills:  Fluent English (B2 or C1)VSTS / Test plansDesign and development of functional and non-functional test cases.Development of functional black box tests.Handling regression tests.Management of test environments. Details: Level of education required: ProfessionalTitles in the areas of: Systems engineering or relatedProfessional Card: NoRequired certifications: NoTime of experience in activities related to the vacancy: 5 years as QACity of the vacancy: Medellin or Remote in ColombiaHours per week to work: 45Availability 7x24: NoDate on which work is required to begin: As soon as possibleSalary range of the vacancy: $5\u2019000.000 up to $5\u2019500.000 COP monthlyType of expected contract: IndefiniteRequires fluent English: Yes, B2Requires US VISA: No                            Profesional Senior                            Universitaria            Ingenier\u00eda de sistemas  Computaci\u00f3n5 a\u00f1os de experiencia                1                Vacante            Competencias para la vacante                                            QA                                                                                    Selenium", "tipo_contrato": "Contrato Indefinido", "nivel_educativo": "Universitaria", "categoria": "Profesional Senior", "sector": "Inform\u00e1ticos", "experiencia": "5 a\u00f1os de experiencia", "id_empleo": "1884572744", "competencias": "QA,Selenium"}