{"url_empleo": "https://www.elempleo.com/co/ofertas-trabajo/docente-/1884651481", "fecha_recuperacion": "2021-03-01-22-15", "titulo_oferta": "Docente -45", "salario": "Salario a convenir", "ciudad": "Bucaramanga", "fecha_publicacion": "Publicado 18 Feb 2021", "area": "Docencia", "num_vacantes": "1 Vacante", "profesion": "Docente", "descripcion_general": "Descripci\u00f3n general                Importante Instituci\u00f3n de Educaci\u00f3n Superior busca para su banco de hojas de vida para completar su planta docente para el a\u00f1o 2021 en la ciudad de Bucaramanga.Profesional en ciencias de la salud o ingenier\u00edas. Docente con Maestr\u00eda o Doctorado En Seguridad y Salud en trabajo o similares.  5 a\u00f1os docencia - 5 a\u00f1os en el sector (administraci\u00f3n de la seguridad y salud en trabajo).                    Importante Instituci\u00f3n de Educaci\u00f3n Superior busca para su banco de hojas de vida para completar su planta docente para el a\u00f1o 2021 en la ciudad de Bucaramanga.Profesional en ciencias de la salud o ingenier\u00edas. Docente con Maestr\u00eda o Doctorado En Seguridad y Salud en trabajo o similares.  5 a\u00f1os docencia - 5 a\u00f1os en el sector (administraci\u00f3n de la seguridad y salud en trabajo).                            Profesional                            Maestr\u00eda            Docente5 a\u00f1os de experiencia                1                Vacante            Competencias para la vacante                                            Doctorado En Seguridad y Salud en trabajo                                                                                    Maestr\u00eda  En Seguridad y Salud en trabajo                                                                                    docente", "tipo_contrato": "", "nivel_educativo": "Maestr\u00eda", "categoria": "Profesional", "sector": "Universidades", "experiencia": "5 a\u00f1os de experiencia", "id_empleo": "1884651481", "competencias": "Doctorado En Seguridad y Salud en trabajo,Maestr\u00eda  En Seguridad y Salud en trabajo,docente"}