{"url_empleo": "https://www.elempleo.com/co/ofertas-trabajo/director-contable-especialista-en-niif/1884530684", "fecha_recuperacion": "2021-03-01-22-15", "titulo_oferta": "Director contable - especialista en niif", "salario": "Salario a convenir", "ciudad": "Bogot\u00e1", "fecha_publicacion": "Publicado 18 Feb 2021", "area": "Administrativa y Financiera", "num_vacantes": "1 Vacante", "profesion": "Contadur\u00eda", "descripcion_general": "Descripci\u00f3n general                Empresa del sector construcci\u00f3n de obras civiles y fabricaci\u00f3n de estructuras met\u00e1licas requiere Profesional en Contadur\u00eda Publica con tarjeta profesional y Especializaci\u00f3n en NIIF (No diplomado). Con experiencia general de 4 a\u00f1os en cargos directivos y 2 a\u00f1os de experiencia especifica desarrollando funciones relacionadas con Preparaci\u00f3n de estados Financieros, Liquidaci\u00f3n de impuestos, Control de costos, Normas Internacionales NIIF, Normas legales, contables y tributarias, Estatuto tributario, Informes a entidades del estado, privadas, y requerimientos de la DIAN, Sistema contable UNO.                    Empresa del sector construcci\u00f3n de obras civiles y fabricaci\u00f3n de estructuras met\u00e1licas requiere Profesional en Contadur\u00eda Publica con tarjeta profesional y Especializaci\u00f3n en NIIF (No diplomado). Con experiencia general de 4 a\u00f1os en cargos directivos y 2 a\u00f1os de experiencia especifica desarrollando funciones relacionadas con Preparaci\u00f3n de estados Financieros, Liquidaci\u00f3n de impuestos, Control de costos, Normas Internacionales NIIF, Normas legales, contables y tributarias, Estatuto tributario, Informes a entidades del estado, privadas, y requerimientos de la DIAN, Sistema contable UNO.                            Profesional Senior                            Especializaci\u00f3n            Contadur\u00eda4 a\u00f1os de experiencia                1                Vacante            Competencias para la vacante                                            director", "tipo_contrato": "", "nivel_educativo": "Especializaci\u00f3n", "categoria": "Profesional Senior", "sector": "Construcci\u00f3n", "experiencia": "4 a\u00f1os de experiencia", "id_empleo": "1884530684", "competencias": "director"}