{"url_empleo": "https://www.elempleo.com/co/ofertas-trabajo/docente-/1884656997", "fecha_recuperacion": "2021-03-01-22-04", "titulo_oferta": "Docente -55", "salario": "Salario a convenir", "ciudad": "Bogot\u00e1", "fecha_publicacion": "Publicado 26 Feb 2021", "area": "Docencia", "num_vacantes": "1 Vacante", "profesion": "Terapia respiratoria", "descripcion_general": "Descripci\u00f3n general                Importante Instituci\u00f3n de Educaci\u00f3n Superior busca para su banco de hojas de vida para completar su planta docente para el a\u00f1o 2021 en las sedes de Bogot\u00e1 y Cundinamarca. Docente MT, Requerido para  el Programa de Terapia Cardiorespiratorio. Terapeuta Respiratoria o cardiorrespiratoria. Especializaci\u00f3n en Cuidado cr\u00edtico. Experiencia  profesional  en el \u00e1rea cl\u00ednica UCI (5  a\u00f1os), Experiencia Docente universitaria (2 a\u00f1os)                    Importante Instituci\u00f3n de Educaci\u00f3n Superior busca para su banco de hojas de vida para completar su planta docente para el a\u00f1o 2021 en las sedes de Bogot\u00e1 y Cundinamarca. Docente MT, Requerido para  el Programa de Terapia Cardiorespiratorio. Terapeuta Respiratoria o cardiorrespiratoria. Especializaci\u00f3n en Cuidado cr\u00edtico. Experiencia  profesional  en el \u00e1rea cl\u00ednica UCI (5  a\u00f1os), Experiencia Docente universitaria (2 a\u00f1os)                            Profesional                            Especializaci\u00f3n            Terapia respiratoria2 a\u00f1os de experiencia                1                Vacante            Competencias para la vacante                                            Terapeuta Respiratoria                                                                                    Especializaci\u00f3n en Cuidado cr\u00edtico", "tipo_contrato": "", "nivel_educativo": "Especializaci\u00f3n", "categoria": "Profesional", "sector": "Universidades", "experiencia": "2 a\u00f1os de experiencia", "id_empleo": "1884656997", "competencias": "Terapeuta Respiratoria,Especializaci\u00f3n en Cuidado cr\u00edtico"}