{"url_empleo": "https://www.elempleo.com/co/ofertas-trabajo/asesor-callcenter/1884640170", "fecha_recuperacion": "2021-03-01-22-16", "titulo_oferta": "Asesor callcenter", "salario": "Salario a convenir", "ciudad": "Bogot\u00e1", "fecha_publicacion": "Publicado 17 Feb 2021", "area": "Comercial, Ventas y Telemercadeo", "num_vacantes": "1 Vacante", "profesion": "Administraci\u00f3n de empresas", "descripcion_general": "Descripci\u00f3n general                Multinacional del sector servicios requiere Asesores Callcenter, con experiencia m\u00ednima de un a\u00f1o en \u00e1reas como Telemercadeo, ventas y cobro de cartera.  Ciudad: Bogot\u00e1                    Multinacional del sector servicios requiere Asesores Callcenter, con experiencia m\u00ednima de un a\u00f1o en \u00e1reas como Telemercadeo, ventas y cobro de cartera.  Ciudad: Bogot\u00e1                            Auxiliar, asistencial y otros                            Tecnol\u00f3gica            Administraci\u00f3n de empresasTecnolog\u00eda En Gesti\u00f3n Comercial1 a\u00f1o de experiencia                1                Vacante            Competencias para la vacante                                            Contac Center                                                                                    Callcenter                                                                                    Ventas", "tipo_contrato": "", "nivel_educativo": "Tecnol\u00f3gica", "categoria": "Auxiliar, asistencial y otros", "sector": "Otros servicios", "experiencia": "1 a\u00f1o de experiencia", "id_empleo": "1884640170", "competencias": "Contac Center,Callcenter,Ventas"}