{"url_empleo": "https://www.elempleo.com/co/ofertas-trabajo/profesional-o-analista-administrativo-y-mercadeo/1884652704", "fecha_recuperacion": "2021-03-01-22-16", "titulo_oferta": "Profesional o analista administrativo y mercadeo", "salario": "Salario a convenir", "ciudad": "Medell\u00edn", "fecha_publicacion": "Publicado 17 Feb 2021", "area": "Mercadeo", "num_vacantes": "1 Vacante", "profesion": "Administraci\u00f3n financiera", "descripcion_general": "Descripci\u00f3n general                Buscamos tecn\u00f3logo o profesional reci\u00e9n graduado en administraci\u00f3n y mercadeo o afines con m\u00ednimo dos (2) a\u00f1os de experiencia en cargos comerciales o \u00e1reas de mercadeo, con conocimientos en ventas, mercadeo, planeaci\u00f3n estrat\u00e9gica; para realizar el proceso de gesti\u00f3n comercial de consecuci\u00f3n, contrataci\u00f3n y administraci\u00f3n de los aliados comerciales.                    Buscamos tecn\u00f3logo o profesional reci\u00e9n graduado en administraci\u00f3n y mercadeo o afines con m\u00ednimo dos (2) a\u00f1os de experiencia en cargos comerciales o \u00e1reas de mercadeo, con conocimientos en ventas, mercadeo, planeaci\u00f3n estrat\u00e9gica; para realizar el proceso de gesti\u00f3n comercial de consecuci\u00f3n, contrataci\u00f3n y administraci\u00f3n de los aliados comerciales.                            Profesional                            Tecnol\u00f3gica            Administraci\u00f3n financieraMercadeoTecnolog\u00eda En Gesti\u00f3n De Mercadeo2 a\u00f1os de experiencia                1                Vacante            Competencias para la vacante                                            aliados                                                                                    gesti\u00f3n comercial                                                                                    contrataci\u00f3n", "tipo_contrato": "Contrato Definido", "nivel_educativo": "Tecnol\u00f3gica", "categoria": "Profesional", "sector": "Otros servicios", "experiencia": "2 a\u00f1os de experiencia", "id_empleo": "1884652704", "competencias": "aliados,gesti\u00f3n comercial,contrataci\u00f3n"}