{"url_empleo": "https://www.elempleo.com/co/ofertas-trabajo/regente-de-farmacia/1884669476", "fecha_recuperacion": "2021-03-01-22-08", "titulo_oferta": "Regente de farmacia", "salario": "$1 a $1,5 millones", "ciudad": "Rionegro", "fecha_publicacion": "Publicado 23 Feb 2021", "area": "Comercial, Ventas y Telemercadeo", "num_vacantes": "1 Vacante", "profesion": "Tecn Regencia Farmacia", "descripcion_general": "Descripci\u00f3n general                Se requiere Tegnologo en regencia de farmacia con 6 meses de experiencia                    Se requiere Tegnologo en regencia de farmacia con 6 meses de experiencia                            Profesional Junior                            Tecnol\u00f3gica            Tecn Regencia FarmaciaMenos de un a\u00f1o de experiencia                1                Vacante            Competencias para la vacante                                            REGENTE", "tipo_contrato": "Contrato Por obra o labor", "nivel_educativo": "Tecnol\u00f3gica", "categoria": "Profesional Junior", "sector": "Almacenes varios", "experiencia": "Menos de un a\u00f1o de experiencia", "id_empleo": "1884669476", "competencias": "REGENTE"}