{"url_empleo": "https://www.elempleo.com/co/ofertas-trabajo/consultor-semisenior-de-consultoria-y-sistemas-medellin/1884664128", "fecha_recuperacion": "2021-03-01-22-17", "titulo_oferta": "Consultor semisenior  de consultoria y sistemas medellin", "salario": "$3 a $3,5 millones", "ciudad": "Medell\u00edn", "fecha_publicacion": "Publicado 17 Feb 2021", "area": "Auditor\u00eda, Contralor\u00eda e Interve...", "num_vacantes": "1 Vacante", "profesion": "Ingenier\u00eda de sistemas  Computaci\u00f3n", "descripcion_general": "Descripci\u00f3n general                Nuestro equipo de trabajo se encuentra en la b\u00fasqueda de un profesional en ingenier\u00eda de sistemas o carreras afines ( administraci\u00f3n de sistemas de informaci\u00f3n, ingenier\u00eda de redes entre otras), importante que tenga experiencia  m\u00ednima de 1  a\u00f1o de experiencia espec\u00edfica como Semisenior o Staff o Coordinador de \u00e1reas de Auditor\u00eda y Consultor\u00eda en sistemas y m\u00ednimo 2 a\u00f1os de experiencia general en la ejecuci\u00f3n de trabajos de auditor\u00eda y Consultor\u00eda en cargos relacionados. Contrato Indefinido directamente con la compa\u00f1\u00eda.                    Nuestro equipo de trabajo se encuentra en la b\u00fasqueda de un profesional en ingenier\u00eda de sistemas o carreras afines ( administraci\u00f3n de sistemas de informaci\u00f3n, ingenier\u00eda de redes entre otras), importante que tenga experiencia  m\u00ednima de 1  a\u00f1o de experiencia espec\u00edfica como Semisenior o Staff o Coordinador de \u00e1reas de Auditor\u00eda y Consultor\u00eda en sistemas y m\u00ednimo 2 a\u00f1os de experiencia general en la ejecuci\u00f3n de trabajos de auditor\u00eda y Consultor\u00eda en cargos relacionados. Contrato Indefinido directamente con la compa\u00f1\u00eda.                            Profesional Senior                            Universitaria            Ingenier\u00eda de sistemas  Computaci\u00f3nIngenier\u00eda de redes y telecomunicacionesAdministraci\u00f3n de sistemas inform\u00e1ticosIngenier\u00eca De Software3 a\u00f1os de experiencia                1                Vacante            Competencias para la vacante                                            SISTEMAS                                                                                    REDES                                                                                    SOFTWARE                                                                                    CONSULRORIA EN SISTEMAS                                                                                    Auditoria", "tipo_contrato": "Contrato Indefinido", "nivel_educativo": "Universitaria", "categoria": "Profesional Senior", "sector": "Consultor\u00eda contable / Revisor\u00eda...", "experiencia": "3 a\u00f1os de experiencia", "id_empleo": "1884664128", "competencias": "SISTEMAS,REDES,SOFTWARE,CONSULRORIA EN SISTEMAS,Auditoria"}