{"url_empleo": "https://www.elempleo.com/co/ofertas-trabajo/programador-turnos-de-vigilancia/1884111462", "fecha_recuperacion": "2021-03-01-22-14", "titulo_oferta": "Programador turnos de vigilancia", "salario": "$1 a $1,5 millones", "ciudad": "Bogot\u00e1\r\n /                \r\n                  Otras", "fecha_publicacion": "Publicado 18 Feb 2021", "area": "Servicios Generales, Aseo y Vigi...", "num_vacantes": "1 Vacante", "profesion": "Bachillerato Acad\u00e9mico", "descripcion_general": "Descripci\u00f3n general                Multinacional L\u00edder en Soluciones de seguridad, requiere T\u00e9cnico \u00f3 Tecn\u00f3logo en carreras administrativas o de Gesti\u00f3n de Recursos Humanos. Conocimientos en PROGRAMACI\u00d3N DE TURNOS LABORALES PARA VIGILANCIA, N\u00d3MINA, y habilidades para realizar Manning de Operaciones de Aerol\u00edneas, novedades de personal y actividades relacionadas con el \u00e1rea. Experiencia m\u00ednima de un a\u00f1o desempe\u00f1ando cargos de similar complejidad preferiblemente en el SECTOR DE SEGURIDAD PRIVADA. Interesados aplicar por este medio \u00f3 enviar hoja de vida al correo: *******@*********.***.** indicando cargo para el cual aplica                    Multinacional L\u00edder en Soluciones de seguridad, requiere T\u00e9cnico \u00f3 Tecn\u00f3logo en carreras administrativas o de Gesti\u00f3n de Recursos Humanos. Conocimientos en PROGRAMACI\u00d3N DE TURNOS LABORALES PARA VIGILANCIA, N\u00d3MINA, y habilidades para realizar Manning de Operaciones de Aerol\u00edneas, novedades de personal y actividades relacionadas con el \u00e1rea. Experiencia m\u00ednima de un a\u00f1o desempe\u00f1ando cargos de similar complejidad preferiblemente en el SECTOR DE SEGURIDAD PRIVADA. Interesados aplicar por este medio \u00f3 enviar hoja de vida al correo: *******@*********.***.** indicando cargo para el cual aplica        Presentar Vigente y Original Todos los documentos soporte de la Hoja de Vida (Documentos de Identificaci\u00f3n, Formaci\u00f3n Acad\u00e9mica y Certificados laborales). Experiencia especifica en Temas de Gesti\u00f3n Humana. Competencias: Orientaci\u00f3n al cliente, iniciativa, compromiso, responsabilidad y trabajo en equipo.                Auxiliar, asistencial y otros                            T\u00e9cnico Laboral            Bachillerato Acad\u00e9mico2 a\u00f1os de experienciaAuxiliar                1                Vacante                            Requisitos para aplicar                                Presentar Vigente y Original Todos los documentos soporte de la Hoja de Vida (Documentos de Identificaci\u00f3n, Formaci\u00f3n Acad\u00e9mica y Certificados laborales). Experiencia especifica en Temas de Gesti\u00f3n Humana. Competencias: Orientaci\u00f3n al cliente, iniciativa, compromiso, responsabilidad y trabajo en equipo.                Competencias para la vacante", "tipo_contrato": "Contrato Otro", "nivel_educativo": "T\u00e9cnico Laboral", "categoria": "Auxiliar, asistencial y otros", "sector": "Vigilancia y seguridad", "experiencia": "2 a\u00f1os de experiencia", "id_empleo": "1884111462", "competencias": ""}