{"url_empleo": "https://www.elempleo.com/co/ofertas-trabajo/asesora-i-ciberseguridad-industrial-to-tecnologia-de-la-operacion/1884663557", "fecha_recuperacion": "2021-03-01-22-08", "titulo_oferta": "Asesor/a i ciberseguridad industrial to (tecnolog\u00eda de la operaci\u00f3n)", "salario": "$10 a $12,5 millones", "ciudad": "Bogot\u00e1", "fecha_publicacion": "Publicado 24 Feb 2021", "area": "Sistemas y Tecnolog\u00eda", "num_vacantes": "1 Vacante", "profesion": "Ingenier\u00eda de sistemas  Computaci\u00f3n", "descripcion_general": "Descripci\u00f3n general                Se requiere profesional en Ingenier\u00eda Electr\u00f3nica/ Ingenier\u00eda El\u00e9ctrica/Ingenier\u00eda Sistemas/Ingenier\u00eda Telecomunicaciones con el objetivo de asesorar y supervisar la implementaci\u00f3n del Programa de Ciberseguridad para los sistemas de control industrial de la infraestructura cr\u00edtica de transmisi\u00f3n, apoyando la definici\u00f3n y adopci\u00f3n de los procesos, tecnolog\u00edas y recursos requeridos para dar cumplimiento a la pol\u00edtica, modelo y est\u00e1ndares de la organizaci\u00f3n, con el fin de garantizar el nivel de protecci\u00f3n adecuado frente a posibles amenazas cibern\u00e9ticas. Deseable: Especializaci\u00f3n/Magister en: Ciberseguridad y Ciberdefensa - Ciberseguridad -  Ciencias de la Informaci\u00f3n y Telecomunicaciones TIC - Ingenier\u00eda de Sistemas - Ingenier\u00eda Electr\u00f3nica Experiencia en la gesti\u00f3n de riesgos de ciberseguridad industrial, gesti\u00f3n de infraestructura cr\u00edtica cibern\u00e9tica, gesti\u00f3n de tecnolog\u00edas de la operaci\u00f3n, definici\u00f3n e  implementaci\u00f3n de modelos y/o programas de ciberseguridad en entornos industriales Contrato a t\u00e9rmino fijo 9 meses                    Se requiere profesional en Ingenier\u00eda Electr\u00f3nica/ Ingenier\u00eda El\u00e9ctrica/Ingenier\u00eda Sistemas/Ingenier\u00eda Telecomunicaciones con el objetivo de asesorar y supervisar la implementaci\u00f3n del Programa de Ciberseguridad para los sistemas de control industrial de la infraestructura cr\u00edtica de transmisi\u00f3n, apoyando la definici\u00f3n y adopci\u00f3n de los procesos, tecnolog\u00edas y recursos requeridos para dar cumplimiento a la pol\u00edtica, modelo y est\u00e1ndares de la organizaci\u00f3n, con el fin de garantizar el nivel de protecci\u00f3n adecuado frente a posibles amenazas cibern\u00e9ticas. Deseable: Especializaci\u00f3n/Magister en: Ciberseguridad y Ciberdefensa - Ciberseguridad -  Ciencias de la Informaci\u00f3n y Telecomunicaciones TIC - Ingenier\u00eda de Sistemas - Ingenier\u00eda Electr\u00f3nica Experiencia en la gesti\u00f3n de riesgos de ciberseguridad industrial, gesti\u00f3n de infraestructura cr\u00edtica cibern\u00e9tica, gesti\u00f3n de tecnolog\u00edas de la operaci\u00f3n, definici\u00f3n e  implementaci\u00f3n de modelos y/o programas de ciberseguridad en entornos industriales Contrato a t\u00e9rmino fijo 9 meses                            Coordinador supervisor o especialista                            Universitaria            Ingenier\u00eda de sistemas  Computaci\u00f3nIngenier\u00eda electr\u00f3nicaIngenier\u00eda de telecomunicaciones6 a\u00f1os de experiencia                1                Vacante            Competencias para la vacante                                            Infraestructuras cr\u00edticas                                                                                    Sistemas de control industrial                                                                                    Protocolos industriales                                                                                    Ciberseguridad                                                                                    Gesti\u00f3n de Riesgos                                                                                    SCADA                                                                                    IEC 62443                                                                                    NIST                                                                                    NERC                                                                                    Gesti\u00f3n de Activos", "tipo_contrato": "Contrato Definido", "nivel_educativo": "Universitaria", "categoria": "Coordinador supervisor o especialista", "sector": "Energ\u00eda el\u00e9ctrica", "experiencia": "6 a\u00f1os de experiencia", "id_empleo": "1884663557", "competencias": "Infraestructuras cr\u00edticas,Sistemas de control industrial,Protocolos industriales,Ciberseguridad,Gesti\u00f3n de Riesgos,SCADA,IEC 62443,NIST,NERC,Gesti\u00f3n de Activos"}