{"url_empleo": "https://www.elempleo.com/co/ofertas-trabajo/aireologo/1884636414", "fecha_recuperacion": "2021-03-01-22-15", "titulo_oferta": "Aireologo", "salario": "$1,5 a $2 millones", "ciudad": "Bogot\u00e1", "fecha_publicacion": "Publicado 18 Feb 2021", "area": "Distribuci\u00f3n o log\u00edstica de Tran...", "num_vacantes": "1 Vacante", "profesion": "T\u00e9cnico de Mantenimiento", "descripcion_general": "Descripci\u00f3n general                Importante empresa de transporte requiere para su equipo de trabajo una persona para el cargo de AIREOLOGO, quien desempe\u00f1ara funciones como: Reparar, mantener y reemplazar los componentes del sistema de aire de los veh\u00edculos de la compa\u00f1\u00eda,  garantizando su buen funcionamiento, la calidad de las reparaciones y la seguridad de los veh\u00edculos, efectuar el diagn\u00f3stico del sistema de aire de los veh\u00edculos,  reemplazar los componentes del sistema de aire de los veh\u00edculos que presenten fallas, entre otras.SALARIO: 140.000 + 450.000 (Bono por resultados)CONTRATO: Indefinido directamente con la compa\u00f1ia.                    Importante empresa de transporte requiere para su equipo de trabajo una persona para el cargo de AIREOLOGO, quien desempe\u00f1ara funciones como: Reparar, mantener y reemplazar los componentes del sistema de aire de los veh\u00edculos de la compa\u00f1\u00eda,  garantizando su buen funcionamiento, la calidad de las reparaciones y la seguridad de los veh\u00edculos, efectuar el diagn\u00f3stico del sistema de aire de los veh\u00edculos,  reemplazar los componentes del sistema de aire de los veh\u00edculos que presenten fallas, entre otras.SALARIO: 140.000 + 450.000 (Bono por resultados)CONTRATO: Indefinido directamente con la compa\u00f1ia.                            Auxiliar, asistencial y otros                            T\u00e9cnico Laboral            T\u00e9cnico de Mantenimiento2 a\u00f1os de experiencia                1                Vacante            Competencias para la vacante                                            aireologo                                                                                    mecanica                                                                                    mantenimiento", "tipo_contrato": "Contrato Indefinido", "nivel_educativo": "T\u00e9cnico Laboral", "categoria": "Auxiliar, asistencial y otros", "sector": "Transporte", "experiencia": "2 a\u00f1os de experiencia", "id_empleo": "1884636414", "competencias": "aireologo,mecanica,mantenimiento"}