{"url_empleo": "https://www.elempleo.com/co/ofertas-trabajo/administrador-de-restaurante/1884595638", "fecha_recuperacion": "2021-03-01-22-15", "titulo_oferta": "Administrador de restaurante", "salario": "$1 a $1,5 millones", "ciudad": "Medell\u00edn", "fecha_publicacion": "Publicado 18 Feb 2021", "area": "Administrativa y Financiera", "num_vacantes": "1 Vacante", "profesion": "Administraci\u00f3n de empresas", "descripcion_general": "Descripci\u00f3n general                Importante marca de la ciudad requiere para su operaci\u00f3n, administrador que este a cargo del restaurante, dedicado a la preparaci\u00f3n de alimentos y bebidas. En tal sentido, planifica, dirige, organiza, controlan y eval\u00faa su operatividad de manera integral. Sus principales responsabilidades son satisfacci\u00f3n al cliente, generar rentabilidad y ser eficientes. Debe contar con disponibilidad de laborar todos los d\u00edas de la semana con el descanso respectivo.                    Importante marca de la ciudad requiere para su operaci\u00f3n, administrador que este a cargo del restaurante, dedicado a la preparaci\u00f3n de alimentos y bebidas. En tal sentido, planifica, dirige, organiza, controlan y eval\u00faa su operatividad de manera integral. Sus principales responsabilidades son satisfacci\u00f3n al cliente, generar rentabilidad y ser eficientes. Debe contar con disponibilidad de laborar todos los d\u00edas de la semana con el descanso respectivo.                            Profesional                            T\u00e9cnico Laboral            Administraci\u00f3n de empresasTecnolog\u00eda en Gesti\u00f3n AdministrativaTecnolog\u00eda En Gesti\u00f3n De Servicios Gastron\u00f3micos3 a\u00f1os de experiencia                1                Vacante            Competencias para la vacante                                            administracion                                                                                    gerente                                                                                    restaurantes                                                                                    alimentos y bebidas", "tipo_contrato": "Contrato Indefinido", "nivel_educativo": "T\u00e9cnico Laboral", "categoria": "Profesional", "sector": "Alimentos / Bebidas", "experiencia": "3 a\u00f1os de experiencia", "id_empleo": "1884595638", "competencias": "administracion,gerente,restaurantes,alimentos y bebidas"}