{"url_empleo": "https://www.elempleo.com/co/ofertas-trabajo/lider-front-office-en-bucaramanga/1884510994", "fecha_recuperacion": "2021-03-01-22-14", "titulo_oferta": "L\u00edder front office en bucaramanga", "salario": "$4 a $4,5 millones", "ciudad": "Floridablanca", "fecha_publicacion": "Publicado 19 Feb 2021", "area": "Administrativa y Financiera", "num_vacantes": "1 Vacante", "profesion": "Otra", "descripcion_general": "Descripci\u00f3n general                Se requiere Profesional en Administraci\u00f3n de empresas, Administraci\u00f3n/Ingenier\u00eda financiera, Contadur\u00eda, Econom\u00eda o afines, con especializaci\u00f3n en finanzas o temas relacionados, experiencia de m\u00ednimo 3 a\u00f1os en \u00e1reas de tesorer\u00eda, relacionamiento para la negociaci\u00f3n o \u201ctrading\u201d, identificaci\u00f3n, medici\u00f3n y control del riesgo de mercado, del cumplimiento y del registro de las operaciones de tesorer\u00eda, an\u00e1lisis de operaciones con renta fija/variable y aquellos indexados a una tasa o \u00edndice de referencia, realizar an\u00e1lisis de estad\u00edsticos y de divisas  que permitan visualizar e identificar el mejor escenario de compra y venta, que disminuya el riesgo frente a potenciales p\u00e9rdidas como producto de las volatilidades de los mercados, con alta capacidad de negociaci\u00f3n para facilitar  relacionamiento efectivo con fondeadores y dem\u00e1s stakeholders externos. Deseable que tambi\u00e9n haya tenido experiencia en bolsa. Indispensable total manejo de ingl\u00e9s.  Se garantiza laborar con una organizaci\u00f3n  de alto desarrollo social, contrato directo con la compa\u00f1\u00eda, excelentes ingresos para laborar en la hermosa ciudad de Bucaramanga.Fecha de contrataci\u00f3n: 15/05/2020Educaci\u00f3n m\u00ednima: Postgrado / Especializaci\u00f3nA\u00f1os de experiencia: 3Idiomas: Ingl\u00e9sDisponibilidad de viajar: NoDisponibilidad de cambio de residencia: No                    Se requiere Profesional en Administraci\u00f3n de empresas, Administraci\u00f3n/Ingenier\u00eda financiera, Contadur\u00eda, Econom\u00eda o afines, con especializaci\u00f3n en finanzas o temas relacionados, experiencia de m\u00ednimo 3 a\u00f1os en \u00e1reas de tesorer\u00eda, relacionamiento para la negociaci\u00f3n o \u201ctrading\u201d, identificaci\u00f3n, medici\u00f3n y control del riesgo de mercado, del cumplimiento y del registro de las operaciones de tesorer\u00eda, an\u00e1lisis de operaciones con renta fija/variable y aquellos indexados a una tasa o \u00edndice de referencia, realizar an\u00e1lisis de estad\u00edsticos y de divisas  que permitan visualizar e identificar el mejor escenario de compra y venta, que disminuya el riesgo frente a potenciales p\u00e9rdidas como producto de las volatilidades de los mercados, con alta capacidad de negociaci\u00f3n para facilitar  relacionamiento efectivo con fondeadores y dem\u00e1s stakeholders externos. Deseable que tambi\u00e9n haya tenido experiencia en bolsa. Indispensable total manejo de ingl\u00e9s.  Se garantiza laborar con una organizaci\u00f3n  de alto desarrollo social, contrato directo con la compa\u00f1\u00eda, excelentes ingresos para laborar en la hermosa ciudad de Bucaramanga.Fecha de contrataci\u00f3n: 15/05/2020Educaci\u00f3n m\u00ednima: Postgrado / Especializaci\u00f3nA\u00f1os de experiencia: 3Idiomas: Ingl\u00e9sDisponibilidad de viajar: NoDisponibilidad de cambio de residencia: No                            Profesional Senior                            Especializaci\u00f3n            OtraEspecializaci\u00f3n en Finanzas3 a\u00f1os de experienciaProfesional                1                Vacante            Competencias para la vacante                                            Otra                                                                                    tesorer\u00eda                                                                                    front office                                                                                    bolsa                                                                                    financiera                                                                                    fondeadores", "tipo_contrato": "Contrato Definido", "nivel_educativo": "Especializaci\u00f3n", "categoria": "Profesional Senior", "sector": "Otros", "experiencia": "3 a\u00f1os de experiencia", "id_empleo": "1884510994", "competencias": "Otra,tesorer\u00eda,front office,bolsa,financiera,fondeadores"}