{"url_empleo": "https://www.elempleo.com/co/ofertas-trabajo/ingeniero-de-desarrollo/1884621666", "fecha_recuperacion": "2021-03-01-22-14", "titulo_oferta": "Ingeniero de desarrollo", "salario": "Salario a convenir", "ciudad": "Bogot\u00e1", "fecha_publicacion": "Publicado 19 Feb 2021", "area": "Sistemas y Tecnolog\u00eda", "num_vacantes": "1 Vacante", "profesion": "Ingenier\u00eda de sistemas  Computaci\u00f3n", "descripcion_general": "Descripci\u00f3n general                OBJETIVO DEL CARGO: Dise\u00f1ar e implementar soluciones de desarrollo de software con los est\u00e1ndares de calidad establecidos para asegurar el cumplimiento de los requerimientos del cliente.EXPERIENCIA: M\u00ednimo 6 meses de experiencia en desarrollo de software.Conocimiento en: requerimos de TFS y C#, SQL Server, Programaci\u00f3n orientada a objetos, Web Services.                    OBJETIVO DEL CARGO: Dise\u00f1ar e implementar soluciones de desarrollo de software con los est\u00e1ndares de calidad establecidos para asegurar el cumplimiento de los requerimientos del cliente.EXPERIENCIA: M\u00ednimo 6 meses de experiencia en desarrollo de software.Conocimiento en: requerimos de TFS y C#, SQL Server, Programaci\u00f3n orientada a objetos, Web Services.                            Profesional                            Universitaria            Ingenier\u00eda de sistemas  Computaci\u00f3nIngenier\u00eca De SoftwareMenos de un a\u00f1o de experiencia                1                Vacante            Competencias para la vacante                                            Desarrollo de software", "tipo_contrato": "Contrato Indefinido", "nivel_educativo": "Universitaria", "categoria": "Profesional", "sector": "Seguridad social", "experiencia": "Menos de un a\u00f1o de experiencia", "id_empleo": "1884621666", "competencias": "Desarrollo de software"}