{"url_empleo": "https://www.elempleo.com/co/ofertas-trabajo/analista-servicios-convergentes-x/1884627017", "fecha_recuperacion": "2021-03-01-22-14", "titulo_oferta": "Analista servicios convergentes 7x24", "salario": "$1 a $1,5 millones", "ciudad": "Bogot\u00e1", "fecha_publicacion": "Publicado 19 Feb 2021", "area": "Sistemas y Tecnolog\u00eda", "num_vacantes": "1 Vacante", "profesion": "Tecn Sistemas  Computaci\u00f3n", "descripcion_general": "Descripci\u00f3n general                Requerimos ANALISTA SERVICIOS CONVERGENTES;  T\u00e9cnico o Tecn\u00f3logo Electr\u00f3nico, de Telecomunicaciones, Sistemas, Telem\u00e1tico o Carreras afines, estudiante de \u00faltimos semestres de Ingenier\u00eda con  Ingles b\u00e1sico. Tiempo de Experiencia 1 a\u00f1o. Certificaciones Vigentes  Conocimientos Espec\u00edficos \u00a7\u00a0 Conocimiento de est\u00e1ndares y regulaci\u00f3n para la prestaci\u00f3n de servicios de telecomunicaciones.\u00a7\u00a0 Conocimiento de redes y servicios m\u00f3viles (RAN, Backhaul M\u00f3vil, HLR, 4G, Verticales).\u00a7\u00a0 Conocimiento de redes de comunicaciones de datos LAN (WiFi, Lan Gestionada), WAN, protocolos IP, FR, ATM, MPLS,  Conectividad (ADSL, Satelital), Voz (ToIP, LB), seguridad Salario: 1.000.000 mas bono de desempe\u00f1o por un valor de $ 300.000Horario 7x24                    Requerimos ANALISTA SERVICIOS CONVERGENTES;  T\u00e9cnico o Tecn\u00f3logo Electr\u00f3nico, de Telecomunicaciones, Sistemas, Telem\u00e1tico o Carreras afines, estudiante de \u00faltimos semestres de Ingenier\u00eda con  Ingles b\u00e1sico. Tiempo de Experiencia 1 a\u00f1o. Certificaciones Vigentes  Conocimientos Espec\u00edficos \u00a7\u00a0 Conocimiento de est\u00e1ndares y regulaci\u00f3n para la prestaci\u00f3n de servicios de telecomunicaciones.\u00a7\u00a0 Conocimiento de redes y servicios m\u00f3viles (RAN, Backhaul M\u00f3vil, HLR, 4G, Verticales).\u00a7\u00a0 Conocimiento de redes de comunicaciones de datos LAN (WiFi, Lan Gestionada), WAN, protocolos IP, FR, ATM, MPLS,  Conectividad (ADSL, Satelital), Voz (ToIP, LB), seguridad Salario: 1.000.000 mas bono de desempe\u00f1o por un valor de $ 300.000Horario 7x24                            Profesional Junior                            Tecnol\u00f3gica            Tecn Sistemas  Computaci\u00f3nTecn Electr\u00f3nico1 a\u00f1o de experiencia                1                Vacante            Competencias para la vacante                                            Certificaci\u00f3n CCNA                                                                                    LAN                                                                                    wan                                                                                    ip                                                                                    datacenter", "tipo_contrato": "", "nivel_educativo": "Tecnol\u00f3gica", "categoria": "Profesional Junior", "sector": "Otros", "experiencia": "1 a\u00f1o de experiencia", "id_empleo": "1884627017", "competencias": "Certificaci\u00f3n CCNA,LAN,wan,ip,datacenter"}