{"url_empleo": "https://www.elempleo.com/co/ofertas-trabajo/auxiliar-de-facturacion/1884668986", "fecha_recuperacion": "2021-03-01-22-17", "titulo_oferta": "Auxiliar de facturaci\u00f3n", "salario": "$1 a $1,5 millones", "ciudad": "Bogot\u00e1", "fecha_publicacion": "Publicado 17 Feb 2021", "area": "Contabilidad: cartera y costos", "num_vacantes": "1 Vacante", "profesion": "Contadur\u00eda", "descripcion_general": "Descripci\u00f3n general                Constructora Marval requiere T\u00e9cnico, Tecn\u00f3logo o Estudiante de m\u00ednimo 4to semestre de Ingenier\u00eda Industrial, Administraci\u00f3n de Empresas, Contadur\u00eda o carreras afines. Experiencia m\u00ednima de 1 a\u00f1o  como auxiliar de facturaci\u00f3n o auxiliar en \u00e1reas administrativas, compras, de almacen o bodega. Indispensable manejo intermedio de excel. FUNCIONES - Revisar cuadros comparativos enviados por los departamentos junto con el analista de compras, para identificar las mejores alternativas en t\u00e9rminos de precio,  cumplimiento y calidad.- Generar \u00f3rdenes de compra O4, O5, O7, O8 y O9, seg\u00fan sea el caso y generar las  posteriores entradas de almac\u00e9n correspondientes. - Realizar junto con las \u00e1reas solicitantes el seguimiento a los despachos de los productos solicitados - Realizar recepci\u00f3n y revisi\u00f3n de facturas de proveedores y cortes de obra.- Recibir facturas y contratos, revisando que cumpla con los requisitos m\u00ednimos  establecidos en el procedimiento de recepci\u00f3n.-Alimentar el archivo de control de recepci\u00f3n de facturas y su posterior digitalizaci\u00f3n en el software de la empresa.- Distribuir las facturas a las \u00e1reas competentes para su respectiva autorizaci\u00f3n y contabilizaci\u00f3n, realizar seguimiento y control.. Efectuar devoluci\u00f3n de facturas de acuerdo al procedimiento establecido,  actualizando el control de recepci\u00f3n de las mismas en el respectivo software.- Dar soporte al \u00e1rea durante los cierres contables mensuales y anuales, garantizando  el control de recepci\u00f3n de las facturas y apoyando los procesos de contabilizaci\u00f3n pertinentes.                    Constructora Marval requiere T\u00e9cnico, Tecn\u00f3logo o Estudiante de m\u00ednimo 4to semestre de Ingenier\u00eda Industrial, Administraci\u00f3n de Empresas, Contadur\u00eda o carreras afines. Experiencia m\u00ednima de 1 a\u00f1o  como auxiliar de facturaci\u00f3n o auxiliar en \u00e1reas administrativas, compras, de almacen o bodega. Indispensable manejo intermedio de excel. FUNCIONES - Revisar cuadros comparativos enviados por los departamentos junto con el analista de compras, para identificar las mejores alternativas en t\u00e9rminos de precio,  cumplimiento y calidad.- Generar \u00f3rdenes de compra O4, O5, O7, O8 y O9, seg\u00fan sea el caso y generar las  posteriores entradas de almac\u00e9n correspondientes. - Realizar junto con las \u00e1reas solicitantes el seguimiento a los despachos de los productos solicitados - Realizar recepci\u00f3n y revisi\u00f3n de facturas de proveedores y cortes de obra.- Recibir facturas y contratos, revisando que cumpla con los requisitos m\u00ednimos  establecidos en el procedimiento de recepci\u00f3n.-Alimentar el archivo de control de recepci\u00f3n de facturas y su posterior digitalizaci\u00f3n en el software de la empresa.- Distribuir las facturas a las \u00e1reas competentes para su respectiva autorizaci\u00f3n y contabilizaci\u00f3n, realizar seguimiento y control.. Efectuar devoluci\u00f3n de facturas de acuerdo al procedimiento establecido,  actualizando el control de recepci\u00f3n de las mismas en el respectivo software.- Dar soporte al \u00e1rea durante los cierres contables mensuales y anuales, garantizando  el control de recepci\u00f3n de las facturas y apoyando los procesos de contabilizaci\u00f3n pertinentes.                            Auxiliar, asistencial y otros                            T\u00e9cnico Laboral            Contadur\u00edaIngenier\u00eda industrialAdministraci\u00f3n de empresas1 a\u00f1o de experiencia                1                Vacante            Competencias para la vacante                                            Facturacion                                                                                    auxiliar", "tipo_contrato": "Contrato Por obra o labor", "nivel_educativo": "T\u00e9cnico Laboral", "categoria": "Auxiliar, asistencial y otros", "sector": "Construcci\u00f3n", "experiencia": "1 a\u00f1o de experiencia", "id_empleo": "1884668986", "competencias": "Facturacion,auxiliar"}