{"url_empleo": "https://www.elempleo.com/co/ofertas-trabajo/ingeniero-experto-en-ciberseguridad-para-expatriarse/1884416885", "fecha_recuperacion": "2021-03-01-22-08", "titulo_oferta": "Ingeniero experto en ciberseguridad para expatriarse", "salario": "Salario a convenir", "ciudad": "Bogot\u00e1", "fecha_publicacion": "Publicado 23 Feb 2021", "area": "Sistemas y Tecnolog\u00eda", "num_vacantes": "1 Vacante", "profesion": "Ingenier\u00eda de sistemas  Computaci\u00f3n", "descripcion_general": "Descripci\u00f3n general                Buscamos para uno de nuestros clientes, un ingeniero Experiencia de desarrollo en m\u00faltiples lenguajes y marcos de programaci\u00f3n con las siguientes competencias t\u00e9cnicas para trabajar en otro pa\u00eds:\u2022 Buena comprensi\u00f3n de la seguridad del software.\u2022 Buena comprensi\u00f3n del desarrollo de software moderno y \u00e1gil.\u2022 Ciclo de vida de desarrollo de software seguro (SDLC seguro)\u2022 Revisiones de c\u00f3digo\u2022 Modelado de amenazas\u2022 OWASP / BSIMM o \"marcos\" similares para la seguridad del software\u2022 C\u00f3digo est\u00e1tico / din\u00e1mico / interactivo y herramientas y procesos de an\u00e1lisis de tercerosRequisitos y responsabilidades de las pruebas de penetraci\u00f3n:\u2022\tPruebas de penetraci\u00f3n\u2022 Capacidad para evaluar e implementar herramientas de prueba y metodolog\u00eda de prueba, implementando las correctas como parte de la planificaci\u00f3n para identificar vulnerabilidades que las herramientas automatizadas pueden no ver.\u2022 Tomar la iniciativa en la respuesta a incidentes de seguridad y privacidad ante incidentes, trabajando con los equipos de productos e infraestructura para garantizar tanto una respuesta t\u00e9cnica adecuada como asegurar que las actividades relacionadas con la normativa se ejecuten seg\u00fan sea necesario.\u2022 Seguridad en la nube\u2022 DevSecOps\u2022 Marcos y controles de seguridad nativos en la nube\u2022 Experiencia pr\u00e1ctica en la construcci\u00f3n de soluciones seguras a gran escala basadas en la nube\u2022 Sistemas integrados, IoT y ataques basados ??en hardware.\u2022 Criptograf\u00eda                    Buscamos para uno de nuestros clientes, un ingeniero Experiencia de desarrollo en m\u00faltiples lenguajes y marcos de programaci\u00f3n con las siguientes competencias t\u00e9cnicas para trabajar en otro pa\u00eds:\u2022 Buena comprensi\u00f3n de la seguridad del software.\u2022 Buena comprensi\u00f3n del desarrollo de software moderno y \u00e1gil.\u2022 Ciclo de vida de desarrollo de software seguro (SDLC seguro)\u2022 Revisiones de c\u00f3digo\u2022 Modelado de amenazas\u2022 OWASP / BSIMM o \"marcos\" similares para la seguridad del software\u2022 C\u00f3digo est\u00e1tico / din\u00e1mico / interactivo y herramientas y procesos de an\u00e1lisis de tercerosRequisitos y responsabilidades de las pruebas de penetraci\u00f3n:\u2022\tPruebas de penetraci\u00f3n\u2022 Capacidad para evaluar e implementar herramientas de prueba y metodolog\u00eda de prueba, implementando las correctas como parte de la planificaci\u00f3n para identificar vulnerabilidades que las herramientas automatizadas pueden no ver.\u2022 Tomar la iniciativa en la respuesta a incidentes de seguridad y privacidad ante incidentes, trabajando con los equipos de productos e infraestructura para garantizar tanto una respuesta t\u00e9cnica adecuada como asegurar que las actividades relacionadas con la normativa se ejecuten seg\u00fan sea necesario.\u2022 Seguridad en la nube\u2022 DevSecOps\u2022 Marcos y controles de seguridad nativos en la nube\u2022 Experiencia pr\u00e1ctica en la construcci\u00f3n de soluciones seguras a gran escala basadas en la nube\u2022 Sistemas integrados, IoT y ataques basados ??en hardware.\u2022 Criptograf\u00eda                            Coordinador supervisor o especialista                            Especializaci\u00f3n            Ingenier\u00eda de sistemas  Computaci\u00f3nIngenier\u00eda el\u00e9ctricaIngenier\u00eda electr\u00f3nicaIngenier\u00eda de telecomunicacionesIngenier\u00eda de redes y telecomunicaciones9 a\u00f1os de experiencia                1                Vacante            Competencias para la vacante                                            Ciberseguridad", "tipo_contrato": "Contrato Indefinido", "nivel_educativo": "Especializaci\u00f3n", "categoria": "Coordinador supervisor o especialista", "sector": "Otros (Telecomunicaciones)", "experiencia": "9 a\u00f1os de experiencia", "id_empleo": "1884416885", "competencias": "Ciberseguridad"}