{"url_empleo": "https://www.elempleo.com/co/ofertas-trabajo/profesional-de-aseguramiento-de-informatica/1884552819", "fecha_recuperacion": "2021-03-01-22-02", "titulo_oferta": "Profesional de aseguramiento de informatica", "salario": "$3 a $3,5 millones", "ciudad": "Bogot\u00e1", "fecha_publicacion": "Publicado 1 Mar 2021", "area": "Sistemas", "num_vacantes": "1 Vacante", "profesion": "Ingenier\u00eda de sistemas  Computaci\u00f3n", "descripcion_general": "Descripci\u00f3n general                Si eres Cercano, apasionado, Innovador, Positivo y sabio\u2026 Esta es la oportunidad del \u00a1Siempre se Puede!: En Banco Popular nos encontramos en la B\u00fasqueda de Talentos Populares para ocupar el cargo de Profesional de Aseguramiento de Informatica. Lo que necesitas para ser un Talento Popular: Profesional Graduado en Ingenier\u00eda de sistemas, Ingeniero Electr\u00f3nica y/o afines, con \u00e9nfasis o especializaci\u00f3n en Seguridad, indispensable contar con tarjeta profesional. Experiencia m\u00ednima de dos (2) a\u00f1os en seguridad de la informaci\u00f3n o administraci\u00f3n de plataformas de seguridad, gesti\u00f3n de incidentes, analisis forense, manejo de base de datos, conocimientos avanzados de protocolos de red (Modelo OSI, TCP/IP). Conocimientos avanzados en gesti\u00f3n de amenazas, vulnerabilidades y ataques inform\u00e1ticos de red, conocimiento general en ISO 27001.  Horario de oficina de lunes a viernes, horarios flexibles. Salario de $2.680.000 a $3.689.000 m\u00e1s beneficios del banco como primas extralegales, auxilio de alimentaci\u00f3n, auxilio de transporte, prima de vacaciones, entre otros ben\u00e9ficos. Contrato a t\u00e9rmino indefinido.  Te esperamos\u2026 \u00a1Juntos Lograremos ser el Banco principal de nuestros clientes!                    Si eres Cercano, apasionado, Innovador, Positivo y sabio\u2026 Esta es la oportunidad del \u00a1Siempre se Puede!: En Banco Popular nos encontramos en la B\u00fasqueda de Talentos Populares para ocupar el cargo de Profesional de Aseguramiento de Informatica. Lo que necesitas para ser un Talento Popular: Profesional Graduado en Ingenier\u00eda de sistemas, Ingeniero Electr\u00f3nica y/o afines, con \u00e9nfasis o especializaci\u00f3n en Seguridad, indispensable contar con tarjeta profesional. Experiencia m\u00ednima de dos (2) a\u00f1os en seguridad de la informaci\u00f3n o administraci\u00f3n de plataformas de seguridad, gesti\u00f3n de incidentes, analisis forense, manejo de base de datos, conocimientos avanzados de protocolos de red (Modelo OSI, TCP/IP). Conocimientos avanzados en gesti\u00f3n de amenazas, vulnerabilidades y ataques inform\u00e1ticos de red, conocimiento general en ISO 27001.  Horario de oficina de lunes a viernes, horarios flexibles. Salario de $2.680.000 a $3.689.000 m\u00e1s beneficios del banco como primas extralegales, auxilio de alimentaci\u00f3n, auxilio de transporte, prima de vacaciones, entre otros ben\u00e9ficos. Contrato a t\u00e9rmino indefinido.  Te esperamos\u2026 \u00a1Juntos Lograremos ser el Banco principal de nuestros clientes!                            Profesional                            Especializaci\u00f3n            Ingenier\u00eda de sistemas  Computaci\u00f3nIngenier\u00eda electr\u00f3nicaIngenier\u00eda de telecomunicaciones2 a\u00f1os de experiencia                1                Vacante            Competencias para la vacante                                            Seguridad informatica                                                                                    Windows                                                                                    Linux", "tipo_contrato": "Contrato Indefinido", "nivel_educativo": "Especializaci\u00f3n", "categoria": "Profesional", "sector": "Banca", "experiencia": "2 a\u00f1os de experiencia", "id_empleo": "1884552819", "competencias": "Seguridad informatica,Windows,Linux"}