{"url_empleo": "https://www.elempleo.com/co/ofertas-trabajo/analista-de-control-de-inventarios/1884633398", "fecha_recuperacion": "2021-03-01-22-09", "titulo_oferta": "Analista de control de inventarios", "salario": "$1,5 a $2 millones", "ciudad": "Bogot\u00e1", "fecha_publicacion": "Publicado 23 Feb 2021", "area": "Compras e Inventarios", "num_vacantes": "1 Vacante", "profesion": "Administraci\u00f3n de servicios", "descripcion_general": "Descripci\u00f3n general                Importante grupo log\u00edstico empresa APP LAIKA, requiere para su equipo de trabajo tecn\u00f3logo, o estudiante en administraci\u00f3n de empresa, Ingenier\u00eda  Industrial  o carreras afines para el cargo de Analista de inventarios debe ser una personal de  que tenga Adaptaci\u00f3n al cambio, eficiencia, calidad en el trabajo, responsabilidad, cumplimiento en la entrega de trabajos, relaciones interpersonales, esp\u00edritu de servicio y trabajo en equipo.\u2022 Diligente y proactivo.\u2022 Habilidades de Planeaci\u00f3n y Control de Operaciones Log\u00edsticas, que sea LIDER.FUNCIONES \u2022 Manejo  EXCEL avanzado.\u2022 Conciliaci\u00f3n de Inventarios\u2022 Transacciones en sistemas de informaci\u00f3n\u2022 Organizaci\u00f3n y Programaci\u00f3n de Inventarios C\u00edclicos\u2022 Organizaci\u00f3n y Programaci\u00f3n de Inventarios F\u00edsicos\u2022 Atenci\u00f3n de Auditor\u00edas por \u00e1reas de Control Interno/Externo\u2022 Conocimientos t\u00e9cnicos de procesos en Bodega: Recibo de mercanc\u00eda, almacenamiento, alistamiento (picking), empaque (packing), despacho y entrega a Clientes.\u2022 Conocimiento, manejo y aplicaci\u00f3n de Indicadores: - Rotaci\u00f3n de mercanc\u00eda - Duraci\u00f3n del inventario - Vejez del inventario - Valor econ\u00f3mico del inventario - Exactitud del inventario - Cubrimiento de Inventarios - Otros\u2022 Conocimiento y manejo de costos log\u00edsticos                    Importante grupo log\u00edstico empresa APP LAIKA, requiere para su equipo de trabajo tecn\u00f3logo, o estudiante en administraci\u00f3n de empresa, Ingenier\u00eda  Industrial  o carreras afines para el cargo de Analista de inventarios debe ser una personal de  que tenga Adaptaci\u00f3n al cambio, eficiencia, calidad en el trabajo, responsabilidad, cumplimiento en la entrega de trabajos, relaciones interpersonales, esp\u00edritu de servicio y trabajo en equipo.\u2022 Diligente y proactivo.\u2022 Habilidades de Planeaci\u00f3n y Control de Operaciones Log\u00edsticas, que sea LIDER.FUNCIONES \u2022 Manejo  EXCEL avanzado.\u2022 Conciliaci\u00f3n de Inventarios\u2022 Transacciones en sistemas de informaci\u00f3n\u2022 Organizaci\u00f3n y Programaci\u00f3n de Inventarios C\u00edclicos\u2022 Organizaci\u00f3n y Programaci\u00f3n de Inventarios F\u00edsicos\u2022 Atenci\u00f3n de Auditor\u00edas por \u00e1reas de Control Interno/Externo\u2022 Conocimientos t\u00e9cnicos de procesos en Bodega: Recibo de mercanc\u00eda, almacenamiento, alistamiento (picking), empaque (packing), despacho y entrega a Clientes.\u2022 Conocimiento, manejo y aplicaci\u00f3n de Indicadores: - Rotaci\u00f3n de mercanc\u00eda - Duraci\u00f3n del inventario - Vejez del inventario - Valor econ\u00f3mico del inventario - Exactitud del inventario - Cubrimiento de Inventarios - Otros\u2022 Conocimiento y manejo de costos log\u00edsticos                            Auxiliar, asistencial y otros                            Tecnol\u00f3gica            Administraci\u00f3n de serviciosProfesional en log\u00edsticaT\u00e9cnico en Log\u00edsticaTecnolog\u00eda En Gesti\u00f3n ComercialTecnolog\u00eda En Comercio Internacional1 a\u00f1o de experiencia                1                Vacante            Competencias para la vacante                                            ANALISTA DE INVENTARIOS                                                                                    COORDINADOR DE INVENTARIOS", "tipo_contrato": "Contrato Indefinido", "nivel_educativo": "Tecnol\u00f3gica", "categoria": "Auxiliar, asistencial y otros", "sector": "Alimentos para animales", "experiencia": "1 a\u00f1o de experiencia", "id_empleo": "1884633398", "competencias": "ANALISTA DE INVENTARIOS,COORDINADOR DE INVENTARIOS"}