{"url_empleo": "https://www.elempleo.com/co/ofertas-trabajo/analista-de-trafico/1884534948", "fecha_recuperacion": "2021-03-01-22-09", "titulo_oferta": "Analista de tr\u00e1fico", "salario": "Salario a convenir", "ciudad": "Medell\u00edn", "fecha_publicacion": "Publicado 23 Feb 2021", "area": "Log\u00edstica y Distribuci\u00f3n", "num_vacantes": "1 Vacante", "profesion": "Tecnolog\u00eda en Gesti\u00f3n Administra...", "descripcion_general": "Descripci\u00f3n general                Buscamos para nuestro equipo de trabajo en la unidad de transporte Analistas de tr\u00e1fico quienes tienen como principal misi\u00f3n en su cargo programar rutas de entrega en distribuci\u00f3n secundaria y realizar seguimiento de la flota de distribuci\u00f3n primaria y secundaria a nivel nacional brindando, asesor\u00eda para la soluci\u00f3n de novedades, y registrar el reporte de eventos con el fin de contribuir al cumplimiento de los cargues de producto terminado para la distribuci\u00f3n secundaria y los itinerarios de viajes.Debe contar con estudios tecnol\u00f3gicos en \u00e1reas como log\u00edstica, industrial y/o administraci\u00f3n, contar con m\u00ednimo 6 meses de experiencia certificada en funciones relacionadas con procesos log\u00edsticos.INDISPENSABLE tener disponibilidad de tiempo para rotar turnos de trabajo, as\u00ed como disponibilidad para laborar domingos y festivos, lugar de residencia Medell\u00edn y/o municipios del \u00e1rea metropolitana.                    Buscamos para nuestro equipo de trabajo en la unidad de transporte Analistas de tr\u00e1fico quienes tienen como principal misi\u00f3n en su cargo programar rutas de entrega en distribuci\u00f3n secundaria y realizar seguimiento de la flota de distribuci\u00f3n primaria y secundaria a nivel nacional brindando, asesor\u00eda para la soluci\u00f3n de novedades, y registrar el reporte de eventos con el fin de contribuir al cumplimiento de los cargues de producto terminado para la distribuci\u00f3n secundaria y los itinerarios de viajes.Debe contar con estudios tecnol\u00f3gicos en \u00e1reas como log\u00edstica, industrial y/o administraci\u00f3n, contar con m\u00ednimo 6 meses de experiencia certificada en funciones relacionadas con procesos log\u00edsticos.INDISPENSABLE tener disponibilidad de tiempo para rotar turnos de trabajo, as\u00ed como disponibilidad para laborar domingos y festivos, lugar de residencia Medell\u00edn y/o municipios del \u00e1rea metropolitana.                            Profesional Junior                            Tecnol\u00f3gica            Tecnolog\u00eda en Gesti\u00f3n Administrativa1 a\u00f1o de experiencia                1                Vacante            Competencias para la vacante                                            Log\u00edstica                                                                                    Tr\u00e1fico", "tipo_contrato": "Contrato Definido", "nivel_educativo": "Tecnol\u00f3gica", "categoria": "Profesional Junior", "sector": "Transporte", "experiencia": "1 a\u00f1o de experiencia", "id_empleo": "1884534948", "competencias": "Log\u00edstica,Tr\u00e1fico"}