{"url_empleo": "https://www.elempleo.com/co/ofertas-trabajo/abogado/1884661052", "fecha_recuperacion": "2021-03-01-22-03", "titulo_oferta": "Abogado", "salario": "Salario a convenir", "ciudad": "Bogot\u00e1", "fecha_publicacion": "Publicado 26 Feb 2021", "area": "Jur\u00eddica", "num_vacantes": "1 Vacante", "profesion": "Derecho Abogado", "descripcion_general": "Descripci\u00f3n general                Quintero y Quintero Asesores, se encuentra en la b\u00fasqueda de un abogado(a) pilo y pro activo, con alguna experiencia en derecho laboral, que se caracterice por ser una persona muy organizada, responsable, con disponibilidad para viajar y habilidades de comunicaci\u00f3n y empat\u00eda.   La contrataci\u00f3n ser\u00e1 a t\u00e9rmino indefinido con todas las prestaciones de ley. Salario a convenir de acuerdo al perfil y resultado del proceso de selecci\u00f3n.  Indispensable acreditar promedio acad\u00e9mico general acumulado en pregado de 4.0.   Ideal contar con especializaci\u00f3n en derecho laboral ya culminada o en curso . (no es requisito)  Si cumples con el perfil por favor remitir tu hoja de vida y tus notas de pregado y postgrado (si aplica) al correo electr\u00f3nico: ***@*****************.***            Quintero y Quintero Asesores, se encuentra en la b\u00fasqueda de un abogado(a) pilo y pro activo, con alguna experiencia en derecho laboral, que se caracterice por ser una persona muy organizada, responsable, con disponibilidad para viajar y habilidades de comunicaci\u00f3n y empat\u00eda.   La contrataci\u00f3n ser\u00e1 a t\u00e9rmino indefinido con todas las prestaciones de ley. Salario a convenir de acuerdo al perfil y resultado del proceso de selecci\u00f3n.  Indispensable acreditar promedio acad\u00e9mico general acumulado en pregado de 4.0.   Ideal contar con especializaci\u00f3n en derecho laboral ya culminada o en curso . (no es requisito)  Si cumples con el perfil por favor remitir tu hoja de vida y tus notas de pregado y postgrado (si aplica) al correo electr\u00f3nico: ***@*****************.***                Profesional                            Universitaria            Derecho Abogado1 a\u00f1o de experiencia                1                Vacante            Competencias para la vacante                                            Abogado laboral", "tipo_contrato": "Contrato Indefinido", "nivel_educativo": "Universitaria", "categoria": "Profesional", "sector": "Otros servicios", "experiencia": "1 a\u00f1o de experiencia", "id_empleo": "1884661052", "competencias": "Abogado laboral"}