{"url_empleo": "https://www.elempleo.com/co/ofertas-trabajo/administrador-cloud-azure/1884551063", "fecha_recuperacion": "2021-03-01-22-10", "titulo_oferta": "Administrador cloud azure", "salario": "$3 a $3,5 millones", "ciudad": "Bogot\u00e1", "fecha_publicacion": "Publicado 23 Feb 2021", "area": "Sistemas y Tecnolog\u00eda", "num_vacantes": "1 Vacante", "profesion": "Ingenier\u00eda de sistemas  Computaci\u00f3n", "descripcion_general": "Descripci\u00f3n general                Nos encontramos en la b\u00fasqueda de un Administrador de plataforma Cloud (Azure)Requisitos + 1 a\u00f1o de experiencia administrando plataforma de la nube+ 1 a\u00f1o de experiencia con networking + 1 a\u00f1o de experiencia en Infraestructura Nivel de ingl\u00e9s avanzado                    Nos encontramos en la b\u00fasqueda de un Administrador de plataforma Cloud (Azure)Requisitos + 1 a\u00f1o de experiencia administrando plataforma de la nube+ 1 a\u00f1o de experiencia con networking + 1 a\u00f1o de experiencia en Infraestructura Nivel de ingl\u00e9s avanzado                            Profesional                            Universitaria            Ingenier\u00eda de sistemas  Computaci\u00f3nIngenier\u00eda electr\u00f3nica1 a\u00f1o de experiencia                1                Vacante            Competencias para la vacante                                            tecnologia                                                                                    nube", "tipo_contrato": "Contrato Indefinido", "nivel_educativo": "Universitaria", "categoria": "Profesional", "sector": "Productores y distribuidores de ...", "experiencia": "1 a\u00f1o de experiencia", "id_empleo": "1884551063", "competencias": "tecnologia,nube"}