{"url_empleo": "https://www.elempleo.com/co/ofertas-trabajo/tech-lead-python/1884639990", "fecha_recuperacion": "2021-03-01-22-05", "titulo_oferta": "Tech lead python", "salario": "$10 a $12,5 millones", "ciudad": "Medell\u00edn", "fecha_publicacion": "Publicado 25 Feb 2021", "area": "Sistemas y Tecnolog\u00eda", "num_vacantes": "1 Vacante", "profesion": "Ingenier\u00eda de sistemas  Computaci\u00f3n", "descripcion_general": "Descripci\u00f3n general                Description of the vacancy:We are searching for an innovative Technical Lead to join our company. Technical leads oversee an engineering team focused on technical issues, including software development, product releases, and implementing world class quality softwares. Assuring your project is following industry best practices. Great communication skills as an important part of your job is communicating with higher management to achieve company goals.  Along with the rest of tech leaders you will select the technical path of the company.  In addition to hiring and training staff, technical leads also identify and repair technical issues. They often evaluate their team's work processes and best practices and implement changes to streamline operations. As a role model for the engineering team, you should be able to work with your team and inspire them to reach their goals. Required skills:6+ years of experience in Python (+8 years of experience coding)Previous experience as a team leader.Experience with Python 3Serverless  microservicesExtensive experience with TDD is a must.Experience with TDD frameworks.Experience with AWS tools, S3.Experience with Scrum Desired Skills:Experience in Vuejs is a big plus Details:Level of education required: Associate\u2019s degree / Bachelor\u2019s degree Professional Card: NoDo you accept candidates with any disability conditions? YesRequired certifications: NoneYears of experience in activities related to the vacancy: 6+ years of experience in Python (+8 years of experience coding, 1 up to 5 years as a leader) City of the vacancy: Medell\u00edn o Bogot\u00e1Hours per week to work: 48Availability 7x24: NoRequired start date: DecemberRequires fluent English: Yes, C1Requires VISA: No Salary range: $11\u2019500.000 a $13\u2019000.000Type of contract: Indefinite                    Description of the vacancy:We are searching for an innovative Technical Lead to join our company. Technical leads oversee an engineering team focused on technical issues, including software development, product releases, and implementing world class quality softwares. Assuring your project is following industry best practices. Great communication skills as an important part of your job is communicating with higher management to achieve company goals.  Along with the rest of tech leaders you will select the technical path of the company.  In addition to hiring and training staff, technical leads also identify and repair technical issues. They often evaluate their team's work processes and best practices and implement changes to streamline operations. As a role model for the engineering team, you should be able to work with your team and inspire them to reach their goals. Required skills:6+ years of experience in Python (+8 years of experience coding)Previous experience as a team leader.Experience with Python 3Serverless  microservicesExtensive experience with TDD is a must.Experience with TDD frameworks.Experience with AWS tools, S3.Experience with Scrum Desired Skills:Experience in Vuejs is a big plus Details:Level of education required: Associate\u2019s degree / Bachelor\u2019s degree Professional Card: NoDo you accept candidates with any disability conditions? YesRequired certifications: NoneYears of experience in activities related to the vacancy: 6+ years of experience in Python (+8 years of experience coding, 1 up to 5 years as a leader) City of the vacancy: Medell\u00edn o Bogot\u00e1Hours per week to work: 48Availability 7x24: NoRequired start date: DecemberRequires fluent English: Yes, C1Requires VISA: No Salary range: $11\u2019500.000 a $13\u2019000.000Type of contract: Indefinite                            Gerente Senior                            Universitaria            Ingenier\u00eda de sistemas  Computaci\u00f3n6 a\u00f1os de experiencia                1                Vacante            Competencias para la vacante                                            Python                                                                                    Team Leader                                                                                    Microservices                                                                                    AWS", "tipo_contrato": "Contrato Indefinido", "nivel_educativo": "Universitaria", "categoria": "Gerente Senior", "sector": "Inform\u00e1ticos", "experiencia": "6 a\u00f1os de experiencia", "id_empleo": "1884639990", "competencias": "Python,Team Leader,Microservices,AWS"}