{"url_empleo": "https://www.elempleo.com/co/ofertas-trabajo/ilustrador-digital-figura-humana/1884112104", "fecha_recuperacion": "2021-03-01-22-10", "titulo_oferta": "Ilustrador digital figura humana", "salario": "$1 a $1,5 millones", "ciudad": "Bogot\u00e1", "fecha_publicacion": "Publicado 23 Feb 2021", "area": "Docencia", "num_vacantes": "1 Vacante", "profesion": "Dise\u00f1o gr\u00e1fico", "descripcion_general": "Descripci\u00f3n general                Buscamos Ilustrador Digital, encargado de elaborar ilustraciones para procesos de formaci\u00f3n virtual, a trav\u00e9s del software Adobe Photoshop y/o Ilustrator con dominio de tableta digitalizadora.                    Buscamos Ilustrador Digital, encargado de elaborar ilustraciones para procesos de formaci\u00f3n virtual, a trav\u00e9s del software Adobe Photoshop y/o Ilustrator con dominio de tableta digitalizadora.        T\u00e9cnico, Tecn\u00f3logo, Profesional; en dise\u00f1o gr\u00e1fico, artes pl\u00e1sticas, dise\u00f1o industrial,o profesiones afines con experiencia m\u00ednima de 2 a\u00f1os. Manejo de Photoshop e Ilustrator nivel avanzado. Debe tener buen manejo de anatom\u00eda, figura humana, ilustraci\u00f3n realista, manejo de luz y sombra, buena composici\u00f3n gr\u00e1fica, una excelente ortograf\u00eda y atenci\u00f3n al detalle. Debe contar con experiencia en manejo de herramientas virtuales de trabajo colaborativo tales como Google Drive y similares. Habilidades para el trabajo en equipo, comunicaci\u00f3n asertiva, organizaci\u00f3n y soluci\u00f3n de problemas. Es indispensable que presente el link de su portafolio en l\u00ednea.                Profesional Senior                            T\u00e9cnico Laboral            Dise\u00f1o gr\u00e1ficoDise\u00f1o industrialArtes pl\u00e1sticasComunicaci\u00f3n publicitariaDise\u00f1o de la comunicaci\u00f3n gr\u00e1fica2 a\u00f1os de experienciaEditorDocente o profesorDibujanteComunicador social                1                Vacante                            Requisitos para aplicar                                T\u00e9cnico, Tecn\u00f3logo, Profesional; en dise\u00f1o gr\u00e1fico, artes pl\u00e1sticas, dise\u00f1o industrial,o profesiones afines con experiencia m\u00ednima de 2 a\u00f1os. Manejo de Photoshop e Ilustrator nivel avanzado. Debe tener buen manejo de anatom\u00eda, figura humana, ilustraci\u00f3n realista, manejo de luz y sombra, buena composici\u00f3n gr\u00e1fica, una excelente ortograf\u00eda y atenci\u00f3n al detalle. Debe contar con experiencia en manejo de herramientas virtuales de trabajo colaborativo tales como Google Drive y similares. Habilidades para el trabajo en equipo, comunicaci\u00f3n asertiva, organizaci\u00f3n y soluci\u00f3n de problemas. Es indispensable que presente el link de su portafolio en l\u00ednea.                Competencias para la vacante", "tipo_contrato": "Contrato Indefinido", "nivel_educativo": "T\u00e9cnico Laboral", "categoria": "Profesional Senior", "sector": "Universidades", "experiencia": "2 a\u00f1os de experiencia", "id_empleo": "1884112104", "competencias": ""}