{"url_empleo": "https://www.elempleo.com/co/ofertas-trabajo/operario-minero-ii/1884404843", "fecha_recuperacion": "2021-03-01-22-16", "titulo_oferta": "Operario minero ii", "salario": "Salario a convenir", "ciudad": "Medell\u00edn", "fecha_publicacion": "Publicado 17 Feb 2021", "area": "Operaciones y Procesos", "num_vacantes": "1 Vacante", "profesion": "Bachillerato Acad\u00e9mico", "descripcion_general": "Descripci\u00f3n general                Realizar actividades de miner\u00eda subterr\u00e1nea tales como el avance de frentes de desarrollo horizontal y vertical mediante la operaci\u00f3n de equipos de perforaci\u00f3n y descargue, ejecuci\u00f3n de actividades de voladura.                    Realizar actividades de miner\u00eda subterr\u00e1nea tales como el avance de frentes de desarrollo horizontal y vertical mediante la operaci\u00f3n de equipos de perforaci\u00f3n y descargue, ejecuci\u00f3n de actividades de voladura.                            Auxiliar, asistencial y otros                            Universitaria            Bachillerato Acad\u00e9mico4 a\u00f1os de experiencia                1                Vacante            Competencias para la vacante                                            Operar equipos de perforaci\u00f3n Jackleg                                                                                    Stoper", "tipo_contrato": "Contrato Otro", "nivel_educativo": "Universitaria", "categoria": "Auxiliar, asistencial y otros", "sector": "Metales b\u00e1sicos, hierro, acero y...", "experiencia": "4 a\u00f1os de experiencia", "id_empleo": "1884404843", "competencias": "Operar equipos de perforaci\u00f3n Jackleg,Stoper"}