{"url_empleo": "https://www.elempleo.com/co/ofertas-trabajo/auxiliar-de-contratacion/1884533327", "fecha_recuperacion": "2021-03-01-22-01", "titulo_oferta": "Auxiliar de contrataci\u00f3n", "salario": "$1 a $1,5 millones", "ciudad": "Medell\u00edn", "fecha_publicacion": "Publicado 1 Mar 2021", "area": "Salud", "num_vacantes": "1 Vacante", "profesion": "Otros", "descripcion_general": "Descripci\u00f3n general                Importante EPS requiere T\u00e9cnico o Tecn\u00f3logo auxiliar administrativo en salud con experiencia de 1 a\u00f1o en EPS o IPS, en cargos  de facturaci\u00f3n,  cuentas m\u00e9dicas o en el \u00e1rea de contrataci\u00f3n de servicios de salud (paquetes de servicios, manual tarifario)Debe tener buen manejo de excel, base de datos y generaci\u00f3n de informes. Conocimiento de tarifas, r\u00e9gimen subsidiado y contributivoLa persona debe residir en Medell\u00edn OBJETIVO DEL CARGO: Realizar an\u00e1lisis de tarifas para los contratos de servicios de salud, con el fin de garantizar la prestaci\u00f3n de servicios a usuarios de r\u00e9gimen subsidiado y contributivo.                    Importante EPS requiere T\u00e9cnico o Tecn\u00f3logo auxiliar administrativo en salud con experiencia de 1 a\u00f1o en EPS o IPS, en cargos  de facturaci\u00f3n,  cuentas m\u00e9dicas o en el \u00e1rea de contrataci\u00f3n de servicios de salud (paquetes de servicios, manual tarifario)Debe tener buen manejo de excel, base de datos y generaci\u00f3n de informes. Conocimiento de tarifas, r\u00e9gimen subsidiado y contributivoLa persona debe residir en Medell\u00edn OBJETIVO DEL CARGO: Realizar an\u00e1lisis de tarifas para los contratos de servicios de salud, con el fin de garantizar la prestaci\u00f3n de servicios a usuarios de r\u00e9gimen subsidiado y contributivo.                            Auxiliar, asistencial y otros                            T\u00e9cnico Laboral            Otros1 a\u00f1o de experiencia                1                Vacante            Competencias para la vacante                                            Auxiliar Administrativo en salud", "tipo_contrato": "Contrato Indefinido", "nivel_educativo": "T\u00e9cnico Laboral", "categoria": "Auxiliar, asistencial y otros", "sector": "EPS", "experiencia": "1 a\u00f1o de experiencia", "id_empleo": "1884533327", "competencias": "Auxiliar Administrativo en salud"}