{"url_empleo": "https://www.elempleo.com/co/ofertas-trabajo/medico-home/1884660765", "fecha_recuperacion": "2021-03-01-22-10", "titulo_oferta": "Medico home", "salario": "$4 a $4,5 millones", "ciudad": "Bogot\u00e1", "fecha_publicacion": "Publicado 22 Feb 2021", "area": "Salud", "num_vacantes": "1 Vacante", "profesion": "Medicina", "descripcion_general": "Descripci\u00f3n general                REMEO MEDICAL SERVICES Perteneciente a la multinacional alemana MESSER GROUP, la cual se encarga de la producci\u00f3n y comercializaci\u00f3n de gases industriales, medicinales y especiales, le complace informarle que su hoja de vida est\u00e1 en proceso de selecci\u00f3n para el cargo de m\u00e9dico home en el programa RMS IPS especializada en paciente cr\u00f3nico con ventilaci\u00f3n mec\u00e1nica que tiene cuidados paliativos. VACANTE- REMEO MEDICAL SERVICES REGIONAL BOGOT\u00c1 Requisitos: BLS y ACLS actualizado, Esquema de vacunas Hepatitis B y T\u00e9tanos al d\u00eda (3 dosis) Horarios: Lunes a Viernes de 7am a 5pm, adicional debe tener disponibilidad telef\u00f3nica fines de semana. Zona:  Sur.Salario: 5.021.861 + aux 342.577 = 5.364.438                    REMEO MEDICAL SERVICES Perteneciente a la multinacional alemana MESSER GROUP, la cual se encarga de la producci\u00f3n y comercializaci\u00f3n de gases industriales, medicinales y especiales, le complace informarle que su hoja de vida est\u00e1 en proceso de selecci\u00f3n para el cargo de m\u00e9dico home en el programa RMS IPS especializada en paciente cr\u00f3nico con ventilaci\u00f3n mec\u00e1nica que tiene cuidados paliativos. VACANTE- REMEO MEDICAL SERVICES REGIONAL BOGOT\u00c1 Requisitos: BLS y ACLS actualizado, Esquema de vacunas Hepatitis B y T\u00e9tanos al d\u00eda (3 dosis) Horarios: Lunes a Viernes de 7am a 5pm, adicional debe tener disponibilidad telef\u00f3nica fines de semana. Zona:  Sur.Salario: 5.021.861 + aux 342.577 = 5.364.438                            Profesional                            Universitaria            Medicina1 a\u00f1o de experiencia                1                Vacante            Competencias para la vacante                                            salud                                                                                    domicilio", "tipo_contrato": "Contrato Indefinido", "nivel_educativo": "Universitaria", "categoria": "Profesional", "sector": "IPS", "experiencia": "1 a\u00f1o de experiencia", "id_empleo": "1884660765", "competencias": "salud,domicilio"}