{"url_empleo": "https://www.elempleo.com/co/ofertas-trabajo/practicante-derecho/1884649380", "fecha_recuperacion": "2021-03-01-22-00", "titulo_oferta": "Practicante derecho", "salario": "Salario a convenir", "ciudad": "Madrid", "fecha_publicacion": "Publicado 1 Mar 2021", "area": "Salud", "num_vacantes": "1 Vacante", "profesion": "Derecho Abogado", "descripcion_general": "Descripci\u00f3n general                Cl\u00ednicas Odontol\u00f3gicas Dentix busca para su equipo de trabajo PRACTICANTE DE DERECHO  interesado en realizar sus pr\u00e1cticas, contrato de aprendizaje, practicas pagas, que cumplan como cuota SENA, afiliaci\u00f3n ARL y EPS, trabajo en alternancia. Buscamos persona  innovadora, responsables con ganas de aprender que trabaje en equipo y con esp\u00edritu de colaboraci\u00f3n, manejo de confidencialidad de la informaci\u00f3n de la compa\u00f1\u00eda, excelente ambiente laboral.                    Cl\u00ednicas Odontol\u00f3gicas Dentix busca para su equipo de trabajo PRACTICANTE DE DERECHO  interesado en realizar sus pr\u00e1cticas, contrato de aprendizaje, practicas pagas, que cumplan como cuota SENA, afiliaci\u00f3n ARL y EPS, trabajo en alternancia. Buscamos persona  innovadora, responsables con ganas de aprender que trabaje en equipo y con esp\u00edritu de colaboraci\u00f3n, manejo de confidencialidad de la informaci\u00f3n de la compa\u00f1\u00eda, excelente ambiente laboral.                            Profesional                            Universitaria            Derecho Abogado                1                Vacante            Competencias para la vacante                                            derecho", "tipo_contrato": "Contrato Contrato de aprendizaje", "nivel_educativo": "Universitaria", "categoria": "Profesional", "sector": "Servicios hospitalarios, m\u00e9dicos...", "experiencia": "", "id_empleo": "1884649380", "competencias": "derecho"}