{"url_empleo": "https://www.elempleo.com/co/ofertas-trabajo/auxiliar-cartera/1884671999", "fecha_recuperacion": "2021-03-01-22-01", "titulo_oferta": "Auxiliar cartera", "salario": "$1 a $1,5 millones", "ciudad": "Cali", "fecha_publicacion": "Publicado 1 Mar 2021", "area": "Contabilidad: cartera y costos", "num_vacantes": "1 Vacante", "profesion": "Contadur\u00eda", "descripcion_general": "Descripci\u00f3n general                Se requiere tecn\u00f3logo o estudiante de carrera administrativa, con experiencia de 3 a\u00f1os en recuperaci\u00f3n de cartera. Sus principales responsabilidades ser\u00e1n realizar la gesti\u00f3n de cobranza y ejecutar las actividades necesarias para el cumplimiento de las metas trazadas dentro del proceso de cartera, y que contribuyan al logro de los objetivos de la organizaci\u00f3n.                    Se requiere tecn\u00f3logo o estudiante de carrera administrativa, con experiencia de 3 a\u00f1os en recuperaci\u00f3n de cartera. Sus principales responsabilidades ser\u00e1n realizar la gesti\u00f3n de cobranza y ejecutar las actividades necesarias para el cumplimiento de las metas trazadas dentro del proceso de cartera, y que contribuyan al logro de los objetivos de la organizaci\u00f3n.                            Auxiliar, asistencial y otros                            Tecnol\u00f3gica            Contadur\u00edaEconom\u00edaAdministraci\u00f3n de empresasAdministraci\u00f3n de negocios3 a\u00f1os de experiencia                1                Vacante            Competencias para la vacante                                            cobro cartera                                                                                    excel                                                                                    clientes", "tipo_contrato": "Contrato Por obra o labor", "nivel_educativo": "Tecnol\u00f3gica", "categoria": "Auxiliar, asistencial y otros", "sector": "Cajas de compensaci\u00f3n", "experiencia": "3 a\u00f1os de experiencia", "id_empleo": "1884671999", "competencias": "cobro cartera,excel,clientes"}