{"url_empleo": "https://www.elempleo.com/co/ofertas-trabajo/analista-de-asuntos-regulatorios/1884672584", "fecha_recuperacion": "2021-03-01-22-01", "titulo_oferta": "Analista de asuntos regulatorios", "salario": "$1 a $1,5 millones", "ciudad": "Bogot\u00e1", "fecha_publicacion": "Publicado 1 Mar 2021", "area": "Calidad (aseguramiento, gesti\u00f3n ...", "num_vacantes": "1 Vacante", "profesion": "Qu\u00edmica Farmac\u00e9utica", "descripcion_general": "Descripci\u00f3n general                Compa\u00f1ia Multinacional de dispositivos m\u00e9dicos se encuentra en busqueda  de un estudiante de ultimos semestres o recien egresado de Quimica Farmaceutica para ocupar el cargo de Analista de Asuntos Regulatorios por un contrato temporal de 6 meses. Entre las reposnsabilidades principales del cargo se encuentra: - Dar soporte al seguimiento de las actividades asociadas al \u00e1rea.- Mantener actualizados los datos usados en el c\u00e1lculo de m\u00e9tricas de los procesos en cada pa\u00eds y en regi\u00f3n con el objetivo de tener la visibilidad del desempe\u00f1o e identificaci\u00f3n temprana de riesgos.- Mantener las buenas pr\u00e1cticas de documentaci\u00f3n y archivo de la informaci\u00f3n que se genera en el \u00e1rea para garantizar trazabilidad- Dar soporte en la preparaci\u00f3n de documentos necesarios para sometimientos en los diferentes pa\u00edses de la regi\u00f3n, asegurando su liberaci\u00f3n oportuna                    Compa\u00f1ia Multinacional de dispositivos m\u00e9dicos se encuentra en busqueda  de un estudiante de ultimos semestres o recien egresado de Quimica Farmaceutica para ocupar el cargo de Analista de Asuntos Regulatorios por un contrato temporal de 6 meses. Entre las reposnsabilidades principales del cargo se encuentra: - Dar soporte al seguimiento de las actividades asociadas al \u00e1rea.- Mantener actualizados los datos usados en el c\u00e1lculo de m\u00e9tricas de los procesos en cada pa\u00eds y en regi\u00f3n con el objetivo de tener la visibilidad del desempe\u00f1o e identificaci\u00f3n temprana de riesgos.- Mantener las buenas pr\u00e1cticas de documentaci\u00f3n y archivo de la informaci\u00f3n que se genera en el \u00e1rea para garantizar trazabilidad- Dar soporte en la preparaci\u00f3n de documentos necesarios para sometimientos en los diferentes pa\u00edses de la regi\u00f3n, asegurando su liberaci\u00f3n oportuna                            Profesional Junior                            Universitaria            Qu\u00edmica Farmac\u00e9utica                1                Vacante            Competencias para la vacante                                            Quimico Farmaceutico", "tipo_contrato": "Contrato Por obra o labor", "nivel_educativo": "Universitaria", "categoria": "Profesional Junior", "sector": "Laboratorios farmac\u00e9uticos y otros", "experiencia": "", "id_empleo": "1884672584", "competencias": "Quimico Farmaceutico"}