{"url_empleo": "https://www.elempleo.com/co/ofertas-trabajo/profesional-de-procesos-experiencia-sector-farmaceutico-ibague/1884251882", "fecha_recuperacion": "2021-03-01-22-11", "titulo_oferta": "Profesional de procesos - experiencia sector farmac\u00e9utico: ibagu\u00e9", "salario": "$3 a $3,5 millones", "ciudad": "Ibagu\u00e9", "fecha_publicacion": "Publicado 22 Feb 2021", "area": "Operaciones y Procesos", "num_vacantes": "1 Vacante", "profesion": "Qu\u00edmica", "descripcion_general": "Descripci\u00f3n general                Profesional en , Qu\u00edmica, Qu\u00edmico Farmac\u00e9utico (con certificaci\u00f3n en buenas pr\u00e1cticas de manufactura), m\u00ednimo 3 a\u00f1os de experiencia como Analista de Calidad, realizando funciones de aseguramiento y control de calidad y en implementaci\u00f3n de HACCP, indispensable realizando levantamiento de procesos en empresas del sector farmac\u00e9utico.                    Profesional en , Qu\u00edmica, Qu\u00edmico Farmac\u00e9utico (con certificaci\u00f3n en buenas pr\u00e1cticas de manufactura), m\u00ednimo 3 a\u00f1os de experiencia como Analista de Calidad, realizando funciones de aseguramiento y control de calidad y en implementaci\u00f3n de HACCP, indispensable realizando levantamiento de procesos en empresas del sector farmac\u00e9utico.                            Profesional                            Universitaria            Qu\u00edmicaQu\u00edmica Farmac\u00e9utica2 a\u00f1os de experiencia                1                Vacante            Competencias para la vacante                                            farmaceutico                                                                                    laboratorios", "tipo_contrato": "Contrato Indefinido", "nivel_educativo": "Universitaria", "categoria": "Profesional", "sector": "Laboratorios farmac\u00e9uticos y otros", "experiencia": "2 a\u00f1os de experiencia", "id_empleo": "1884251882", "competencias": "farmaceutico,laboratorios"}