{"url_empleo": "https://www.elempleo.com/co/ofertas-trabajo/director-academico-de-programa-mercadeo-internacional/1884080359", "fecha_recuperacion": "2021-03-01-22-15", "titulo_oferta": "Director acad\u00e9mico de programa mercadeo internacional", "salario": "$3 a $3,5 millones", "ciudad": "Bello", "fecha_publicacion": "Publicado 18 Feb 2021", "area": "Docencia", "num_vacantes": "1 Vacante", "profesion": "Administraci\u00f3n de empresas", "descripcion_general": "Descripci\u00f3n general                La selecci\u00f3n de talentos de la Corporaci\u00f3n Universitaria Minuto de Dios, invita a participar a las personas interesadas en el proceso de selecci\u00f3n para el cargo de Director del programa de Mercadeo Internacional de la Facultad de Ciencias Econ\u00f3micas y Administrativas de la regional Antioquia - Choc\u00f3. Objetivo del cargo: Apoyar al Decano en el dise\u00f1o, programaci\u00f3n, coordinaci\u00f3n y evaluaci\u00f3n del programa, velar por la calidad del programa, el mejoramiento de la docencia, investigaci\u00f3n y proyecci\u00f3n social, el trabajo acad\u00e9mico de los estudiantes, la innovaci\u00f3n pedag\u00f3gica y, en general, por la ejecuci\u00f3n de las pol\u00edticas que sobre ense\u00f1anza-aprendizaje formule la Vicerrector\u00eda Acad\u00e9mica de la Sede y la Vicerrector\u00eda General Acad\u00e9mica. Art\u00edculo 92 acuerdo 090\t\t\t\t\t\t\t\t\t\t\t\t\t\t\t\t Cargo:  Director de programa\u00c1rea: \tFacultad de Ciencias Econ\u00f3micas y AdministrativasTipo de vinculaci\u00f3n:\tT\u00e9rmino fijo Dedicaci\u00f3n: Tiempo completoSalario:\t$3.356.000N\u00famero de vacantes: 1 (Una)Lugar de labores: Bello                    La selecci\u00f3n de talentos de la Corporaci\u00f3n Universitaria Minuto de Dios, invita a participar a las personas interesadas en el proceso de selecci\u00f3n para el cargo de Director del programa de Mercadeo Internacional de la Facultad de Ciencias Econ\u00f3micas y Administrativas de la regional Antioquia - Choc\u00f3. Objetivo del cargo: Apoyar al Decano en el dise\u00f1o, programaci\u00f3n, coordinaci\u00f3n y evaluaci\u00f3n del programa, velar por la calidad del programa, el mejoramiento de la docencia, investigaci\u00f3n y proyecci\u00f3n social, el trabajo acad\u00e9mico de los estudiantes, la innovaci\u00f3n pedag\u00f3gica y, en general, por la ejecuci\u00f3n de las pol\u00edticas que sobre ense\u00f1anza-aprendizaje formule la Vicerrector\u00eda Acad\u00e9mica de la Sede y la Vicerrector\u00eda General Acad\u00e9mica. Art\u00edculo 92 acuerdo 090\t\t\t\t\t\t\t\t\t\t\t\t\t\t\t\t Cargo:  Director de programa\u00c1rea: \tFacultad de Ciencias Econ\u00f3micas y AdministrativasTipo de vinculaci\u00f3n:\tT\u00e9rmino fijo Dedicaci\u00f3n: Tiempo completoSalario:\t$3.356.000N\u00famero de vacantes: 1 (Una)Lugar de labores: Bello                            Coordinador supervisor o especialista                            Maestr\u00eda            Administraci\u00f3n de empresasAdministraci\u00f3n de negociosNegocios InternacionalesGobierno y Relaciones InternacionalesMercadeo3 a\u00f1os de experienciaCoordinador                1                Vacante            Competencias para la vacante                                            coordinador", "tipo_contrato": "Contrato Definido", "nivel_educativo": "Maestr\u00eda", "categoria": "Coordinador supervisor o especialista", "sector": "Universidades", "experiencia": "3 a\u00f1os de experiencia", "id_empleo": "1884080359", "competencias": "coordinador"}