{"url_empleo": "https://www.elempleo.com/co/ofertas-trabajo/cloud-engineer/1884667566", "fecha_recuperacion": "2021-03-01-22-09", "titulo_oferta": "Cloud engineer", "salario": "$4,5 a $5,5 millones", "ciudad": "Bogot\u00e1", "fecha_publicacion": "Publicado 23 Feb 2021", "area": "Sistemas y Tecnolog\u00eda", "num_vacantes": "1 Vacante", "profesion": "Administraci\u00f3n de sistemas infor...", "descripcion_general": "Descripci\u00f3n general                Debe saber de nube, AWS Cloud linux un Ingles conversacional Bases de datos relacionales                    Debe saber de nube, AWS Cloud linux un Ingles conversacional Bases de datos relacionales                            Profesional                            Universitaria            Administraci\u00f3n de sistemas inform\u00e1ticos1 a\u00f1o de experiencia                1                Vacante            Competencias para la vacante                                            cloud                                                                                    engineer                                                                                    aws                                                                                    Nube                                                                                    linux                                                                                    pyton                                                                                    ingles", "tipo_contrato": "Contrato Indefinido", "nivel_educativo": "Universitaria", "categoria": "Profesional", "sector": "Desarrollo y dise\u00f1o de p\u00e1ginas web", "experiencia": "1 a\u00f1o de experiencia", "id_empleo": "1884667566", "competencias": "cloud,engineer,aws,Nube,linux,pyton,ingles"}