{"url_empleo": "https://www.elempleo.com/co/ofertas-trabajo/auxiliar-toma-de-muestras-motorizado/1884672445", "fecha_recuperacion": "2021-03-01-22-15", "titulo_oferta": "Auxiliar toma de muestras (motorizado)", "salario": "$1 a $1,5 millones", "ciudad": "Bogot\u00e1", "fecha_publicacion": "Publicado 18 Feb 2021", "area": "Salud", "num_vacantes": "1 Vacante", "profesion": "Enfermer\u00eda", "descripcion_general": "Descripci\u00f3n general                Importante IPS requiere para su equipo de trabajo; Auxiliar de laboratorio o enfermer\u00eda con experiencia y certificaci\u00f3n en toma de muestras para laboratorio cl\u00ednico. Indispensable contar con moto y documentos al d\u00eda Contrato a termino indefinido Salario b\u00e1sico de 935.000 + bono de rodamiento de 300.000 + 265.000 de bono de alimentaci\u00f3n + 1.500 por toma de muestras realizadaHorario: Lunes a S\u00e1bado                    Importante IPS requiere para su equipo de trabajo; Auxiliar de laboratorio o enfermer\u00eda con experiencia y certificaci\u00f3n en toma de muestras para laboratorio cl\u00ednico. Indispensable contar con moto y documentos al d\u00eda Contrato a termino indefinido Salario b\u00e1sico de 935.000 + bono de rodamiento de 300.000 + 265.000 de bono de alimentaci\u00f3n + 1.500 por toma de muestras realizadaHorario: Lunes a S\u00e1bado                            Auxiliar, asistencial y otros                            T\u00e9cnico Laboral            Enfermer\u00eda1 a\u00f1o de experiencia                1                Vacante            Competencias para la vacante                                            Toma de muestras", "tipo_contrato": "Contrato Indefinido", "nivel_educativo": "T\u00e9cnico Laboral", "categoria": "Auxiliar, asistencial y otros", "sector": "Laboratorios farmac\u00e9uticos y otros", "experiencia": "1 a\u00f1o de experiencia", "id_empleo": "1884672445", "competencias": "Toma de muestras"}