{"url_empleo": "https://www.elempleo.com/co/ofertas-trabajo/auxiliar-de-mantenimiento-integral/1884657622", "fecha_recuperacion": "2021-03-01-22-09", "titulo_oferta": "Auxiliar de mantenimiento integral", "salario": "Salario a convenir", "ciudad": "Bogot\u00e1", "fecha_publicacion": "Publicado 23 Feb 2021", "area": "Mantenimiento", "num_vacantes": "1 Vacante", "profesion": "Bachillerato Acad\u00e9mico", "descripcion_general": "Descripci\u00f3n general                Empresa de log\u00edstica sector salud, requiere para el \u00e1rea de Mantenimiento hombre con estudios relacionados al \u00e1rea de mantenimiento, debe ser integral en temas el\u00e9ctricos, pintura, obra gris, remodelaci\u00f3n, Carpinter\u00eda met\u00e1lica manejo de espacios entre otros, interesados adjuntar hoja de vida actualizada, debe contar con disponibilidad completa y disponibilidad para viajar en caso que se requiere arreglos preventivos y/o correctivos en otras sedes.                    Empresa de log\u00edstica sector salud, requiere para el \u00e1rea de Mantenimiento hombre con estudios relacionados al \u00e1rea de mantenimiento, debe ser integral en temas el\u00e9ctricos, pintura, obra gris, remodelaci\u00f3n, Carpinter\u00eda met\u00e1lica manejo de espacios entre otros, interesados adjuntar hoja de vida actualizada, debe contar con disponibilidad completa y disponibilidad para viajar en caso que se requiere arreglos preventivos y/o correctivos en otras sedes.                            Auxiliar, asistencial y otros                            Media (10\u00b0 - 13\u00b0)            Bachillerato Acad\u00e9mico2 a\u00f1os de experiencia                1                Vacante            Competencias para la vacante                                            Auxiliar de Mantenimiento                                                                                    Oficios Varios", "tipo_contrato": "", "nivel_educativo": "Media (10\u00b0 - 13\u00b0)", "categoria": "Auxiliar, asistencial y otros", "sector": "Salud, trabajo y seguridad social", "experiencia": "2 a\u00f1os de experiencia", "id_empleo": "1884657622", "competencias": "Auxiliar de Mantenimiento,Oficios Varios"}