{"url_empleo": "https://www.elempleo.com/co/ofertas-trabajo/medico-general-uci-y-urgencias/1884571054", "fecha_recuperacion": "2021-03-01-22-11", "titulo_oferta": "M\u00e9dico general uci y urgencias", "salario": "$2 a $2,5 millones", "ciudad": "Bogot\u00e1", "fecha_publicacion": "Publicado 22 Feb 2021", "area": "Salud", "num_vacantes": "1 Vacante", "profesion": "Medicina", "descripcion_general": "Descripci\u00f3n general                Importante Entidad del Sector Salud, requiere profesional en Medicina con experiencia en UCI y Urgencias con el fin de cubrir secuencia cada 5 noche. Indispensable contar con experiencia en Instituciones reconocidas, disponibilidad para trabajar en Ch\u00eda. Contrato con todos los beneficios establecidos por ley.                    Importante Entidad del Sector Salud, requiere profesional en Medicina con experiencia en UCI y Urgencias con el fin de cubrir secuencia cada 5 noche. Indispensable contar con experiencia en Instituciones reconocidas, disponibilidad para trabajar en Ch\u00eda. Contrato con todos los beneficios establecidos por ley.                            Profesional                            Universitaria            Medicina1 a\u00f1o de experiencia                1                Vacante            Competencias para la vacante                                            M\u00e9dico                                                                                    UCI                                                                                    Urgencias", "tipo_contrato": "Contrato Definido", "nivel_educativo": "Universitaria", "categoria": "Profesional", "sector": "Salud, trabajo y seguridad social", "experiencia": "1 a\u00f1o de experiencia", "id_empleo": "1884571054", "competencias": "M\u00e9dico,UCI,Urgencias"}