{"url_empleo": "https://www.elempleo.com/co/ofertas-trabajo/lider-de-campana-cr/1884515517", "fecha_recuperacion": "2021-03-01-22-12", "titulo_oferta": "Lider de campa\u00f1a cr.", "salario": "$1,5 a $2 millones", "ciudad": "Bogot\u00e1", "fecha_publicacion": "Publicado 22 Feb 2021", "area": "Comercial, Ventas y Telemercadeo", "num_vacantes": "1 Vacante", "profesion": "Administraci\u00f3n de empresas", "descripcion_general": "Descripci\u00f3n general                Importante empresa de contact center requiere para su equipo de trabajo L\u00cdDER DE CAMPA\u00d1A, salario 1.777.000 + Comisi\u00f3n + todo lo de ley.Horario de Lunes a S\u00e1bado y dos Domingos al mes turnos rotativos de 8 horas entre 6 am a 10 pm.  Profesional en carreras afines, m\u00ednimo 1 a\u00f1o de experiencia en el cargo en campa\u00f1as comerciales.                    Importante empresa de contact center requiere para su equipo de trabajo L\u00cdDER DE CAMPA\u00d1A, salario 1.777.000 + Comisi\u00f3n + todo lo de ley.Horario de Lunes a S\u00e1bado y dos Domingos al mes turnos rotativos de 8 horas entre 6 am a 10 pm.  Profesional en carreras afines, m\u00ednimo 1 a\u00f1o de experiencia en el cargo en campa\u00f1as comerciales.                            Auxiliar, asistencial y otros                            Tecnol\u00f3gica            Administraci\u00f3n de empresasAdministraci\u00f3n de negocios1 a\u00f1o de experiencia                1                Vacante            Competencias para la vacante                                            supervisor", "tipo_contrato": "Contrato Por obra o labor", "nivel_educativo": "Tecnol\u00f3gica", "categoria": "Auxiliar, asistencial y otros", "sector": "Servicios de telecomunicaciones", "experiencia": "1 a\u00f1o de experiencia", "id_empleo": "1884515517", "competencias": "supervisor"}