{"url_empleo": "https://www.elempleo.com/co/ofertas-trabajo/administrador-de-tienda-cali/1884631344", "fecha_recuperacion": "2021-03-01-22-11", "titulo_oferta": "Administrador de tienda - cali", "salario": "Salario a convenir", "ciudad": "Cali", "fecha_publicacion": "Publicado 22 Feb 2021", "area": "Administrativa y Financiera", "num_vacantes": "1 Vacante", "profesion": "Administraci\u00f3n de empresas", "descripcion_general": "Descripci\u00f3n general                Importante multinacional, esta en la b\u00fasqueda de administrador de punto de  tienda para Cali experiencia en retail m\u00ednimo (1) a\u00f1o  tales como almacenes  ( lilipink, seveen seveen, ela, studio F, Patprimo),  t\u00e9cnologo o profesional  en carreras administrativas, comerciales o afines.Debe tener conocimiento en manejo de personal, indicadores de retail, cumplimiento de metas.Excelente salario + comisiones sin techo+ prestaciones de ley.\u00a1 Si cumples con el perfil postulate!                    Importante multinacional, esta en la b\u00fasqueda de administrador de punto de  tienda para Cali experiencia en retail m\u00ednimo (1) a\u00f1o  tales como almacenes  ( lilipink, seveen seveen, ela, studio F, Patprimo),  t\u00e9cnologo o profesional  en carreras administrativas, comerciales o afines.Debe tener conocimiento en manejo de personal, indicadores de retail, cumplimiento de metas.Excelente salario + comisiones sin techo+ prestaciones de ley.\u00a1 Si cumples con el perfil postulate!                            Gerente                            Tecnol\u00f3gica            Administraci\u00f3n de empresasAdministraci\u00f3n de negocios2 a\u00f1os de experiencia                1                Vacante            Competencias para la vacante                                            administrador", "tipo_contrato": "", "nivel_educativo": "Tecnol\u00f3gica", "categoria": "Gerente", "sector": "Consumo masivo", "experiencia": "2 a\u00f1os de experiencia", "id_empleo": "1884631344", "competencias": "administrador"}