{"url_empleo": "https://www.elempleo.com/co/ofertas-trabajo/fonoaudiologa-especialista-en-seguridad-y-salud-en-el-trabajo/1884610633", "fecha_recuperacion": "2021-03-01-22-12", "titulo_oferta": "Fonoaudiologa especialista en seguridad y salud en el trabajo", "salario": "$2 a $2,5 millones", "ciudad": "Bogot\u00e1", "fecha_publicacion": "Publicado 20 Feb 2021", "area": "Salud", "num_vacantes": "1 Vacante", "profesion": "Fonoaudiolog\u00eda", "descripcion_general": "Descripci\u00f3n general                Profesional especialista en salud ocupacional, que tenga experiencia en la realizaci\u00f3n de audiometr\u00edas, manejo de asesor\u00edas, atenci\u00f3n en el \u00e1rea de terapias de lenguaje, excelentes relaciones interpersonales, manejo y apoyo administrativo.                    Profesional especialista en salud ocupacional, que tenga experiencia en la realizaci\u00f3n de audiometr\u00edas, manejo de asesor\u00edas, atenci\u00f3n en el \u00e1rea de terapias de lenguaje, excelentes relaciones interpersonales, manejo y apoyo administrativo.                            Profesional                            Especializaci\u00f3n            Fonoaudiolog\u00eda1 a\u00f1o de experiencia                1                Vacante            Competencias para la vacante                                            fonoaudiologa", "tipo_contrato": "Contrato Definido", "nivel_educativo": "Especializaci\u00f3n", "categoria": "Profesional", "sector": "Salud, trabajo y seguridad social", "experiencia": "1 a\u00f1o de experiencia", "id_empleo": "1884610633", "competencias": "fonoaudiologa"}