{"url_empleo": "https://www.elempleo.com/co/ofertas-trabajo/asesor-comercial-calle-fusagasuga/1884650959", "fecha_recuperacion": "2021-03-01-22-01", "titulo_oferta": "Asesor comercial calle fusagasuga", "salario": "$1 a $1,5 millones", "ciudad": "Bogot\u00e1", "fecha_publicacion": "Publicado 1 Mar 2021", "area": "Ventas", "num_vacantes": "1 Vacante", "profesion": "Bachillerato Comercial", "descripcion_general": "Descripci\u00f3n general                EMPRESA DE TELECOMUNICACIONES ESTA EN B\u00daSQUEDA DE ASESOR COMERCIAL QUE VENDA NUESTRAS ANTENAS DE DTH (TELEVISI\u00d3N SATELITAL E INTERNET), LA IDES ES QUE VISITE VEREDAS CERCANAS lunes a s\u00e1badoauxiliado de rodamientocontrato termino indefinidocontrataci\u00f3n inmediata                    EMPRESA DE TELECOMUNICACIONES ESTA EN B\u00daSQUEDA DE ASESOR COMERCIAL QUE VENDA NUESTRAS ANTENAS DE DTH (TELEVISI\u00d3N SATELITAL E INTERNET), LA IDES ES QUE VISITE VEREDAS CERCANAS lunes a s\u00e1badoauxiliado de rodamientocontrato termino indefinidocontrataci\u00f3n inmediata                            Auxiliar, asistencial y otros                            Formaci\u00f3n Tec profesional            Bachillerato Comercial1 a\u00f1o de experiencia                1                Vacante            Competencias para la vacante                                            VENTAS                                                                                    ASESORIA", "tipo_contrato": "Contrato Indefinido", "nivel_educativo": "Formaci\u00f3n Tec profesional", "categoria": "Auxiliar, asistencial y otros", "sector": "Equipos de telecomunicaciones", "experiencia": "1 a\u00f1o de experiencia", "id_empleo": "1884650959", "competencias": "VENTAS,ASESORIA"}