{"url_empleo": "https://www.elempleo.com/co/ofertas-trabajo/asesor-comercial-eje-cafetero-pereira-manizales-caldas/1884663094", "fecha_recuperacion": "2021-03-01-22-06", "titulo_oferta": "Asesor comercial eje cafetero (pereira - manizales - caldas)", "salario": "$1 a $1,5 millones", "ciudad": "Cali", "fecha_publicacion": "Publicado 24 Feb 2021", "area": "Comercial, Ventas y Telemercadeo", "num_vacantes": "1 Vacante", "profesion": "Ingenier\u00eda industrial", "descripcion_general": "Descripci\u00f3n general                Importante empresa del sector comercial - industrial, requiere ASESORES COMERCIALES para manejar el \u00e1rea de EJE CAFETERO,  la persona puede residir en Pereira, Manizales o alguna otra ciudad del dpto. de Caldas;  solicitamos experiencia m\u00ednima de 5 a\u00f1os en el sector industria (Cart\u00f3n, pl\u00e1sticos, energ\u00e9tico, minero, aceros, hierro, entre otros)  y/o  comercio (Ferreter\u00edas) es indispensable contar con experiencia certificada en venta consultiva y manejo de presupuestos de venta mayor o igual a $70 millones de pesos mensuales durante los \u00faltimos cinco a\u00f1os.     Como formaci\u00f3n acad\u00e9mica:  tecn\u00f3logo en mercadotecnia, o carreras afines, deseable profesional en ingenier\u00edas, entre otras que tengan relaci\u00f3n con la labor.    Ofrecemos estabilidad laboral por medio de contrato a termino indefinido.     Salario b\u00e1sico de $1.200.000  + Comisiones por ventas + comisiones por recaudo de cartera  + Bonificaciones por efectividad en el cumplimiento del presupuesto de ventas asignado  + auxilio de movilizaci\u00f3n. INDISPENSABLE contar con equipo port\u00e1til y veh\u00edculo propio.   Si cumple con el perfil por favor postular su hoja de vida.                    Importante empresa del sector comercial - industrial, requiere ASESORES COMERCIALES para manejar el \u00e1rea de EJE CAFETERO,  la persona puede residir en Pereira, Manizales o alguna otra ciudad del dpto. de Caldas;  solicitamos experiencia m\u00ednima de 5 a\u00f1os en el sector industria (Cart\u00f3n, pl\u00e1sticos, energ\u00e9tico, minero, aceros, hierro, entre otros)  y/o  comercio (Ferreter\u00edas) es indispensable contar con experiencia certificada en venta consultiva y manejo de presupuestos de venta mayor o igual a $70 millones de pesos mensuales durante los \u00faltimos cinco a\u00f1os.     Como formaci\u00f3n acad\u00e9mica:  tecn\u00f3logo en mercadotecnia, o carreras afines, deseable profesional en ingenier\u00edas, entre otras que tengan relaci\u00f3n con la labor.    Ofrecemos estabilidad laboral por medio de contrato a termino indefinido.     Salario b\u00e1sico de $1.200.000  + Comisiones por ventas + comisiones por recaudo de cartera  + Bonificaciones por efectividad en el cumplimiento del presupuesto de ventas asignado  + auxilio de movilizaci\u00f3n. INDISPENSABLE contar con equipo port\u00e1til y veh\u00edculo propio.   Si cumple con el perfil por favor postular su hoja de vida.                            Profesional                            Tecnol\u00f3gica            Ingenier\u00eda industrialMercadeoTecnolog\u00eda En Gesti\u00f3n ComercialIngenier\u00eda Comercial5 a\u00f1os de experiencia                1                Vacante            Competencias para la vacante                                            ventas                                                                                    asesor                                                                                    comercial                                                                                    industrial                                                                                    industria                                                                                    comercio                                                                                    consultor", "tipo_contrato": "Contrato Indefinido", "nivel_educativo": "Tecnol\u00f3gica", "categoria": "Profesional", "sector": "Otros", "experiencia": "5 a\u00f1os de experiencia", "id_empleo": "1884663094", "competencias": "ventas,asesor,comercial,industrial,industria,comercio,consultor"}