{"url_empleo": "https://www.elempleo.com/co/ofertas-trabajo/supervisor-hse/1884646621", "fecha_recuperacion": "2021-03-01-22-09", "titulo_oferta": "Supervisor hse", "salario": "$4 a $4,5 millones", "ciudad": "Bogot\u00e1", "fecha_publicacion": "Publicado 23 Feb 2021", "area": "Mantenimiento", "num_vacantes": "1 Vacante", "profesion": "Ingenier\u00eda industrial", "descripcion_general": "Descripci\u00f3n general                Importante empresa del sector hidrocarburos requiere Profesional especialista en \u00e1reas de ingenier\u00eda o carreras afines HSEQ. Con experiencia espec\u00edfica m\u00ednima de cinco (5) a\u00f1os en esta \u00e1rea para ejercer el cargo. Licencia en Salud y seguridad en el trabajo certificaci\u00f3n como Coordinador trabajo en altura y curso 50h de SGST.                    Importante empresa del sector hidrocarburos requiere Profesional especialista en \u00e1reas de ingenier\u00eda o carreras afines HSEQ. Con experiencia espec\u00edfica m\u00ednima de cinco (5) a\u00f1os en esta \u00e1rea para ejercer el cargo. Licencia en Salud y seguridad en el trabajo certificaci\u00f3n como Coordinador trabajo en altura y curso 50h de SGST.                            Coordinador supervisor o especialista                            Especializaci\u00f3n            Ingenier\u00eda industrialIngenier\u00eda ambiental  ForestalEspecializaci\u00f3n En Gerencia De La Salud Ocupacional5 a\u00f1os de experiencia                1                Vacante            Competencias para la vacante                                            HSEQ                                                                                    SG-SST", "tipo_contrato": "Contrato Por obra o labor", "nivel_educativo": "Especializaci\u00f3n", "categoria": "Coordinador supervisor o especialista", "sector": "Compa\u00f1ias petroleras", "experiencia": "5 a\u00f1os de experiencia", "id_empleo": "1884646621", "competencias": "HSEQ,SG-SST"}