{"url_empleo": "https://www.elempleo.com/co/ofertas-trabajo/developer-net-senior/1884653769", "fecha_recuperacion": "2021-03-01-22-05", "titulo_oferta": "Developer .net senior", "salario": "$6 a $8 millones", "ciudad": "Medell\u00edn", "fecha_publicacion": "Publicado 25 Feb 2021", "area": "Sistemas y Tecnolog\u00eda", "num_vacantes": "1 Vacante", "profesion": "Ingenier\u00eda de sistemas  Computaci\u00f3n", "descripcion_general": "Descripci\u00f3n general                Description:Developer with high knowledge for .NET framework and technologies associated for mid-large solutions. 5+ years of experience. Should be able to solve questions / help other dev team members Required Skills:  C1 English level .NET   Details: Level of education required: ProfessionalTitles in the areas of: Systems engineering or relatedProfessional Card: NoRequired certifications: NoTime of experience in activities related to the vacancy: +5 yearsCity of the vacancy: Remote in ColombiaHours per week to work: 45Availability 7x24: NoDate on which work is required to begin: As soon as possibleSalary range of the vacancy: $6\u2019000.000 up to $6\u2019500.000 COP monthlyType of expected contract: IndefiniteRequires fluent English: Yes, C1 Requires US VISA: No                    Description:Developer with high knowledge for .NET framework and technologies associated for mid-large solutions. 5+ years of experience. Should be able to solve questions / help other dev team members Required Skills:  C1 English level .NET   Details: Level of education required: ProfessionalTitles in the areas of: Systems engineering or relatedProfessional Card: NoRequired certifications: NoTime of experience in activities related to the vacancy: +5 yearsCity of the vacancy: Remote in ColombiaHours per week to work: 45Availability 7x24: NoDate on which work is required to begin: As soon as possibleSalary range of the vacancy: $6\u2019000.000 up to $6\u2019500.000 COP monthlyType of expected contract: IndefiniteRequires fluent English: Yes, C1 Requires US VISA: No                            Profesional                            Universitaria            Ingenier\u00eda de sistemas  Computaci\u00f3n5 a\u00f1os de experiencia                1                Vacante            Competencias para la vacante                                            .NET                                                                                    Developer                                                                                    ASP .NET", "tipo_contrato": "Contrato Indefinido", "nivel_educativo": "Universitaria", "categoria": "Profesional", "sector": "Inform\u00e1ticos", "experiencia": "5 a\u00f1os de experiencia", "id_empleo": "1884653769", "competencias": ".NET,Developer,ASP .NET"}