{"url_empleo": "https://www.elempleo.com/co/ofertas-trabajo/analista-senior-de-workforce-bilingue/1884670657", "fecha_recuperacion": "2021-03-01-22-08", "titulo_oferta": "Analista senior de workforce biling\u00fce", "salario": "Salario a convenir", "ciudad": "Toda Colombia", "fecha_publicacion": "Publicado 23 Feb 2021", "area": "Comercial, Ventas y Telemercadeo", "num_vacantes": "1 Vacante", "profesion": "Ingenier\u00eda industrial", "descripcion_general": "Descripci\u00f3n general                Buscamos personas con experiencia en la industria de BPO, Workforce liderando equipos, con alta capacidad de toma de decisiones,   excelente planeaci\u00f3n de proyectos y cumplimiento de m\u00e9tricas peri\u00f3dicamente. Ser\u00e1s responsable de garantizar el cumplimiento de las m\u00e9tricas de las operaciones, apoyar y dar visibilidad acerca de los proyectos del \u00e1rea a los clientes internos/ externos de la compa\u00f1\u00eda, as\u00ed como la generaci\u00f3n de pron\u00f3sticos, reporting del la operaci\u00f3n.  Requisitos:-Ingles Avanzado (Biling\u00fce B2-C1)-Experiencia min 1 a\u00f1o en posiciones de Workforce (Analistas de tiempo real)-Habilidades comerciales-Disponibilidad de tiempo completa-Nivel de Excel Avanzado-Salario en un rango entre 3\u00b4400.000 a 3\u00b4900.000                    Buscamos personas con experiencia en la industria de BPO, Workforce liderando equipos, con alta capacidad de toma de decisiones,   excelente planeaci\u00f3n de proyectos y cumplimiento de m\u00e9tricas peri\u00f3dicamente. Ser\u00e1s responsable de garantizar el cumplimiento de las m\u00e9tricas de las operaciones, apoyar y dar visibilidad acerca de los proyectos del \u00e1rea a los clientes internos/ externos de la compa\u00f1\u00eda, as\u00ed como la generaci\u00f3n de pron\u00f3sticos, reporting del la operaci\u00f3n.  Requisitos:-Ingles Avanzado (Biling\u00fce B2-C1)-Experiencia min 1 a\u00f1o en posiciones de Workforce (Analistas de tiempo real)-Habilidades comerciales-Disponibilidad de tiempo completa-Nivel de Excel Avanzado-Salario en un rango entre 3\u00b4400.000 a 3\u00b4900.000                            Profesional                            Universitaria            Ingenier\u00eda industrialAdministraci\u00f3n de empresasAdministraci\u00f3n de negociosEstad\u00edstica1 a\u00f1o de experiencia                1                Vacante            Competencias para la vacante                                            ingeniera                                                                                    administracion                                                                                    estadistica                                                                                    workforce                                                                                    WFM                                                                                    comercial                                                                                    WF", "tipo_contrato": "Contrato Indefinido", "nivel_educativo": "Universitaria", "categoria": "Profesional", "sector": "Servicios de telecomunicaciones", "experiencia": "1 a\u00f1o de experiencia", "id_empleo": "1884670657", "competencias": "ingeniera,administracion,estadistica,workforce,WFM,comercial,WF"}