{"url_empleo": "https://www.elempleo.com/co/ofertas-trabajo/analista-de-nomina-cartagena/1884547210", "fecha_recuperacion": "2021-03-01-22-15", "titulo_oferta": "Analista de nomina - cartagena", "salario": "$1,5 a $2 millones", "ciudad": "Bogot\u00e1", "fecha_publicacion": "Publicado 18 Feb 2021", "area": "Administrativa y Financiera", "num_vacantes": "1 Vacante", "profesion": "Contadur\u00eda", "descripcion_general": "Descripci\u00f3n general                Importante multinacional dedicada a la producci\u00f3n y comercializaci\u00f3n de empaques pl\u00e1sticos, requiere para su equipo de trabajo ANALISTA DE NOMINA En al ciudad de Cartagena con minimo 3 a\u00f1os de experiencia.Debe contar con experiencia liquidando nomina de mas de 900 colaboradores.Persona din\u00e1mica, con excelente comunicaci\u00f3n, Pro-activa, Habilidad para trabajar con autonom\u00eda. Requisitos:  Debe contar con formaci\u00f3n acad\u00e9mica en Contabilidad y finanzas. * Importante manejar paquete office avanzado* Tener experiencia generando nomina de cargos operativos (extras), comerciales (bonificaciones), administrativos, Gerenciales. Horario: 7:00Am - 4:30Pm L-V 7:00Am - 12:00Pm s\u00e1badosContamos con servicio de ruta Ciudad: Cartagena                    Importante multinacional dedicada a la producci\u00f3n y comercializaci\u00f3n de empaques pl\u00e1sticos, requiere para su equipo de trabajo ANALISTA DE NOMINA En al ciudad de Cartagena con minimo 3 a\u00f1os de experiencia.Debe contar con experiencia liquidando nomina de mas de 900 colaboradores.Persona din\u00e1mica, con excelente comunicaci\u00f3n, Pro-activa, Habilidad para trabajar con autonom\u00eda. Requisitos:  Debe contar con formaci\u00f3n acad\u00e9mica en Contabilidad y finanzas. * Importante manejar paquete office avanzado* Tener experiencia generando nomina de cargos operativos (extras), comerciales (bonificaciones), administrativos, Gerenciales. Horario: 7:00Am - 4:30Pm L-V 7:00Am - 12:00Pm s\u00e1badosContamos con servicio de ruta Ciudad: Cartagena                            Profesional                            Universitaria            Contadur\u00edaAdministraci\u00f3n financiera3 a\u00f1os de experiencia                1                Vacante            Competencias para la vacante                                            contaduria                                                                                    finanzas", "tipo_contrato": "", "nivel_educativo": "Universitaria", "categoria": "Profesional", "sector": "Manufacturas varias", "experiencia": "3 a\u00f1os de experiencia", "id_empleo": "1884547210", "competencias": "contaduria,finanzas"}