{"url_empleo": "https://www.elempleo.com/co/ofertas-trabajo/director-contribucion-parafiscal/1884594814", "fecha_recuperacion": "2021-03-01-22-10", "titulo_oferta": "Director contribuci\u00f3n parafiscal", "salario": "$10 a $12,5 millones", "ciudad": "Bogot\u00e1", "fecha_publicacion": "Publicado 22 Feb 2021", "area": "Administrativa y Financiera", "num_vacantes": "1 Vacante", "profesion": "Derecho Abogado", "descripcion_general": "Descripci\u00f3n general                FIDUCOLDEX requiere para su Patrimonio Aut\u00f3nomo FONTUR Profesional en Derecho con Especializaci\u00f3n en Derecho Tributario. Debe tener conocimientos generales en asuntos tributarios y espec\u00edficos en fiscalizaci\u00f3n, cobro, recaudo y procedimiento tributario, an\u00e1lisis de normas tributarias. Debe tener experiencia general de 5 a\u00f1os en asuntos tributarios, como fiscalizaci\u00f3n, cobro, recaudo, procedimiento y espec\u00edfica de 3 a\u00f1os en direcci\u00f3n o coordinaci\u00f3n de equipos de trabajo en \u00e1reas de gesti\u00f3n tributaria, cobro, recaudo, procedimiento. Su prop\u00f3sito dirigir la elaboraci\u00f3n y ejecuci\u00f3n de la estrategia de recaudo de la Contribuci\u00f3n Parafiscal para la Promoci\u00f3n al Turismo, mediante la fijaci\u00f3n de directrices y procesos que permitan incrementar el recaudo, con el fin de asegurar el cumplimiento de metas establecidas. Buscamos una persona con alto nivel de orientaci\u00f3n al servicio, trabajo en equipo, innovaci\u00f3n, orientaci\u00f3n a resultados y compresi\u00f3n estrat\u00e9gica de negocio. Ofrecemos contrato directo por la compa\u00f1\u00eda y excelentes beneficios.                    FIDUCOLDEX requiere para su Patrimonio Aut\u00f3nomo FONTUR Profesional en Derecho con Especializaci\u00f3n en Derecho Tributario. Debe tener conocimientos generales en asuntos tributarios y espec\u00edficos en fiscalizaci\u00f3n, cobro, recaudo y procedimiento tributario, an\u00e1lisis de normas tributarias. Debe tener experiencia general de 5 a\u00f1os en asuntos tributarios, como fiscalizaci\u00f3n, cobro, recaudo, procedimiento y espec\u00edfica de 3 a\u00f1os en direcci\u00f3n o coordinaci\u00f3n de equipos de trabajo en \u00e1reas de gesti\u00f3n tributaria, cobro, recaudo, procedimiento. Su prop\u00f3sito dirigir la elaboraci\u00f3n y ejecuci\u00f3n de la estrategia de recaudo de la Contribuci\u00f3n Parafiscal para la Promoci\u00f3n al Turismo, mediante la fijaci\u00f3n de directrices y procesos que permitan incrementar el recaudo, con el fin de asegurar el cumplimiento de metas establecidas. Buscamos una persona con alto nivel de orientaci\u00f3n al servicio, trabajo en equipo, innovaci\u00f3n, orientaci\u00f3n a resultados y compresi\u00f3n estrat\u00e9gica de negocio. Ofrecemos contrato directo por la compa\u00f1\u00eda y excelentes beneficios.                            Gerente                            Especializaci\u00f3n            Derecho AbogadoOtra Especializaci\u00f3n5 a\u00f1os de experiencia                1                Vacante            Competencias para la vacante                                            Derecho Tributario                                                                                    gesti\u00f3n tributaria                                                                                    Contribuci\u00f3n Parafiscal                                                                                    recaudo", "tipo_contrato": "Contrato Indefinido", "nivel_educativo": "Especializaci\u00f3n", "categoria": "Gerente", "sector": "Turismo", "experiencia": "5 a\u00f1os de experiencia", "id_empleo": "1884594814", "competencias": "Derecho Tributario,gesti\u00f3n tributaria,Contribuci\u00f3n Parafiscal,recaudo"}