{"url_empleo": "https://www.elempleo.com/co/ofertas-trabajo/servicios-generales-ibague-para-trabajar-por-dias/1884560303", "fecha_recuperacion": "2021-03-01-22-04", "titulo_oferta": "Servicios generales (ibagu\u00e9, para trabajar por d\u00edas)", "salario": "Menos de $1 mill\u00f3n", "ciudad": "Ibagu\u00e9", "fecha_publicacion": "Publicado 26 Feb 2021", "area": "Servicios Generales, Aseo y Vigi...", "num_vacantes": "1 Vacante", "profesion": "Otra", "descripcion_general": "Descripci\u00f3n general                Empresa del sector Aseo requiere MUJER con experiencia para el cargo de Servicios Generales, que pueda trabajar en equipo y posea sentido de colaboraci\u00f3n, para trabajar por d\u00edas en la ciudad de Ibagu\u00e9.  Debe tener excelente presentaci\u00f3n personal y muy buena actitud.  Funciones: *Responder por el aseo y el cuidado de las zonas o \u00e1reas que le sean asignadas. * Responder por los elementos utilizados para la ejecuci\u00f3n de sus tareas. * Dedicar todo el tiempo de la jornada laboral en su zona o \u00e1rea asignada.                    Empresa del sector Aseo requiere MUJER con experiencia para el cargo de Servicios Generales, que pueda trabajar en equipo y posea sentido de colaboraci\u00f3n, para trabajar por d\u00edas en la ciudad de Ibagu\u00e9.  Debe tener excelente presentaci\u00f3n personal y muy buena actitud.  Funciones: *Responder por el aseo y el cuidado de las zonas o \u00e1reas que le sean asignadas. * Responder por los elementos utilizados para la ejecuci\u00f3n de sus tareas. * Dedicar todo el tiempo de la jornada laboral en su zona o \u00e1rea asignada.                            Auxiliar, asistencial y otros                            Media (10\u00b0 - 13\u00b0)            Otra1 a\u00f1o de experiencia                1                Vacante            Competencias para la vacante                                            servicios generales                                                                                    oficios varios", "tipo_contrato": "Contrato Por obra o labor", "nivel_educativo": "Media (10\u00b0 - 13\u00b0)", "categoria": "Auxiliar, asistencial y otros", "sector": "Servicios de aseo", "experiencia": "1 a\u00f1o de experiencia", "id_empleo": "1884560303", "competencias": "servicios generales,oficios varios"}