{"url_empleo": "https://www.elempleo.com/co/ofertas-trabajo/auxiliar-contable/1884653998", "fecha_recuperacion": "2021-03-01-22-08", "titulo_oferta": "Auxiliar contable", "salario": "Salario a convenir", "ciudad": "Medell\u00edn", "fecha_publicacion": "Publicado 24 Feb 2021", "area": "Contabilidad: cartera y costos", "num_vacantes": "1 Vacante", "profesion": "Contadur\u00eda", "descripcion_general": "Descripci\u00f3n general                Empresa constructora ubicada en la ciudad de Medell\u00edn busca para su equipo de trabajo a Auxiliar Contable con m\u00ednimo 5 a\u00f1os de experiencia y estudios t\u00e9cnicos o profesionales en \u00e1reas contables. Ser\u00e1 la encargada de apoyar el control y contabilizaci\u00f3n de las diferentes operaciones financieras y el adecuado manejo del presupuesto.Horario: lunes a viernes 7:30 am a 5:30 pm                    Empresa constructora ubicada en la ciudad de Medell\u00edn busca para su equipo de trabajo a Auxiliar Contable con m\u00ednimo 5 a\u00f1os de experiencia y estudios t\u00e9cnicos o profesionales en \u00e1reas contables. Ser\u00e1 la encargada de apoyar el control y contabilizaci\u00f3n de las diferentes operaciones financieras y el adecuado manejo del presupuesto.Horario: lunes a viernes 7:30 am a 5:30 pm                            Profesional                            Universitaria            Contadur\u00edaT\u00e9cnico en Gesti\u00f3n Contable5 a\u00f1os de experiencia                1                Vacante            Competencias para la vacante                                            auxiliar contable                                                                                    asistente contable                                                                                    contador", "tipo_contrato": "", "nivel_educativo": "Universitaria", "categoria": "Profesional", "sector": "Construcci\u00f3n", "experiencia": "5 a\u00f1os de experiencia", "id_empleo": "1884653998", "competencias": "auxiliar contable,asistente contable,contador"}