{"url_empleo": "https://www.elempleo.com/co/ofertas-trabajo/coordinador-de-sst/1884238323", "fecha_recuperacion": "2021-03-01-22-07", "titulo_oferta": "Coordinador de sst", "salario": "$2 a $2,5 millones", "ciudad": "Bogot\u00e1", "fecha_publicacion": "Publicado 24 Feb 2021", "area": "Seguridad Industrial, Ambiental ...", "num_vacantes": "1 Vacante", "profesion": "Otra", "descripcion_general": "Descripci\u00f3n general                Reconocido club , requiere Profesional en Salud Ocupacional o afines con licencia vigente  nivel Profesional en SST (requisito). Importante, debe tener vigente el curso como Coordinador de Trabajo en Alturas, contar con conocimientos espec\u00edficos en SG- SST, normatividad, inspecciones de seguridad y accidentes, manejo administrativo y operativo de SST, manejo de herramientas ofim\u00e1ticas e indicadores de gesti\u00f3n, manejo y entrega de informes gerenciales, contar con ,m\u00ednimo 2 a\u00f1os de experiencia como Coordinador de SST manejando y coordinando proceso administrativo del SG SST. Disponibilidada para laborar de L-V de 7A.00 am a 5:00 pm y Sabados de 7:00 am a 12:00 pm. Salario: 2.400.000 + ley. Interesados que cumplan con lo solicitado postular HV a la vacante.                    Reconocido club , requiere Profesional en Salud Ocupacional o afines con licencia vigente  nivel Profesional en SST (requisito). Importante, debe tener vigente el curso como Coordinador de Trabajo en Alturas, contar con conocimientos espec\u00edficos en SG- SST, normatividad, inspecciones de seguridad y accidentes, manejo administrativo y operativo de SST, manejo de herramientas ofim\u00e1ticas e indicadores de gesti\u00f3n, manejo y entrega de informes gerenciales, contar con ,m\u00ednimo 2 a\u00f1os de experiencia como Coordinador de SST manejando y coordinando proceso administrativo del SG SST. Disponibilidada para laborar de L-V de 7A.00 am a 5:00 pm y Sabados de 7:00 am a 12:00 pm. Salario: 2.400.000 + ley. Interesados que cumplan con lo solicitado postular HV a la vacante.                            Profesional                            Universitaria            Otra2 a\u00f1os de experiencia                1                Vacante            Competencias para la vacante                                            salud ocupacional                                                                                    coordinador de trabajo en alturas                                                                                    licencia", "tipo_contrato": "", "nivel_educativo": "Universitaria", "categoria": "Profesional", "sector": "Servicios de aseo", "experiencia": "2 a\u00f1os de experiencia", "id_empleo": "1884238323", "competencias": "salud ocupacional,coordinador de trabajo en alturas,licencia"}