{"url_empleo": "https://www.elempleo.com/co/ofertas-trabajo/analista-de-ciberseguridad-x/1884553727", "fecha_recuperacion": "2021-03-01-22-16", "titulo_oferta": "Analista de ciberseguridad / 7x24", "salario": "$1,5 a $2 millones", "ciudad": "Bogot\u00e1", "fecha_publicacion": "Publicado 17 Feb 2021", "area": "Sistemas y Tecnolog\u00eda", "num_vacantes": "1 Vacante", "profesion": "Ingenier\u00eda de sistemas  Computaci\u00f3n", "descripcion_general": "Descripci\u00f3n general                Importante empresa del sector tecnol\u00f3gico, requiere personal para su equipo de trabajo personal con estudios tecnicos, tecnologos o profesionales en carreras como Ingenier\u00eda de Sistemas o carreras a fines, con experiencia m\u00ednima 1 a\u00f1o realizando procesos de ciberseguridad, dentro de su rol esta persona sera la encargada de realizar Monitoreo y control de plataformas de seguridad y Verificar alertas de seguridad informatica. El horario  es de Lunes a Viernes con disponibilidad de tiempo 7X24. Salario de $1.500.000+ Ax. de transporte+ prestaciones de ley+ recargos y horas extras,+Contrato a termino Indefinido.                    Importante empresa del sector tecnol\u00f3gico, requiere personal para su equipo de trabajo personal con estudios tecnicos, tecnologos o profesionales en carreras como Ingenier\u00eda de Sistemas o carreras a fines, con experiencia m\u00ednima 1 a\u00f1o realizando procesos de ciberseguridad, dentro de su rol esta persona sera la encargada de realizar Monitoreo y control de plataformas de seguridad y Verificar alertas de seguridad informatica. El horario  es de Lunes a Viernes con disponibilidad de tiempo 7X24. Salario de $1.500.000+ Ax. de transporte+ prestaciones de ley+ recargos y horas extras,+Contrato a termino Indefinido.                            Auxiliar, asistencial y otros                            Tecnol\u00f3gica            Ingenier\u00eda de sistemas  Computaci\u00f3nTecn Sistemas  Computaci\u00f3n2 a\u00f1os de experiencia                1                Vacante            Competencias para la vacante                                            Ciberseguridad", "tipo_contrato": "Contrato Indefinido", "nivel_educativo": "Tecnol\u00f3gica", "categoria": "Auxiliar, asistencial y otros", "sector": "Ciencia y tecnolog\u00eda", "experiencia": "2 a\u00f1os de experiencia", "id_empleo": "1884553727", "competencias": "Ciberseguridad"}