{"url_empleo": "https://www.elempleo.com/co/ofertas-trabajo/apoyo-logistico-girardot/1884633209", "fecha_recuperacion": "2021-03-01-22-14", "titulo_oferta": "Apoyo log\u00edstico - girardot", "salario": "Menos de $1 mill\u00f3n", "ciudad": "Bogot\u00e1", "fecha_publicacion": "Publicado 18 Feb 2021", "area": "Log\u00edstica y Distribuci\u00f3n", "num_vacantes": "1 Vacante", "profesion": "Bachillerato Acad\u00e9mico", "descripcion_general": "Descripci\u00f3n general                Reconocido Club ubicado en Ricaurte (Cundinamarca), requiere hombres para APOYO LOG\u00cdSTICO, personal con conocimientos en seguridad y servicio al cliente, realizando actividades de prevenci\u00f3n y detecci\u00f3n de anormalidades al interior de la empresa, controlando el cumplimiento de normas y disposiciones  reglamentadas, registrando novedades en el tiempo cumplido e informar anomal\u00edas, excelente servicio al cliente, buena comunicaci\u00f3n.Debe contar con m\u00ednimo 1 a\u00f1o de experiencia en cargos similares.FUNCIONES: Reportar novedades al supervisor, registrar en el libro de minuta todos los sucesos del d\u00eda, registrar el ingreso y salida del personal, Socios, auxiliares, contratistas y empleados, anunciar el personal que ingresa a las casas, confirmar las autorizaciones de ingreso, verificaci\u00f3n de novedades en las casas y reporte a la hora estipulada con la central de monitoreo por el radio de comunicaciones.HORARIO: De Lunes a Domingo con dia de descanso, 8 horas diarias.SALARIO: $ 877.803 + Horas extras y recargos que se generen + prestaciones de ley.Interesados aplicar a la oferta.                    Reconocido Club ubicado en Ricaurte (Cundinamarca), requiere hombres para APOYO LOG\u00cdSTICO, personal con conocimientos en seguridad y servicio al cliente, realizando actividades de prevenci\u00f3n y detecci\u00f3n de anormalidades al interior de la empresa, controlando el cumplimiento de normas y disposiciones  reglamentadas, registrando novedades en el tiempo cumplido e informar anomal\u00edas, excelente servicio al cliente, buena comunicaci\u00f3n.Debe contar con m\u00ednimo 1 a\u00f1o de experiencia en cargos similares.FUNCIONES: Reportar novedades al supervisor, registrar en el libro de minuta todos los sucesos del d\u00eda, registrar el ingreso y salida del personal, Socios, auxiliares, contratistas y empleados, anunciar el personal que ingresa a las casas, confirmar las autorizaciones de ingreso, verificaci\u00f3n de novedades en las casas y reporte a la hora estipulada con la central de monitoreo por el radio de comunicaciones.HORARIO: De Lunes a Domingo con dia de descanso, 8 horas diarias.SALARIO: $ 877.803 + Horas extras y recargos que se generen + prestaciones de ley.Interesados aplicar a la oferta.                            Auxiliar, asistencial y otros                            Media (10\u00b0 - 13\u00b0)            Bachillerato Acad\u00e9micoBachillerato ComercialBachillerato T\u00e9cnico1 a\u00f1o de experiencia                1                Vacante            Competencias para la vacante                                            vigilancia                                                                                    operario", "tipo_contrato": "Contrato Por obra o labor", "nivel_educativo": "Media (10\u00b0 - 13\u00b0)", "categoria": "Auxiliar, asistencial y otros", "sector": "Clubes", "experiencia": "1 a\u00f1o de experiencia", "id_empleo": "1884633209", "competencias": "vigilancia,operario"}