{"url_empleo": "https://www.elempleo.com/co/ofertas-trabajo/ginecologo-hrs-am-pm-cali/1884672944", "fecha_recuperacion": "2021-03-01-22-15", "titulo_oferta": "Ginec\u00f3logo 161 hrs am / pm - cali", "salario": "$12,5 a $15 millones", "ciudad": "Cali", "fecha_publicacion": "Publicado 18 Feb 2021", "area": "Salud", "num_vacantes": "1 Vacante", "profesion": "Medicina", "descripcion_general": "Descripci\u00f3n general                Nos encontramos en la b\u00fasqueda de MEDICO ESPECIALISTA EN GINECOLOGIA quien trabajar\u00e1 en nuestro nuevo centro m\u00e9dico ubicado en la ciudad de Cali, con atenci\u00f3n a pacientes de Plan Obligatorio de Salud.  El enfoque del cargo consiste en garantizar la atenci\u00f3n humana, resolutiva y oportuna de nuestros pacientes de consulta externa a trav\u00e9s del correcto acompa\u00f1amiento, tratamiento y prevenci\u00f3n de las enfermedades con altos est\u00e1ndares de calidad para los usuarios inscritos al centro m\u00e9dico. Disponibilidad de 161 Horas AM/ PM mensuales entre lunes a viernes y un s\u00e1bado cada 15 d\u00edas de 7:00 am a 1:00 pm. Vinculaci\u00f3n directa con la Fundaci\u00f3n mediante un contrato por Prestaci\u00f3n de Servicios. Valor Hora $ 91.207 REQUISITOS:-Ginec\u00f3logo graduado con experiencia m\u00ednima de 2 a\u00f1os realizando consulta externa                    Nos encontramos en la b\u00fasqueda de MEDICO ESPECIALISTA EN GINECOLOGIA quien trabajar\u00e1 en nuestro nuevo centro m\u00e9dico ubicado en la ciudad de Cali, con atenci\u00f3n a pacientes de Plan Obligatorio de Salud.  El enfoque del cargo consiste en garantizar la atenci\u00f3n humana, resolutiva y oportuna de nuestros pacientes de consulta externa a trav\u00e9s del correcto acompa\u00f1amiento, tratamiento y prevenci\u00f3n de las enfermedades con altos est\u00e1ndares de calidad para los usuarios inscritos al centro m\u00e9dico. Disponibilidad de 161 Horas AM/ PM mensuales entre lunes a viernes y un s\u00e1bado cada 15 d\u00edas de 7:00 am a 1:00 pm. Vinculaci\u00f3n directa con la Fundaci\u00f3n mediante un contrato por Prestaci\u00f3n de Servicios. Valor Hora $ 91.207 REQUISITOS:-Ginec\u00f3logo graduado con experiencia m\u00ednima de 2 a\u00f1os realizando consulta externa                            Profesional Senior                            Especializaci\u00f3n            Medicina2 a\u00f1os de experiencia                1                Vacante            Competencias para la vacante                                            Ginecologo                                                                                    Ginecologa                                                                                    Medico especialista en ginecologia                                                                                    salud", "tipo_contrato": "Contrato Prestacion de Servicios", "nivel_educativo": "Especializaci\u00f3n", "categoria": "Profesional Senior", "sector": "Salud, trabajo y seguridad social", "experiencia": "2 a\u00f1os de experiencia", "id_empleo": "1884672944", "competencias": "Ginecologo,Ginecologa,Medico especialista en ginecologia,salud"}