{"url_empleo": "https://www.elempleo.com/co/ofertas-trabajo/agente-de-mesa-de-servicios-nivel-ii/1884671236", "fecha_recuperacion": "2021-03-01-22-17", "titulo_oferta": "Agente de mesa de servicios nivel ii", "salario": "$1 a $1,5 millones", "ciudad": "Bogot\u00e1", "fecha_publicacion": "Publicado 17 Feb 2021", "area": "Sistemas", "num_vacantes": "1 Vacante", "profesion": "Tecn Sistemas  Computaci\u00f3n", "descripcion_general": "Descripci\u00f3n general                Importante organizaci\u00f3n requiere para su equipo de trabajo, t\u00e9cnico, tecnologo o profesional (con TP) en carreras como sistemas, inform\u00e1tica, telecomunicaciones, electr\u00f3nica, redes, teleinformatica, o afines, con 3 a\u00f1os de experiencia en soporte hardware y software (ofim\u00e1tico) en soporte de mesa de servicios de tecnolog\u00eda de la informaci\u00f3n y las comunicaciones TIC. Preferiblemente con certificaci\u00f3n ITIL V3 o superior (requisito negociable). Excelente oportunidad de capacitaci\u00f3n. Postula tu perfil y haz parte de un gran equipo.                    Importante organizaci\u00f3n requiere para su equipo de trabajo, t\u00e9cnico, tecnologo o profesional (con TP) en carreras como sistemas, inform\u00e1tica, telecomunicaciones, electr\u00f3nica, redes, teleinformatica, o afines, con 3 a\u00f1os de experiencia en soporte hardware y software (ofim\u00e1tico) en soporte de mesa de servicios de tecnolog\u00eda de la informaci\u00f3n y las comunicaciones TIC. Preferiblemente con certificaci\u00f3n ITIL V3 o superior (requisito negociable). Excelente oportunidad de capacitaci\u00f3n. Postula tu perfil y haz parte de un gran equipo.                            Profesional                            Formaci\u00f3n Tec profesional            Tecn Sistemas  Computaci\u00f3nIngenier\u00eda de telecomunicacionesIngenier\u00eda de redes y telecomunicaciones3 a\u00f1os de experiencia                1                Vacante            Competencias para la vacante                                            redes de datos                                                                                    administrador de sistemas informaticos                                                                                    telecomunicaciones", "tipo_contrato": "", "nivel_educativo": "Formaci\u00f3n Tec profesional", "categoria": "Profesional", "sector": "Ciencia y tecnolog\u00eda", "experiencia": "3 a\u00f1os de experiencia", "id_empleo": "1884671236", "competencias": "redes de datos,administrador de sistemas informaticos,telecomunicaciones"}