{"url_empleo": "https://www.elempleo.com/co/ofertas-trabajo/tecnico-municipal-de-las-jornadas-de-justicia-movil/1884671259", "fecha_recuperacion": "2021-03-01-22-11", "titulo_oferta": "T\u00e9cnico municipal de las jornadas de justicia m\u00f3vil", "salario": "$1,5 a $2 millones", "ciudad": "Bogot\u00e1", "fecha_publicacion": "Publicado 22 Feb 2021", "area": "Proyectos (an\u00e1lisis, desarrollo,...", "num_vacantes": "1 Vacante", "profesion": "Ciencias pol\u00edticas y gobierno", "descripcion_general": "Descripci\u00f3n general                Apoyar la implementaci\u00f3n de procesos de articulaci\u00f3n territorial en el marco de la estrategia de acceso a la justicia, para la atenci\u00f3n y orientaci\u00f3n a las v\u00edctimas el conflicto armado con enfoque diferencial,  brindar acompa\u00f1amiento y capacitaci\u00f3n a las v\u00edctimas y sus organizaciones,  en rutas de acceso a la Justicia Transicional y en la normativa e institucional del Acuerdo Final de Paz y especialmente al cumplimiento del punto n\u00famero 5, en lo concerniente al Sistema Integral de Verdad, Justicia, Reparaci\u00f3n y Garant\u00edas de No Repetici\u00f3n (SIVJRNR) en el marco del convenio 383 entre FUPAD y Ministerio de Justicia.                    Apoyar la implementaci\u00f3n de procesos de articulaci\u00f3n territorial en el marco de la estrategia de acceso a la justicia, para la atenci\u00f3n y orientaci\u00f3n a las v\u00edctimas el conflicto armado con enfoque diferencial,  brindar acompa\u00f1amiento y capacitaci\u00f3n a las v\u00edctimas y sus organizaciones,  en rutas de acceso a la Justicia Transicional y en la normativa e institucional del Acuerdo Final de Paz y especialmente al cumplimiento del punto n\u00famero 5, en lo concerniente al Sistema Integral de Verdad, Justicia, Reparaci\u00f3n y Garant\u00edas de No Repetici\u00f3n (SIVJRNR) en el marco del convenio 383 entre FUPAD y Ministerio de Justicia.                            Profesional Senior                            Tecnol\u00f3gica            Ciencias pol\u00edticas y gobiernoTrabajo socialAdministraci\u00f3n de empresasMenos de un a\u00f1o de experiencia                1                Vacante            Competencias para la vacante                                            tecnico", "tipo_contrato": "Contrato Prestacion de Servicios", "nivel_educativo": "Tecnol\u00f3gica", "categoria": "Profesional Senior", "sector": "Organizaciones no gubernamentale...", "experiencia": "Menos de un a\u00f1o de experiencia", "id_empleo": "1884671259", "competencias": "tecnico"}