{"url_empleo": "https://www.elempleo.com/co/ofertas-trabajo/auxiliar-administrativa-bogota/1884635262", "fecha_recuperacion": "2021-03-01-22-01", "titulo_oferta": "Auxiliar administrativa bogota", "salario": "$1 a $1,5 millones", "ciudad": "Bogot\u00e1", "fecha_publicacion": "Publicado 1 Mar 2021", "area": "Ventas", "num_vacantes": "1 Vacante", "profesion": "Gesti\u00f3n documental", "descripcion_general": "Descripci\u00f3n general                POR CRECIMIENTO SE APERTURA 10 VACANTES EN EL CARGO DE AUXILIAR ADMINISTRATIVA  EN LA CIUDAD DE BOGOTA PARA LABORAR  EN  UNA PRESTIGIOSA Y  RECONOCIDA EMPRESA DE TELECOMUNICACIONES LLAMADA CLARO. REQUISITOS:1.\tTECNOLOGO EN ADMINISTRACI\u00d3N DE EMPRESAS O CARRERAS A FINES2.\tSEGUIMIENTO DE INDICADORES DE GESTI\u00d3N, MANEJO DE GRUPOS, CUMPLIMIENTO DE METAS3.\tEXPERIENCIA EN  CAJA, FACTURACI\u00d3N, ARCHIVO, MANEJO DE INVENTARIOS, SEGUIMIENTO DE INDICADORES CARACTER\u00cdSTICAS DEL CARGO: \u2022\tDE LUNES A SABADO 2 DOMINGOS AL MES\u2022\tDIA COMPENSATORIO ENTRE SEMANA \u2022\tTURNOS ROTATIVOS DE 8 HORAS\u2022\tSALARIO: 945.000+ PRESTACIONES DE LEY +COMISIONES + BONIFICACIONES NO SOMOS UNA TEMPORAL, CONTRATACI\u00d3N INMEDIATA Y TERMINO INDEFINIDO NO TE PIERDAS LA OPORTUNIDAD DE TENER CON NOSOTROS ESTA GRANDIOSA OPORTUNIDAD DE ESTAR ESTABLEMENTE LABORAL.                    POR CRECIMIENTO SE APERTURA 10 VACANTES EN EL CARGO DE AUXILIAR ADMINISTRATIVA  EN LA CIUDAD DE BOGOTA PARA LABORAR  EN  UNA PRESTIGIOSA Y  RECONOCIDA EMPRESA DE TELECOMUNICACIONES LLAMADA CLARO. REQUISITOS:1.\tTECNOLOGO EN ADMINISTRACI\u00d3N DE EMPRESAS O CARRERAS A FINES2.\tSEGUIMIENTO DE INDICADORES DE GESTI\u00d3N, MANEJO DE GRUPOS, CUMPLIMIENTO DE METAS3.\tEXPERIENCIA EN  CAJA, FACTURACI\u00d3N, ARCHIVO, MANEJO DE INVENTARIOS, SEGUIMIENTO DE INDICADORES CARACTER\u00cdSTICAS DEL CARGO: \u2022\tDE LUNES A SABADO 2 DOMINGOS AL MES\u2022\tDIA COMPENSATORIO ENTRE SEMANA \u2022\tTURNOS ROTATIVOS DE 8 HORAS\u2022\tSALARIO: 945.000+ PRESTACIONES DE LEY +COMISIONES + BONIFICACIONES NO SOMOS UNA TEMPORAL, CONTRATACI\u00d3N INMEDIATA Y TERMINO INDEFINIDO NO TE PIERDAS LA OPORTUNIDAD DE TENER CON NOSOTROS ESTA GRANDIOSA OPORTUNIDAD DE ESTAR ESTABLEMENTE LABORAL.                            Auxiliar, asistencial y otros                            T\u00e9cnico Laboral            Gesti\u00f3n documental 2 a\u00f1os de experiencia                1                Vacante            Competencias para la vacante                                            ADMINISTRATIVA                                                                                    AUXILIAR", "tipo_contrato": "Contrato Indefinido", "nivel_educativo": "T\u00e9cnico Laboral", "categoria": "Auxiliar, asistencial y otros", "sector": "Equipos de telecomunicaciones", "experiencia": "2 a\u00f1os de experiencia", "id_empleo": "1884635262", "competencias": "ADMINISTRATIVA,AUXILIAR"}