{"url_empleo": "https://www.elempleo.com/co/ofertas-trabajo/tecnologo-en-sistemas/1884136306", "fecha_recuperacion": "2021-03-01-22-10", "titulo_oferta": "Tecnologo en sistemas", "salario": "Salario a convenir", "ciudad": "Medell\u00edn", "fecha_publicacion": "Publicado 22 Feb 2021", "area": "Sistemas y Tecnolog\u00eda", "num_vacantes": "1 Vacante", "profesion": "Ingenier\u00eda de sistemas  Computaci\u00f3n", "descripcion_general": "Descripci\u00f3n general                Se requiere para contrataci\u00f3n Inmediata HOMBRE con estudios Tecnol\u00f3gicos en SISTEMAS o estudiante de Ingenier\u00eda de Sistemas entre 5\u00b0 y 7\u00b0 semestre con manejo de EXCEL INTERMEDIO,  experiencia m\u00ednima de un a\u00f1o en manejo de REDES, Configuraci\u00f3n de Firewall, administraci\u00f3n de servidores, licenciamiento de Software, Mantenimiento preventivo y correctivo de equipos, Soporte a usuario final On Site, con conocimientos en la aplicabilidad de Sistemas en el \u00e1rea administrativa, FINANCIERA y de RECURSOS HUMANOS -manejo de aplicativos ERP. Disponibilidad para laborar en Horario administrativo de L- de 8:00 am a 6:00 pm. Salario: $2.000.000                    Se requiere para contrataci\u00f3n Inmediata HOMBRE con estudios Tecnol\u00f3gicos en SISTEMAS o estudiante de Ingenier\u00eda de Sistemas entre 5\u00b0 y 7\u00b0 semestre con manejo de EXCEL INTERMEDIO,  experiencia m\u00ednima de un a\u00f1o en manejo de REDES, Configuraci\u00f3n de Firewall, administraci\u00f3n de servidores, licenciamiento de Software, Mantenimiento preventivo y correctivo de equipos, Soporte a usuario final On Site, con conocimientos en la aplicabilidad de Sistemas en el \u00e1rea administrativa, FINANCIERA y de RECURSOS HUMANOS -manejo de aplicativos ERP. Disponibilidad para laborar en Horario administrativo de L- de 8:00 am a 6:00 pm. Salario: $2.000.000                            Auxiliar, asistencial y otros                            Tecnol\u00f3gica            Ingenier\u00eda de sistemas  Computaci\u00f3nTecn Sistemas  Computaci\u00f3n1 a\u00f1o de experienciaAsistente(Otro)                1                Vacante            Competencias para la vacante                                            tecnico                                                                                    sistemas                                                                                    analista", "tipo_contrato": "Contrato Indefinido", "nivel_educativo": "Tecnol\u00f3gica", "categoria": "Auxiliar, asistencial y otros", "sector": "Otros servicios", "experiencia": "1 a\u00f1o de experiencia", "id_empleo": "1884136306", "competencias": "tecnico,sistemas,analista"}