{"url_empleo": "https://www.elempleo.com/co/ofertas-trabajo/analista-de-seguridad-informatica-tecnico/1884646269", "fecha_recuperacion": "2021-03-01-22-01", "titulo_oferta": "Analista de seguridad informatica - tecnico", "salario": "$1,5 a $2 millones", "ciudad": "Bogot\u00e1", "fecha_publicacion": "Publicado 1 Mar 2021", "area": "Sistemas y Tecnolog\u00eda", "num_vacantes": "1 Vacante", "profesion": "Tecn Sistemas  Computaci\u00f3n", "descripcion_general": "Descripci\u00f3n general                Empresa de tecnolog\u00eda, se encuentra en b\u00fasqueda de un Analista de Seguridad Nivel I SOC. Debe tener:\u2022\tDisposici\u00f3n de aprendizaje para la gesti\u00f3n de incidentes de seguridad. \u2022\tCapacidad para realizar gesti\u00f3n documental del SOC.\u2022\tCapacidad para lectura e interpretaci\u00f3n de logs de herramientas de seguridad.\u2022\tConocimientos b\u00e1sicos en uso de herramienta SIEM\u2022\tConocimientos b\u00e1sicos en linux\u2022\tConocimientos b\u00e1sicos de networking\u2022\tAtenci\u00f3n de incidentes de incidentes de seguridad Nivel 1.\u2022\tCapacidad para creaci\u00f3n de alertas, dashboards y reportes para reporte a los clientes.\u2022\tRealizar procesos de seguimiento, gesti\u00f3n y control de usuarios en las aplicaciones Core.                    Empresa de tecnolog\u00eda, se encuentra en b\u00fasqueda de un Analista de Seguridad Nivel I SOC. Debe tener:\u2022\tDisposici\u00f3n de aprendizaje para la gesti\u00f3n de incidentes de seguridad. \u2022\tCapacidad para realizar gesti\u00f3n documental del SOC.\u2022\tCapacidad para lectura e interpretaci\u00f3n de logs de herramientas de seguridad.\u2022\tConocimientos b\u00e1sicos en uso de herramienta SIEM\u2022\tConocimientos b\u00e1sicos en linux\u2022\tConocimientos b\u00e1sicos de networking\u2022\tAtenci\u00f3n de incidentes de incidentes de seguridad Nivel 1.\u2022\tCapacidad para creaci\u00f3n de alertas, dashboards y reportes para reporte a los clientes.\u2022\tRealizar procesos de seguimiento, gesti\u00f3n y control de usuarios en las aplicaciones Core.                            Auxiliar, asistencial y otros                            T\u00e9cnico Laboral            Tecn Sistemas  Computaci\u00f3nTecnolog\u00eda En Desarrollo De Sistemas Inform\u00e1ticos1 a\u00f1o de experiencia                1                Vacante            Competencias para la vacante                                            SOC", "tipo_contrato": "Contrato Indefinido", "nivel_educativo": "T\u00e9cnico Laboral", "categoria": "Auxiliar, asistencial y otros", "sector": "Ciencia y tecnolog\u00eda", "experiencia": "1 a\u00f1o de experiencia", "id_empleo": "1884646269", "competencias": "SOC"}