{"url_empleo": "https://www.elempleo.com/co/ofertas-trabajo/vigilante-para-obra-de-construccion-rionegro/1884522578", "fecha_recuperacion": "2021-03-01-22-09", "titulo_oferta": "Vigilante para obra de construcci\u00f3n rionegro", "salario": "Menos de $1 mill\u00f3n", "ciudad": "Medell\u00edn", "fecha_publicacion": "Publicado 23 Feb 2021", "area": "Servicios Generales, Aseo y Vigi...", "num_vacantes": "1 Vacante", "profesion": "Construcci\u00f3n", "descripcion_general": "Descripci\u00f3n general                Se requiere vigilante para obra de construcci\u00f3n en rionegro con experiencia m\u00ednima de 6 meses.Salario $877.803+ aux. transporte legal+ recargos festivos y nocturnos (turnos de 8 horas).Obligatorio personal que viva en rionegro o sus alrededores.                    Se requiere vigilante para obra de construcci\u00f3n en rionegro con experiencia m\u00ednima de 6 meses.Salario $877.803+ aux. transporte legal+ recargos festivos y nocturnos (turnos de 8 horas).Obligatorio personal que viva en rionegro o sus alrededores.                            Auxiliar, asistencial y otros                            B\u00e1sica Primaria (1\u00b0 - 5\u00b0)            Construcci\u00f3nMenos de un a\u00f1o de experiencia                1                Vacante            Competencias para la vacante                                            vigilancia", "tipo_contrato": "Contrato Definido", "nivel_educativo": "B\u00e1sica Primaria (1\u00b0 - 5\u00b0)", "categoria": "Auxiliar, asistencial y otros", "sector": "Construcci\u00f3n", "experiencia": "Menos de un a\u00f1o de experiencia", "id_empleo": "1884522578", "competencias": "vigilancia"}