{"url_empleo": "https://www.elempleo.com/co/ofertas-trabajo/terapeuta-ocupacional-novedad/1884303186", "fecha_recuperacion": "2021-03-01-22-06", "titulo_oferta": "Terapeuta ocupacional -  novedad", "salario": "Salario a convenir", "ciudad": "Bogot\u00e1", "fecha_publicacion": "Publicado 25 Feb 2021", "area": "Salud", "num_vacantes": "1 Vacante", "profesion": "Terapia ocupacional", "descripcion_general": "Descripci\u00f3n general                Estamos en b\u00fasqueda de: Profesional en Terapia Ocupacional, con experiencia m\u00ednima de un (1) a\u00f1o con pacientes de enfermedad mental. Contrato directo, tiempo completo a t\u00e9rmino fijo por cubrimiento de vacaciones y todas las prestaciones de ley.                    Estamos en b\u00fasqueda de: Profesional en Terapia Ocupacional, con experiencia m\u00ednima de un (1) a\u00f1o con pacientes de enfermedad mental. Contrato directo, tiempo completo a t\u00e9rmino fijo por cubrimiento de vacaciones y todas las prestaciones de ley.                            Profesional                            Universitaria            Terapia ocupacional1 a\u00f1o de experiencia                1                Vacante            Competencias para la vacante                                            integraci\u00f3n sensorial                                                                                    rehabilitaci\u00f3n                                                                                    estimulaci\u00f3n                                                                                    enfermedad", "tipo_contrato": "Contrato Definido", "nivel_educativo": "Universitaria", "categoria": "Profesional", "sector": "Servicios hospitalarios, m\u00e9dicos...", "experiencia": "1 a\u00f1o de experiencia", "id_empleo": "1884303186", "competencias": "integraci\u00f3n sensorial,rehabilitaci\u00f3n,estimulaci\u00f3n,enfermedad"}