{"url_empleo": "https://www.elempleo.com/co/ofertas-trabajo/cloud-engineer/1884649414", "fecha_recuperacion": "2021-03-01-22-08", "titulo_oferta": "Cloud engineer", "salario": "$4,5 a $5,5 millones", "ciudad": "Bogot\u00e1", "fecha_publicacion": "Publicado 23 Feb 2021", "area": "Sistemas y Tecnolog\u00eda", "num_vacantes": "1 Vacante", "profesion": "Ingenier\u00eda de sistemas  Computaci\u00f3n", "descripcion_general": "Descripci\u00f3n general                Valid multinacional brasilera busca Cloud Engineer, objetivo del cargo Implementar las Soluciones de Valid, en infraestructura en la Nube o en datacenter del cliente, as\u00ed como dar soporte a los requerimientos, incidentes o problemas que se presentan durante el monitoreo o sean reportados por el cliente, garantizando el cumplimiento de los acuerdos de nivel de de servicio, Conocimientos en: Linux Seguridad Scripts en bash y Python Bases de datos: Postgress y Oracle Virtualizaci\u00f3n con VMware. Plus: virtual box AWS (Amazon web services) Monitoring Integraci\u00f3n continua Despliegues continuos Servidores de aplicaciones: Apache, y Tomcat Plus: wifly, weblogic, nginx, Jbos Ingles conversacional,\u00b7 Priorizar adecuadamente todos los requerimientos y tickets escalados para garantizar el cumplimiento de los acuerdos de servicio Registrar las actualizaciones de los tickets que le han sido asignados, para mantener al cliente informado sobre los diagn\u00f3sticos y soluciones realizadas a sus incidentes.\u00b7 Interactuar con el Ingeniero T\u00e9cnico Nivel 2, para escalar y atender incidentes cr\u00edticos que no ha podido resolver en su nivel de conocimiento.\u00b7 Interactuar con el equipo de desarrollo cuando sea necesario para pasarles informes sobre hallazgos y resultados de investigaciones sobre incidentes ocurridos.                    Valid multinacional brasilera busca Cloud Engineer, objetivo del cargo Implementar las Soluciones de Valid, en infraestructura en la Nube o en datacenter del cliente, as\u00ed como dar soporte a los requerimientos, incidentes o problemas que se presentan durante el monitoreo o sean reportados por el cliente, garantizando el cumplimiento de los acuerdos de nivel de de servicio, Conocimientos en: Linux Seguridad Scripts en bash y Python Bases de datos: Postgress y Oracle Virtualizaci\u00f3n con VMware. Plus: virtual box AWS (Amazon web services) Monitoring Integraci\u00f3n continua Despliegues continuos Servidores de aplicaciones: Apache, y Tomcat Plus: wifly, weblogic, nginx, Jbos Ingles conversacional,\u00b7 Priorizar adecuadamente todos los requerimientos y tickets escalados para garantizar el cumplimiento de los acuerdos de servicio Registrar las actualizaciones de los tickets que le han sido asignados, para mantener al cliente informado sobre los diagn\u00f3sticos y soluciones realizadas a sus incidentes.\u00b7 Interactuar con el Ingeniero T\u00e9cnico Nivel 2, para escalar y atender incidentes cr\u00edticos que no ha podido resolver en su nivel de conocimiento.\u00b7 Interactuar con el equipo de desarrollo cuando sea necesario para pasarles informes sobre hallazgos y resultados de investigaciones sobre incidentes ocurridos.                            Profesional Senior                            Universitaria            Ingenier\u00eda de sistemas  Computaci\u00f3n2 a\u00f1os de experiencia                1                Vacante            Competencias para la vacante                                            ingeniero", "tipo_contrato": "Contrato Indefinido", "nivel_educativo": "Universitaria", "categoria": "Profesional Senior", "sector": "Ciencia y tecnolog\u00eda", "experiencia": "2 a\u00f1os de experiencia", "id_empleo": "1884649414", "competencias": "ingeniero"}