{"url_empleo": "https://www.elempleo.com/co/ofertas-trabajo/coordinador-a-mantenimiento-mecanico/1884657053", "fecha_recuperacion": "2021-03-01-22-00", "titulo_oferta": "Coordinador (a) mantenimiento mecanico", "salario": "Salario a convenir", "ciudad": "Santander de Quilichao", "fecha_publicacion": "Publicado 1 Mar 2021", "area": "Consumo masivo", "num_vacantes": "1 Vacante", "profesion": "Ingenier\u00eda mec\u00e1nica", "descripcion_general": "Descripci\u00f3n general                SOFTYS Importante Empresa Multinacional Chilena dedicada a la fabricaci\u00f3n y comercializaci\u00f3n de pa\u00f1ales desechables para beb\u00e9 ubicada en Santander de Quilichao, Cauca, se encuentra en la b\u00fasqueda de un Coordinador (a) Mantenimiento Mec\u00e1nico con el siguiente perfil: Profesional en Mec\u00e1nica o Electromec\u00e1nica Experiencia:  m\u00ednima de tres a\u00f1os en Empresas de Consumo Masivo en cargos similares.Con conocimiento en Mantenimiento de maquinaria industrial y Coordinaci\u00f3n de Mantenimiento Misi\u00f3n del Cargo:  Coordinar, verificar y controlar las actividades de mantenimiento mec\u00e1nico planeado y atenci\u00f3n de aver\u00edas mec\u00e1nicas con el fin de dar confiabilidad del funcionamiento de las m\u00e1quinas y equipos durante la operaci\u00f3nSalario A convenirContrataci\u00f3n por la compa\u00f1\u00eda a t\u00e9rmino indefinido  Personas interesada y que cumplan con el perfil enviar la hoja de vida a Maricela Guerra al correo *******@******.***            SOFTYS Importante Empresa Multinacional Chilena dedicada a la fabricaci\u00f3n y comercializaci\u00f3n de pa\u00f1ales desechables para beb\u00e9 ubicada en Santander de Quilichao, Cauca, se encuentra en la b\u00fasqueda de un Coordinador (a) Mantenimiento Mec\u00e1nico con el siguiente perfil: Profesional en Mec\u00e1nica o Electromec\u00e1nica Experiencia:  m\u00ednima de tres a\u00f1os en Empresas de Consumo Masivo en cargos similares.Con conocimiento en Mantenimiento de maquinaria industrial y Coordinaci\u00f3n de Mantenimiento Misi\u00f3n del Cargo:  Coordinar, verificar y controlar las actividades de mantenimiento mec\u00e1nico planeado y atenci\u00f3n de aver\u00edas mec\u00e1nicas con el fin de dar confiabilidad del funcionamiento de las m\u00e1quinas y equipos durante la operaci\u00f3nSalario A convenirContrataci\u00f3n por la compa\u00f1\u00eda a t\u00e9rmino indefinido  Personas interesada y que cumplan con el perfil enviar la hoja de vida a Maricela Guerra al correo *******@******.***                Profesional Senior                            Universitaria            Ingenier\u00eda mec\u00e1nicaIngenier\u00eda electromec\u00e1nica3 a\u00f1os de experiencia                1                Vacante            Competencias para la vacante                                            Mantenimiento                                                                                    mecanico                                                                                    electromecanico                                                                                    coordinador", "tipo_contrato": "Contrato Indefinido", "nivel_educativo": "Universitaria", "categoria": "Profesional Senior", "sector": "Consumo masivo", "experiencia": "3 a\u00f1os de experiencia", "id_empleo": "1884657053", "competencias": "Mantenimiento,mecanico,electromecanico,coordinador"}