{"url_empleo": "https://www.elempleo.com/co/ofertas-trabajo/tecnico-de-refrigeracion/1884591854", "fecha_recuperacion": "2021-03-01-22-15", "titulo_oferta": "T\u00e9cnico de refrigeraci\u00f3n", "salario": "Menos de $1 mill\u00f3n", "ciudad": "Medell\u00edn", "fecha_publicacion": "Publicado 18 Feb 2021", "area": "Construcci\u00f3n y Obra", "num_vacantes": "1 Vacante", "profesion": "T\u00e9cnico de Mantenimiento", "descripcion_general": "Descripci\u00f3n general                Importante marca de la ciudad busca para su equipo de mantenimiento de locativos, t\u00e9cnico en mantenimiento b\u00e1sico de equipos de refrigeraci\u00f3n, ventilaci\u00f3n y climatizaci\u00f3n, diagnosticar y realizar mantenimiento preventivo y correctivo, interpretar planos y realizar montajes de los equipos y sistemas de aire acondicionado y de refrigeraci\u00f3n y congelaci\u00f3n de productos.                    Importante marca de la ciudad busca para su equipo de mantenimiento de locativos, t\u00e9cnico en mantenimiento b\u00e1sico de equipos de refrigeraci\u00f3n, ventilaci\u00f3n y climatizaci\u00f3n, diagnosticar y realizar mantenimiento preventivo y correctivo, interpretar planos y realizar montajes de los equipos y sistemas de aire acondicionado y de refrigeraci\u00f3n y congelaci\u00f3n de productos.                            Auxiliar, asistencial y otros                            T\u00e9cnico Laboral            T\u00e9cnico de Mantenimiento3 a\u00f1os de experiencia                1                Vacante            Competencias para la vacante                                            refrigeracion                                                                                    tecnico                                                                                    mantenimiento", "tipo_contrato": "Contrato Indefinido", "nivel_educativo": "T\u00e9cnico Laboral", "categoria": "Auxiliar, asistencial y otros", "sector": "Alimentos / Bebidas", "experiencia": "3 a\u00f1os de experiencia", "id_empleo": "1884591854", "competencias": "refrigeracion,tecnico,mantenimiento"}