{"url_empleo": "https://www.elempleo.com/co/ofertas-trabajo/medico-ueh/1884667974", "fecha_recuperacion": "2021-03-01-22-05", "titulo_oferta": "Medico ueh", "salario": "$3,5 a $4 millones", "ciudad": "Bogot\u00e1", "fecha_publicacion": "Publicado 25 Feb 2021", "area": "Salud", "num_vacantes": "1 Vacante", "profesion": "Medicina", "descripcion_general": "Descripci\u00f3n general                Importante Hospital de IV nivel requiere para su equipo de trabajo Medico General para extensi\u00f3n hospitalaria seguimiento a pacientes hospitalizaci\u00f3n en casa. Con experiencia en atenci\u00f3n domiciliaria. Con tarjeta profesional e Inscripci\u00f3n al RETHUS, Cursos al d\u00eda.Competencias de: Proactividad, comunicaci\u00f3n, responsabilidad y experticia profesional.                    Importante Hospital de IV nivel requiere para su equipo de trabajo Medico General para extensi\u00f3n hospitalaria seguimiento a pacientes hospitalizaci\u00f3n en casa. Con experiencia en atenci\u00f3n domiciliaria. Con tarjeta profesional e Inscripci\u00f3n al RETHUS, Cursos al d\u00eda.Competencias de: Proactividad, comunicaci\u00f3n, responsabilidad y experticia profesional.                            Auxiliar, asistencial y otros                            Universitaria            Medicina1 a\u00f1o de experiencia                1                Vacante            Competencias para la vacante                                            domiciliario                                                                                    hospitalizaci\u00f3n                                                                                    consulta externa", "tipo_contrato": "", "nivel_educativo": "Universitaria", "categoria": "Auxiliar, asistencial y otros", "sector": "Servicios hospitalarios, m\u00e9dicos...", "experiencia": "1 a\u00f1o de experiencia", "id_empleo": "1884667974", "competencias": "domiciliario,hospitalizaci\u00f3n,consulta externa"}