{"url_empleo": "https://www.elempleo.com/co/ofertas-trabajo/jardinero-tocancipa/1884561509", "fecha_recuperacion": "2021-03-01-22-14", "titulo_oferta": "Jardinero tocancipa", "salario": "Salario a convenir", "ciudad": "Bogot\u00e1", "fecha_publicacion": "Publicado 18 Feb 2021", "area": "Servicios Generales, Aseo y Vigi...", "num_vacantes": "1 Vacante", "profesion": "Bachillerato Acad\u00e9mico", "descripcion_general": "Descripci\u00f3n general                Empresa de servicios requiere JARDINERO para trabajar en Tocancipa con m\u00ednimo 1 a\u00f1o de experiencia en el cargo, en manejo de guada\u00f1adora, manejo de podadora: Se ofrece horario de lunes a sabado, $smlv +prestaciones de ley.  Si cumple con el perfil y est\u00e1 interesado postularse a la vacante                    Empresa de servicios requiere JARDINERO para trabajar en Tocancipa con m\u00ednimo 1 a\u00f1o de experiencia en el cargo, en manejo de guada\u00f1adora, manejo de podadora: Se ofrece horario de lunes a sabado, $smlv +prestaciones de ley.  Si cumple con el perfil y est\u00e1 interesado postularse a la vacante                            Auxiliar, asistencial y otros                            Media (10\u00b0 - 13\u00b0)            Bachillerato Acad\u00e9mico1 a\u00f1o de experiencia                1                Vacante            Competencias para la vacante                                            Jardinero                                                                                    todero                                                                                    servicio generales                                                                                    Aseo                                                                                    limpieza                                                                                    Jardineria", "tipo_contrato": "Contrato Definido", "nivel_educativo": "Media (10\u00b0 - 13\u00b0)", "categoria": "Auxiliar, asistencial y otros", "sector": "Servicios de aseo", "experiencia": "1 a\u00f1o de experiencia", "id_empleo": "1884561509", "competencias": "Jardinero,todero,servicio generales,Aseo,limpieza,Jardineria"}