{"url_empleo": "https://www.elempleo.com/co/ofertas-trabajo/tecnico-mantenimiento-montacargas-bogota/1884670753", "fecha_recuperacion": "2021-03-01-22-16", "titulo_oferta": "Tecnico mantenimiento montacargas bogot\u00e1", "salario": "$1 a $1,5 millones", "ciudad": "Bogot\u00e1", "fecha_publicacion": "Publicado 17 Feb 2021", "area": "Distribuci\u00f3n o log\u00edstica de Tran...", "num_vacantes": "1 Vacante", "profesion": "Ingenier\u00eda electr\u00f3nica", "descripcion_general": "Descripci\u00f3n general                Prestigiosa multinacional Alemana del sector de intra log\u00edstica busca t\u00e9cnico, tecn\u00f3logo o profesional en ingenier\u00eda mecatr\u00f3nica, mec\u00e1nica, automatizaci\u00f3n industrial, electr\u00f3nica o afines para el cargo de t\u00e9cnico de montacargas. debe tener m\u00ednimo 2 a\u00f1os de experiencia en el mantenimiento preventivo y correctivo de maquinaria industrial (montacargas) el\u00e9ctricos y de combusti\u00f3n. Con gran habilidad de relacionamiento, servicio al cliente y habilidades comunicativas.  INDISPENSABLE: Tener licencia de conducci\u00f3n C1 vigente.                    Prestigiosa multinacional Alemana del sector de intra log\u00edstica busca t\u00e9cnico, tecn\u00f3logo o profesional en ingenier\u00eda mecatr\u00f3nica, mec\u00e1nica, automatizaci\u00f3n industrial, electr\u00f3nica o afines para el cargo de t\u00e9cnico de montacargas. debe tener m\u00ednimo 2 a\u00f1os de experiencia en el mantenimiento preventivo y correctivo de maquinaria industrial (montacargas) el\u00e9ctricos y de combusti\u00f3n. Con gran habilidad de relacionamiento, servicio al cliente y habilidades comunicativas.  INDISPENSABLE: Tener licencia de conducci\u00f3n C1 vigente.                            Profesional                            Formaci\u00f3n Tec profesional            Ingenier\u00eda electr\u00f3nicaIngenier\u00eda electromec\u00e1nicaIngenier\u00eda mecatr\u00f3nicaTecn Electr\u00f3nicoMec\u00e1nica  Mant Automotriz2 a\u00f1os de experiencia                1                Vacante            Competencias para la vacante                                            tecnico                                                                                    montacarga                                                                                    mecatronico                                                                                    mecanico                                                                                    electrico                                                                                    combustion                                                                                    logistico", "tipo_contrato": "Contrato Indefinido", "nivel_educativo": "Formaci\u00f3n Tec profesional", "categoria": "Profesional", "sector": "Distribuci\u00f3n de maquinar\u00eda y equipo", "experiencia": "2 a\u00f1os de experiencia", "id_empleo": "1884670753", "competencias": "tecnico,montacarga,mecatronico,mecanico,electrico,combustion,logistico"}