{"url_empleo": "https://www.elempleo.com/co/ofertas-trabajo/asesor-cobranzas/1884604544", "fecha_recuperacion": "2021-03-01-22-05", "titulo_oferta": "Asesor cobranzas", "salario": "$1 a $1,5 millones", "ciudad": "Bogot\u00e1", "fecha_publicacion": "Publicado 25 Feb 2021", "area": "Contabilidad: cartera y costos", "num_vacantes": "1 Vacante", "profesion": "Otros", "descripcion_general": "Descripci\u00f3n general                Importante empresa de servicios financieros requiere para su equipo de trabajo asesores con conocimiento en carteras financiera manejando moras de 120 hasta 900 d\u00edas                    Importante empresa de servicios financieros requiere para su equipo de trabajo asesores con conocimiento en carteras financiera manejando moras de 120 hasta 900 d\u00edas                            Profesional Junior                            Media (10\u00b0 - 13\u00b0)            Otros3 a\u00f1os de experiencia                1                Vacante            Competencias para la vacante                                            cobranzas                                                                                    financeros", "tipo_contrato": "", "nivel_educativo": "Media (10\u00b0 - 13\u00b0)", "categoria": "Profesional Junior", "sector": "Servicios financieros", "experiencia": "3 a\u00f1os de experiencia", "id_empleo": "1884604544", "competencias": "cobranzas,financeros"}