{"url_empleo": "https://www.elempleo.com/co/ofertas-trabajo/desarrollador-de-software-full-stack-junior/1884162714", "fecha_recuperacion": "2021-03-01-22-11", "titulo_oferta": "Desarrollador de software full stack junior", "salario": "Salario a convenir", "ciudad": "Toda Colombia", "fecha_publicacion": "Publicado 22 Feb 2021", "area": "Sistemas y Tecnolog\u00eda", "num_vacantes": "1 Vacante", "profesion": "Ingenier\u00eda de sistemas  Computaci\u00f3n", "descripcion_general": "Descripci\u00f3n general                Buscamos un ingeniero de sistemas o af\u00edn, reci\u00e9n egresado o con un a\u00f1o de experiencia en el campo. Debe ser una persona vital y apasionada por el deporte, as\u00ed como por las tecnolog\u00edas y el desarrollo web. El candidato har\u00e1 parte del equipo de IT a cargo de la transformaci\u00f3n digital dentro del plan de expansi\u00f3n de Decathlon Colombia. Ser\u00e1 responsable de desarrollar nuevas herramientas de software que permitan automatizar y optimizar los procesos internos de la compa\u00f1\u00eda, as\u00ed como realizar la integraci\u00f3n con varias API\u2019s desarrolladas externamente en Decathlon United.                    Buscamos un ingeniero de sistemas o af\u00edn, reci\u00e9n egresado o con un a\u00f1o de experiencia en el campo. Debe ser una persona vital y apasionada por el deporte, as\u00ed como por las tecnolog\u00edas y el desarrollo web. El candidato har\u00e1 parte del equipo de IT a cargo de la transformaci\u00f3n digital dentro del plan de expansi\u00f3n de Decathlon Colombia. Ser\u00e1 responsable de desarrollar nuevas herramientas de software que permitan automatizar y optimizar los procesos internos de la compa\u00f1\u00eda, as\u00ed como realizar la integraci\u00f3n con varias API\u2019s desarrolladas externamente en Decathlon United.        El candidato debe tener fuertes conocimientos t\u00e9cnicos en: * GIT \u2013 Control de versiones* HTTP \u2013 Peticiones de red en sus distintos tipos* REST \u2013 Paradigma de dise\u00f1o para API p\u00fablica y privada* Javascript \u2013 Lenguaje de programaci\u00f3n est\u00e1ndar para nuestras tecnolog\u00edas (NodeJS,ReactJS)* HTML \u2013 Maquetado y marcado de p\u00e1ginas web* CSS \u2013 Dise\u00f1o y estilo para nuestras p\u00e1ginas web El candidato debe tener las siguientes habilidades:* Ingl\u00e9s fluido, escritura y lectura.* Experiencia en integraci\u00f3n de API\u2019s* Capacidad de liderazgo asumiendo responsabilidades y toma de decisiones con autonom\u00eda.* Alta capacidad para trabajar en equipo Se valoran como habilidades deseables pero NO obligatorias:* Experiencia en desarrollo Front End* Capacidad de dise\u00f1o de layouts para imagen digital* Habilidad para maquetar dise\u00f1os web teniendo en cuenta UI/UX                Profesional                            Universitaria            Ingenier\u00eda de sistemas  Computaci\u00f3nIngenier\u00eda de telecomunicacionesIngenier\u00eda de redes y telecomunicacionesAdministraci\u00f3n de sistemas inform\u00e1ticosMenos de un a\u00f1o de experienciaIngeniero                1                Vacante                            Requisitos para aplicar                                El candidato debe tener fuertes conocimientos t\u00e9cnicos en: * GIT \u2013 Control de versiones* HTTP \u2013 Peticiones de red en sus distintos tipos* REST \u2013 Paradigma de dise\u00f1o para API p\u00fablica y privada* Javascript \u2013 Lenguaje de programaci\u00f3n est\u00e1ndar para nuestras tecnolog\u00edas (NodeJS,ReactJS)* HTML \u2013 Maquetado y marcado de p\u00e1ginas web* CSS \u2013 Dise\u00f1o y estilo para nuestras p\u00e1ginas web El candidato debe tener las siguientes habilidades:* Ingl\u00e9s fluido, escritura y lectura.* Experiencia en integraci\u00f3n de API\u2019s* Capacidad de liderazgo asumiendo responsabilidades y toma de decisiones con autonom\u00eda.* Alta capacidad para trabajar en equipo Se valoran como habilidades deseables pero NO obligatorias:* Experiencia en desarrollo Front End* Capacidad de dise\u00f1o de layouts para imagen digital* Habilidad para maquetar dise\u00f1os web teniendo en cuenta UI/UX                Competencias para la vacante", "tipo_contrato": "Contrato Indefinido", "nivel_educativo": "Universitaria", "categoria": "Profesional", "sector": "Almacenes varios", "experiencia": "Menos de un a\u00f1o de experiencia", "id_empleo": "1884162714", "competencias": ""}