{"url_empleo": "https://www.elempleo.com/co/ofertas-trabajo/key-account-manager/1884634937", "fecha_recuperacion": "2021-03-01-22-01", "titulo_oferta": "Key account manager", "salario": "Salario a convenir", "ciudad": "Bogot\u00e1", "fecha_publicacion": "Publicado 1 Mar 2021", "area": "Comercial, Ventas y Telemercadeo", "num_vacantes": "1 Vacante", "profesion": "Ingenier\u00eda de sistemas  Computaci\u00f3n", "descripcion_general": "Descripci\u00f3n general                Profesional en \u00c1reas Financieras,, Administraci\u00f3n, Tecnolog\u00eda o Comercial. Preferiblemente con Especializaci\u00f3n. Experiencia superior de 5 a\u00f1os, en cargos similares. Conocimiento en PIPE LINE, ( Atraccion de nuevas cuentas), Enfocado en la ampliaci\u00f3n de Portafolio. Experiencia en:Realizar la estructuraci\u00f3n y ejecuci\u00f3n de un plan de prospecci\u00f3n para generar oportunidades de negocio. Realizar el apoyo en las campa\u00f1as, eventos y aspectos de mercadeo que se asigne, para generar prospecci\u00f3n, reconocimiento de marca o profundizaci\u00f3n.Apoyar en el desarrollo de nuevos productos y servicios del portafolio.Participar activamente en los comit\u00e9s, actividades, iniciativas o reuniones donde sea requerido.                    Profesional en \u00c1reas Financieras,, Administraci\u00f3n, Tecnolog\u00eda o Comercial. Preferiblemente con Especializaci\u00f3n. Experiencia superior de 5 a\u00f1os, en cargos similares. Conocimiento en PIPE LINE, ( Atraccion de nuevas cuentas), Enfocado en la ampliaci\u00f3n de Portafolio. Experiencia en:Realizar la estructuraci\u00f3n y ejecuci\u00f3n de un plan de prospecci\u00f3n para generar oportunidades de negocio. Realizar el apoyo en las campa\u00f1as, eventos y aspectos de mercadeo que se asigne, para generar prospecci\u00f3n, reconocimiento de marca o profundizaci\u00f3n.Apoyar en el desarrollo de nuevos productos y servicios del portafolio.Participar activamente en los comit\u00e9s, actividades, iniciativas o reuniones donde sea requerido.                            Gerente                            Universitaria            Ingenier\u00eda de sistemas  Computaci\u00f3nAdministraci\u00f3n de empresasAdministraci\u00f3n de negociosAdministraci\u00f3n financiera5 a\u00f1os de experiencia                1                Vacante            Competencias para la vacante                                            KAM                                                                                    Gerente Comercial                                                                                    PIPE LINE                                                                                    licitacion", "tipo_contrato": "Contrato Indefinido", "nivel_educativo": "Universitaria", "categoria": "Gerente", "sector": "Ciencia y tecnolog\u00eda", "experiencia": "5 a\u00f1os de experiencia", "id_empleo": "1884634937", "competencias": "KAM,Gerente Comercial,PIPE LINE,licitacion"}