{"url_empleo": "https://www.elempleo.com/co/ofertas-trabajo/auxiliar-de-enfermeriamedellin/1884494551", "fecha_recuperacion": "2021-03-01-22-12", "titulo_oferta": "Auxiliar de enfermer\u00eda-medellin", "salario": "$1,5 a $2 millones", "ciudad": "Medell\u00edn", "fecha_publicacion": "Publicado 21 Feb 2021", "area": "Salud", "num_vacantes": "1 Vacante", "profesion": "Enfermer\u00eda", "descripcion_general": "Descripci\u00f3n general                Se requiere Auxiliar de Enfermer\u00eda para el servicio de urgencias; estudios t\u00e9cnicos de auxiliar de Enfermer\u00eda. Con experiencia certificada de un a\u00f1o en urgencias. Disponibilidad inmediata. Salario: 1.600.000.                    Se requiere Auxiliar de Enfermer\u00eda para el servicio de urgencias; estudios t\u00e9cnicos de auxiliar de Enfermer\u00eda. Con experiencia certificada de un a\u00f1o en urgencias. Disponibilidad inmediata. Salario: 1.600.000.                            Auxiliar, asistencial y otros                            Formaci\u00f3n Tec profesional            Enfermer\u00eda2 a\u00f1os de experiencia                1                Vacante            Competencias para la vacante                                            AUXILIAR DE ENFERMER\u00cdA PARA URGENCIAS                                                                                    MEDELL\u00cdN", "tipo_contrato": "Contrato Por obra o labor", "nivel_educativo": "Formaci\u00f3n Tec profesional", "categoria": "Auxiliar, asistencial y otros", "sector": "IPS", "experiencia": "2 a\u00f1os de experiencia", "id_empleo": "1884494551", "competencias": "AUXILIAR DE ENFERMER\u00cdA PARA URGENCIAS,MEDELL\u00cdN"}