{"url_empleo": "https://www.elempleo.com/co/ofertas-trabajo/analista-de-impuestos/1884667017", "fecha_recuperacion": "2021-03-01-22-14", "titulo_oferta": "Analista de impuestos", "salario": "$2,5 a $3 millones", "ciudad": "Cartagena", "fecha_publicacion": "Publicado 18 Feb 2021", "area": "Contabilidad: cartera y costos", "num_vacantes": "1 Vacante", "profesion": "Contadur\u00eda", "descripcion_general": "Descripci\u00f3n general                Importante empresa solicita  Analista de Impuestos para la ciudad de Cartagena con disponibilidad inmediata. Formaci\u00f3n Acad\u00e9mica: Profesional en Contadur\u00eda Publica. Experiencia Laboral: 2 a\u00f1os en el cargo. Conocimientos y habilidades: Impuestos ICA, IVA, Retenci\u00f3n en la Fuente, Activos en el exterior, Informaci\u00f3n ex\u00f3gena nacional y municipales, Conciliaci\u00f3n fiscal formato 2516, Impuesto diferido, reporte y respuesta a requerimientos de entidades externas, Conciliaci\u00f3n de cifras contables y fiscales.                    Importante empresa solicita  Analista de Impuestos para la ciudad de Cartagena con disponibilidad inmediata. Formaci\u00f3n Acad\u00e9mica: Profesional en Contadur\u00eda Publica. Experiencia Laboral: 2 a\u00f1os en el cargo. Conocimientos y habilidades: Impuestos ICA, IVA, Retenci\u00f3n en la Fuente, Activos en el exterior, Informaci\u00f3n ex\u00f3gena nacional y municipales, Conciliaci\u00f3n fiscal formato 2516, Impuesto diferido, reporte y respuesta a requerimientos de entidades externas, Conciliaci\u00f3n de cifras contables y fiscales.                            Profesional                            Universitaria            Contadur\u00eda2 a\u00f1os de experiencia                1                Vacante            Competencias para la vacante                                            Impuestos                                                                                    Informaci\u00f3n exogena                                                                                    Conciliaci\u00f3n Fiscal Formato 2516", "tipo_contrato": "Contrato Indefinido", "nivel_educativo": "Universitaria", "categoria": "Profesional", "sector": "Otros", "experiencia": "2 a\u00f1os de experiencia", "id_empleo": "1884667017", "competencias": "Impuestos,Informaci\u00f3n exogena,Conciliaci\u00f3n Fiscal Formato 2516"}