{"url_empleo": "https://www.elempleo.com/co/ofertas-trabajo/director-de-obra-cartagena-sistema-industrializado/1884646056", "fecha_recuperacion": "2021-03-01-22-11", "titulo_oferta": "Director de obra cartagena sistema industrializado", "salario": "$5,5 a $6 millones", "ciudad": "Cartagena", "fecha_publicacion": "Publicado 22 Feb 2021", "area": "Construcci\u00f3n y Obra", "num_vacantes": "1 Vacante", "profesion": "Arquitectura", "descripcion_general": "Descripci\u00f3n general                En Constructora Bol\u00edvar generamos valor econ\u00f3mico, social y ambiental en forma sostenible. Hacemos parte de un grupo empresarial donde buscamos enriquecer la vida con integridad y brindar experiencias confiables, amigables y sencillas.Nos encantan las personas con vocaci\u00f3n de servicio, orientaci\u00f3n a la mejora continua, que hagan realidad los proyectos y los motiven los retos. MISI\u00d3N DEL CARGOPlanear, liderar los equipos responsables de la ejecuci\u00f3n, hacer seguimiento a la programaci\u00f3n y tomar acciones correctivas y preventivas en los procesos administrativos, t\u00e9cnicos y de administraci\u00f3n de personas, para garantizar los objetivos del proyecto en relaci\u00f3n con el margen, cumplimiento de las entregas, seguridad en el trabajo y calidad, de acuerdo con las pol\u00edticas definidas por la Compa\u00f1\u00eda para dar cumplimiento a los indicadores financieros. REQUISITOSFormaci\u00f3n: Profesional en Arquitectura o Ingenier\u00eda Civil con Tarjeta profesional y matr\u00edcula Copnia, deseable con especializaci\u00f3n en Gerencia de Obra o Gerencia de Proyectos.Experiencia de 5 a\u00f1os en proyectos de viviendas grandes y en sistemas industrializado, manejo de personal.   CONDICIONES DEL CARGOHorario: De obraSalario: $5'000.000 - 6'500.000Tipo de contrato: Directo, a termino fijo por 8 meses.Residencia: Cartagena                    En Constructora Bol\u00edvar generamos valor econ\u00f3mico, social y ambiental en forma sostenible. Hacemos parte de un grupo empresarial donde buscamos enriquecer la vida con integridad y brindar experiencias confiables, amigables y sencillas.Nos encantan las personas con vocaci\u00f3n de servicio, orientaci\u00f3n a la mejora continua, que hagan realidad los proyectos y los motiven los retos. MISI\u00d3N DEL CARGOPlanear, liderar los equipos responsables de la ejecuci\u00f3n, hacer seguimiento a la programaci\u00f3n y tomar acciones correctivas y preventivas en los procesos administrativos, t\u00e9cnicos y de administraci\u00f3n de personas, para garantizar los objetivos del proyecto en relaci\u00f3n con el margen, cumplimiento de las entregas, seguridad en el trabajo y calidad, de acuerdo con las pol\u00edticas definidas por la Compa\u00f1\u00eda para dar cumplimiento a los indicadores financieros. REQUISITOSFormaci\u00f3n: Profesional en Arquitectura o Ingenier\u00eda Civil con Tarjeta profesional y matr\u00edcula Copnia, deseable con especializaci\u00f3n en Gerencia de Obra o Gerencia de Proyectos.Experiencia de 5 a\u00f1os en proyectos de viviendas grandes y en sistemas industrializado, manejo de personal.   CONDICIONES DEL CARGOHorario: De obraSalario: $5'000.000 - 6'500.000Tipo de contrato: Directo, a termino fijo por 8 meses.Residencia: Cartagena                            Profesional Senior                            Universitaria            ArquitecturaIngenier\u00eda civil5 a\u00f1os de experiencia                1                Vacante            Competencias para la vacante                                            CARTAGENA                                                                                    INGENIERO CIVIL                                                                                    ARQUITECTO                                                                                    SISTEMA INSUSTRIALIZADO", "tipo_contrato": "Contrato Definido", "nivel_educativo": "Universitaria", "categoria": "Profesional Senior", "sector": "Construcci\u00f3n", "experiencia": "5 a\u00f1os de experiencia", "id_empleo": "1884646056", "competencias": "CARTAGENA,INGENIERO CIVIL,ARQUITECTO,SISTEMA INSUSTRIALIZADO"}