{"url_empleo": "https://www.elempleo.com/co/ofertas-trabajo/profesional-de-diseno-grafico/1884617797", "fecha_recuperacion": "2021-03-01-22-13", "titulo_oferta": "Profesional de dise\u00f1o gr\u00e1fico", "salario": "Salario a convenir", "ciudad": "Bogot\u00e1", "fecha_publicacion": "Publicado 19 Feb 2021", "area": "Dise\u00f1o y publicidad", "num_vacantes": "1 Vacante", "profesion": "Dise\u00f1o gr\u00e1fico", "descripcion_general": "Descripci\u00f3n general                Estamos buscando un Profesional de Dise\u00f1o Gr\u00e1fico para una compa\u00f1\u00eda multinacional del sector de hidrocarburos con sede en Bogot\u00e1. Objetivo del Cargo: Fortalecer la identidad corporativa a trav\u00e9s del dise\u00f1o, desarrollo y producci\u00f3n de contenidos gr\u00e1ficos y textuales, que contribuyan a diseminar y afirmar la cultura interna de la Compa\u00f1\u00eda y a su posicionamiento como empresa l\u00edder frente a todos sus grupos de inter\u00e9s.El profesional deber\u00e1:Mejorar, manejar y proteger la identidad visual de la marca, logotipos y elementos visuales asociados de acuerdo con los lineamientos de estilo de la Compa\u00f1\u00eda.Crear y ejecutar contenido gr\u00e1fico, desde el dise\u00f1o conceptual y la producci\u00f3n hasta la entrega final del producto para prop\u00f3sitos digitales o de impresi\u00f3n. Los contenidos incluyen, pero no se limitan a: presentaciones de Power Point, flyers, ilustraciones, infograf\u00edas, se\u00f1al\u00e9tica, calendarios, publicidad y art\u00edculos de merchandising al servicio de las \u00e1reas de Operaciones, HSE, IT, Gesti\u00f3n Humana, Relaci\u00f3n con Vecinos y Medio Ambiente, Investor Relations, Compliance, Viajes y Nuevos Negocios, entre otras.Asesorar y asistir al Equipo Directivo en la creaci\u00f3n y actualizaci\u00f3n de piezas visuales, incluyendo logotipos, presentaciones, brochures y mapas.Realizar el dise\u00f1o editorial de reportes e informes y armado de originales de impresi\u00f3n de escala peque\u00f1a y grande.Planear y gestionar el proceso de impresi\u00f3n de materiales de comunicaci\u00f3n. Definir, dise\u00f1ar e implementar contenido audiovisual para redes sociales, campa\u00f1as de correo electr\u00f3nico y plataformas digitales.                    Estamos buscando un Profesional de Dise\u00f1o Gr\u00e1fico para una compa\u00f1\u00eda multinacional del sector de hidrocarburos con sede en Bogot\u00e1. Objetivo del Cargo: Fortalecer la identidad corporativa a trav\u00e9s del dise\u00f1o, desarrollo y producci\u00f3n de contenidos gr\u00e1ficos y textuales, que contribuyan a diseminar y afirmar la cultura interna de la Compa\u00f1\u00eda y a su posicionamiento como empresa l\u00edder frente a todos sus grupos de inter\u00e9s.El profesional deber\u00e1:Mejorar, manejar y proteger la identidad visual de la marca, logotipos y elementos visuales asociados de acuerdo con los lineamientos de estilo de la Compa\u00f1\u00eda.Crear y ejecutar contenido gr\u00e1fico, desde el dise\u00f1o conceptual y la producci\u00f3n hasta la entrega final del producto para prop\u00f3sitos digitales o de impresi\u00f3n. Los contenidos incluyen, pero no se limitan a: presentaciones de Power Point, flyers, ilustraciones, infograf\u00edas, se\u00f1al\u00e9tica, calendarios, publicidad y art\u00edculos de merchandising al servicio de las \u00e1reas de Operaciones, HSE, IT, Gesti\u00f3n Humana, Relaci\u00f3n con Vecinos y Medio Ambiente, Investor Relations, Compliance, Viajes y Nuevos Negocios, entre otras.Asesorar y asistir al Equipo Directivo en la creaci\u00f3n y actualizaci\u00f3n de piezas visuales, incluyendo logotipos, presentaciones, brochures y mapas.Realizar el dise\u00f1o editorial de reportes e informes y armado de originales de impresi\u00f3n de escala peque\u00f1a y grande.Planear y gestionar el proceso de impresi\u00f3n de materiales de comunicaci\u00f3n. Definir, dise\u00f1ar e implementar contenido audiovisual para redes sociales, campa\u00f1as de correo electr\u00f3nico y plataformas digitales.                            Profesional                            Universitaria            Dise\u00f1o gr\u00e1ficoPublicidad y mercadeo5 a\u00f1os de experiencia                1                Vacante            Competencias para la vacante                                            Dise\u00f1o digital                                                                                    Contenidos gr\u00e1ficos                                                                                    Contenidos textuales                                                                                    Identidad visual                                                                                    Logotipos                                                                                    Marca                                                                                    Brochures                                                                                    Mapas                                                                                    Piezas visuales", "tipo_contrato": "Contrato Definido", "nivel_educativo": "Universitaria", "categoria": "Profesional", "sector": "Compa\u00f1ias petroleras", "experiencia": "5 a\u00f1os de experiencia", "id_empleo": "1884617797", "competencias": "Dise\u00f1o digital,Contenidos gr\u00e1ficos,Contenidos textuales,Identidad visual,Logotipos,Marca,Brochures,Mapas,Piezas visuales"}