{"url_empleo": "https://www.elempleo.com/co/ofertas-trabajo/ejecutivo-comercial-logistica-y-transporte/1884656444", "fecha_recuperacion": "2021-03-01-22-17", "titulo_oferta": "Ejecutivo comercial - log\u00edstica y transporte", "salario": "$3,5 a $4 millones", "ciudad": "Cali", "fecha_publicacion": "Publicado 17 Feb 2021", "area": "Comercial, Ventas y Telemercadeo", "num_vacantes": "1 Vacante", "profesion": "Comercio internacional", "descripcion_general": "Descripci\u00f3n general                Compa\u00f1\u00eda Multinacional del sector de log\u00edstica y transporte en proceso de crecimiento, se encuentra interesada en la vinculaci\u00f3n de un/a gestor comercial, responsable por la b\u00fasqueda, identificaci\u00f3n y cierre de oportunidades en compa\u00f1\u00edas que requieran servicios de log\u00edstica y transporte. Se requiere experiencia ESPEC\u00cdFICA en el sector de almacenamiento, o log\u00edstica o de transporte, adem\u00e1s del conocimiento y experiencia en el dise\u00f1o y desarrollo de ofertas comerciales para este tipo de servicios.  Esta experiencia es excluyente.                    Compa\u00f1\u00eda Multinacional del sector de log\u00edstica y transporte en proceso de crecimiento, se encuentra interesada en la vinculaci\u00f3n de un/a gestor comercial, responsable por la b\u00fasqueda, identificaci\u00f3n y cierre de oportunidades en compa\u00f1\u00edas que requieran servicios de log\u00edstica y transporte. Se requiere experiencia ESPEC\u00cdFICA en el sector de almacenamiento, o log\u00edstica o de transporte, adem\u00e1s del conocimiento y experiencia en el dise\u00f1o y desarrollo de ofertas comerciales para este tipo de servicios.  Esta experiencia es excluyente.                            Profesional Senior                            Universitaria            Comercio internacionalAdministraci\u00f3n de negociosProfesional en log\u00edsticaIngenier\u00eda ComercialAdministraci\u00f3n Comercial Y De Mercadeo7 a\u00f1os de experiencia                1                Vacante            Competencias para la vacante                                            LOG\u00cdSTICA                                                                                    ALMACENAMIENTO                                                                                    TRANSPORTE TERRESTRE                                                                                    SOLUCIONES LOG\u00cdSTICAS                                                                                    ITR", "tipo_contrato": "Contrato Prestacion de Servicios", "nivel_educativo": "Universitaria", "categoria": "Profesional Senior", "sector": "Transporte", "experiencia": "7 a\u00f1os de experiencia", "id_empleo": "1884656444", "competencias": "LOG\u00cdSTICA,ALMACENAMIENTO,TRANSPORTE TERRESTRE,SOLUCIONES LOG\u00cdSTICAS,ITR"}