{"url_empleo": "https://www.elempleo.com/co/ofertas-trabajo/director-de-planeacion-cali/1884437801", "fecha_recuperacion": "2021-03-01-22-01", "titulo_oferta": "Director de planeaci\u00f3n * cali", "salario": "Salario a convenir", "ciudad": "Cali", "fecha_publicacion": "Publicado 1 Mar 2021", "area": "Administrativa y Financiera", "num_vacantes": "1 Vacante", "profesion": "Administraci\u00f3n de empresas", "descripcion_general": "Descripci\u00f3n general                Corporaci\u00f3n Universitaria Minuto de Dios, requiere personal con t\u00edtulo de formaci\u00f3n profesional universitaria en carreras de las ciencias Administrativas y econ\u00f3micas, Ingenier\u00eda Industrial, o afines, con t\u00edtulo de Posgrado en \u00e1reas de Gesti\u00f3n o afines. Liderar y dirigir la formulaci\u00f3n y el seguimiento al desarrollo de los planes estrat\u00e9gicos, planes operativos, presupuestos, estad\u00edsticas oficiales y memoria institucional, as\u00ed como del sistema de gesti\u00f3n por procesos y de la experiencia del cliente, para el logro de las metas propuestas en la Sede. Adem\u00e1s de la idoneidad personal, UNIMINUTO busca en sus colaboradores condiciones de formaci\u00f3n y conocimientos que le permitan aportar significativamente desde su rol al cumplimiento de la misi\u00f3n institucional. Sobre esta concepci\u00f3n, es fundamental acreditar:     Indicadores de Gesti\u00f3n y KPI     Planeaci\u00f3n Estrat\u00e9gica     Planeaci\u00f3n Operativa      Pol\u00edtica p\u00fablica en Educaci\u00f3n Superior.     Presupuestos. Experiencia Total: 5 a\u00f1osExperiencia espec\u00edfica o relacionada en cargos similares (Esta experiencia hace parte de la experiencia total): 3 a\u00f1os.  Horarios. Lunes a viernes de 8am a 12m y 2pm a 6pm. S\u00e1bados medio d\u00eda.                    Corporaci\u00f3n Universitaria Minuto de Dios, requiere personal con t\u00edtulo de formaci\u00f3n profesional universitaria en carreras de las ciencias Administrativas y econ\u00f3micas, Ingenier\u00eda Industrial, o afines, con t\u00edtulo de Posgrado en \u00e1reas de Gesti\u00f3n o afines. Liderar y dirigir la formulaci\u00f3n y el seguimiento al desarrollo de los planes estrat\u00e9gicos, planes operativos, presupuestos, estad\u00edsticas oficiales y memoria institucional, as\u00ed como del sistema de gesti\u00f3n por procesos y de la experiencia del cliente, para el logro de las metas propuestas en la Sede. Adem\u00e1s de la idoneidad personal, UNIMINUTO busca en sus colaboradores condiciones de formaci\u00f3n y conocimientos que le permitan aportar significativamente desde su rol al cumplimiento de la misi\u00f3n institucional. Sobre esta concepci\u00f3n, es fundamental acreditar:     Indicadores de Gesti\u00f3n y KPI     Planeaci\u00f3n Estrat\u00e9gica     Planeaci\u00f3n Operativa      Pol\u00edtica p\u00fablica en Educaci\u00f3n Superior.     Presupuestos. Experiencia Total: 5 a\u00f1osExperiencia espec\u00edfica o relacionada en cargos similares (Esta experiencia hace parte de la experiencia total): 3 a\u00f1os.  Horarios. Lunes a viernes de 8am a 12m y 2pm a 6pm. S\u00e1bados medio d\u00eda.                            Gerente                            Especializaci\u00f3n            Administraci\u00f3n de empresas5 a\u00f1os de experiencia                1                Vacante            Competencias para la vacante                                            planeaci\u00f3n                                                                                    director                                                                                    gerente                                                                                    cali                                                                                    presupuesto                                                                                    proyectos", "tipo_contrato": "", "nivel_educativo": "Especializaci\u00f3n", "categoria": "Gerente", "sector": "Universidades", "experiencia": "5 a\u00f1os de experiencia", "id_empleo": "1884437801", "competencias": "planeaci\u00f3n,director,gerente,cali,presupuesto,proyectos"}