{"url_empleo": "https://www.elempleo.com/co/ofertas-trabajo/asesor-canal-virtual-exp-anos-en-productos-intangibles-call-center-o-canales-virtuales/1884608466", "fecha_recuperacion": "2021-03-01-22-07", "titulo_oferta": "Asesor canal virtual exp 2 a\u00f1os en productos intangibles call center o canales virtuales", "salario": "Salario a convenir", "ciudad": "Bogot\u00e1", "fecha_publicacion": "Publicado 24 Feb 2021", "area": "Comercial, Ventas y Telemercadeo", "num_vacantes": "1 Vacante", "profesion": "Administraci\u00f3n Comercial Y De Me...", "descripcion_general": "Descripci\u00f3n general                \u00a1Buscamos el mejor talento!Asesor canal virtual En Zuana Beach Resort trabajamos para brindar a nuestros clientes experiencias confiables, amigables y sencillas. Hacemos parte del Grupo Bol\u00edvar al pertenecer a Constructora Bol\u00edvar desde la Divisi\u00f3n Turismo.Nos encantan las personas creativas, con orientaci\u00f3n a la mejora continua, que hagan realidad los proyectos y los motiven los retos. MISI\u00d3N DEL CARGO:Ofrecimiento y seguimiento a clientes potenciales por medio telef\u00f3nico y a trav\u00e9s del canal virtual de forma Confiable, Amigable y Sencilla. REQUISITOS:Formaci\u00f3n: Tecn\u00f3logo, estudiante de carreras profesionales o profesional.Experiencia: 2 a\u00f1os en ventas intangibles, preferiblemente en call center o canal virtual.Habilidades: Comercial y trabajo en equipo. CONDICIONES DEL CARGO:Horario: Lunes a Viernes 8:00 a. m.- 5:30 p. m. S\u00e1bados 9:00 a.m.- 2:00 p.m. Rotativo.Salario: $908.526 + Auxilio legal de alimentaci\u00f3n $106.454 + Comisiones prestacionales sin piso ni techoTipo de contrato: Obra o labor.                    \u00a1Buscamos el mejor talento!Asesor canal virtual En Zuana Beach Resort trabajamos para brindar a nuestros clientes experiencias confiables, amigables y sencillas. Hacemos parte del Grupo Bol\u00edvar al pertenecer a Constructora Bol\u00edvar desde la Divisi\u00f3n Turismo.Nos encantan las personas creativas, con orientaci\u00f3n a la mejora continua, que hagan realidad los proyectos y los motiven los retos. MISI\u00d3N DEL CARGO:Ofrecimiento y seguimiento a clientes potenciales por medio telef\u00f3nico y a trav\u00e9s del canal virtual de forma Confiable, Amigable y Sencilla. REQUISITOS:Formaci\u00f3n: Tecn\u00f3logo, estudiante de carreras profesionales o profesional.Experiencia: 2 a\u00f1os en ventas intangibles, preferiblemente en call center o canal virtual.Habilidades: Comercial y trabajo en equipo. CONDICIONES DEL CARGO:Horario: Lunes a Viernes 8:00 a. m.- 5:30 p. m. S\u00e1bados 9:00 a.m.- 2:00 p.m. Rotativo.Salario: $908.526 + Auxilio legal de alimentaci\u00f3n $106.454 + Comisiones prestacionales sin piso ni techoTipo de contrato: Obra o labor.                            Profesional Junior                            Tecnol\u00f3gica            Administraci\u00f3n Comercial Y De Mercadeo2 a\u00f1os de experiencia                1                Vacante            Competencias para la vacante                                            Ventas                                                                                    Call center                                                                                    Canal virtual                                                                                    Asesor                                                                                    Comercial", "tipo_contrato": "Contrato Por obra o labor", "nivel_educativo": "Tecnol\u00f3gica", "categoria": "Profesional Junior", "sector": "Hoteles", "experiencia": "2 a\u00f1os de experiencia", "id_empleo": "1884608466", "competencias": "Ventas,Call center,Canal virtual,Asesor,Comercial"}