{"url_empleo": "https://www.elempleo.com/co/ofertas-trabajo/auxiliar-comercial-eje-cafetero/1884658847", "fecha_recuperacion": "2021-03-01-22-11", "titulo_oferta": "Auxiliar comercial eje cafetero", "salario": "Salario a convenir", "ciudad": "Pereira", "fecha_publicacion": "Publicado 22 Feb 2021", "area": "Comercial, Ventas y Telemercadeo", "num_vacantes": "1 Vacante", "profesion": "Contadur\u00eda", "descripcion_general": "Descripci\u00f3n general                Objetivo del cargo: Apoyar la gesti\u00f3n comercial realizada por el equipo comercial en cuanto al seguimiento de las operaciones en proceso de estructuraci\u00f3n para su desembolso, contribuir al plan de mejoramiento continuo del \u00e1rea, intervenir con los distintos departamentos de la compa\u00f1\u00eda y atender las solicitudes y requerimientos de los clientes. Funciones:\u2022 Dar una permanente y oportuna asesor\u00eda a los clientes actuales y a los potenciales sobre las caracter\u00edsticas de los productos del Banco y las condiciones de vinculaci\u00f3n.\u2022 Dar una permanente y oportuna asesor\u00eda a los aliados estrat\u00e9gicos y proveedores sobre las caracter\u00edsticas de los productos del Banco y las condiciones de vinculaci\u00f3n.\u2022 Proveer a las diferentes \u00e1reas de la Compa\u00f1\u00eda y a los entes externos que lo requieran, de la informaci\u00f3n de clientes y de proveedores\u2022 Velar por el acopio, la alimentaci\u00f3n y custodia de datos de acuerdo con lo establecido y con las necesidades particulares de los clientes internos.\u2022 Brindar informaci\u00f3n comercial y asesor\u00eda a clientes internos y externos para el correcto acopio de la informaci\u00f3n con destino a la promoci\u00f3n de los productos del Banco. Requisitos: Estudiantes de m\u00ednimo s\u00e9ptimo semestre de ciencias econ\u00f3micas y administrativas, contadur\u00eda, ingenier\u00eda industrial, marketing y negocios internacionales o afines. Experiencia m\u00ednima de 1 a\u00f1o en cargos similares en el sector financiero.                    Objetivo del cargo: Apoyar la gesti\u00f3n comercial realizada por el equipo comercial en cuanto al seguimiento de las operaciones en proceso de estructuraci\u00f3n para su desembolso, contribuir al plan de mejoramiento continuo del \u00e1rea, intervenir con los distintos departamentos de la compa\u00f1\u00eda y atender las solicitudes y requerimientos de los clientes. Funciones:\u2022 Dar una permanente y oportuna asesor\u00eda a los clientes actuales y a los potenciales sobre las caracter\u00edsticas de los productos del Banco y las condiciones de vinculaci\u00f3n.\u2022 Dar una permanente y oportuna asesor\u00eda a los aliados estrat\u00e9gicos y proveedores sobre las caracter\u00edsticas de los productos del Banco y las condiciones de vinculaci\u00f3n.\u2022 Proveer a las diferentes \u00e1reas de la Compa\u00f1\u00eda y a los entes externos que lo requieran, de la informaci\u00f3n de clientes y de proveedores\u2022 Velar por el acopio, la alimentaci\u00f3n y custodia de datos de acuerdo con lo establecido y con las necesidades particulares de los clientes internos.\u2022 Brindar informaci\u00f3n comercial y asesor\u00eda a clientes internos y externos para el correcto acopio de la informaci\u00f3n con destino a la promoci\u00f3n de los productos del Banco. Requisitos: Estudiantes de m\u00ednimo s\u00e9ptimo semestre de ciencias econ\u00f3micas y administrativas, contadur\u00eda, ingenier\u00eda industrial, marketing y negocios internacionales o afines. Experiencia m\u00ednima de 1 a\u00f1o en cargos similares en el sector financiero.                            Auxiliar, asistencial y otros                            Universitaria            Contadur\u00edaEconom\u00edaIngenier\u00eda industrialAdministraci\u00f3n de empresasMercadeo1 a\u00f1o de experiencia                1                Vacante            Competencias para la vacante                                            auxiliar                                                                                    comercial                                                                                    pereira                                                                                    eje cafetero", "tipo_contrato": "Contrato Indefinido", "nivel_educativo": "Universitaria", "categoria": "Auxiliar, asistencial y otros", "sector": "Banca", "experiencia": "1 a\u00f1o de experiencia", "id_empleo": "1884658847", "competencias": "auxiliar,comercial,pereira,eje cafetero"}