{"url_empleo": "https://www.elempleo.com/co/ofertas-trabajo/tecnico-posventa-equipos-bogota/1884660797", "fecha_recuperacion": "2021-03-01-22-11", "titulo_oferta": "T\u00e9cnico posventa equipos - bogot\u00e1", "salario": "$1,5 a $2 millones", "ciudad": "Bogot\u00e1", "fecha_publicacion": "Publicado 22 Feb 2021", "area": "Administrativa y Financiera", "num_vacantes": "1 Vacante", "profesion": "Ingenier\u00eda de Motores", "descripcion_general": "Descripci\u00f3n general                Co\u00e9xito S.A.S. es la empresa l\u00edder en la comercializaci\u00f3n de productos del sector automotriz, con una trayectoria de m\u00e1s de 60 a\u00f1os en el mercado y con presencia a nivel nacional. Adicionalmente, contamos con la red m\u00e1s amplia de centros de servicio especializados en el diagn\u00f3stico y mantenimiento de veh\u00edculos en Colombia. Tenemos como proyecci\u00f3n seguir consolidando nuestro liderazgo en el pa\u00eds, buscando expandir nuestras fronteras. Para seguir creciendo sabemos que debemos contar con el mejor equipo. Por esta raz\u00f3n requerimos contratar un T\u00e9cnico Posventa Equipos con talento para nuestra Compa\u00f1\u00eda, donde su funci\u00f3n principal ser\u00e1: Brindar soporte t\u00e9cnico al cliente con el fin de dar soluci\u00f3n a sus requerimientos, velando siempre por el cumplimiento de las pol\u00edticas de la compa\u00f1\u00eda en cuanto a retenci\u00f3n y asesor\u00edas; adem\u00e1s que colabore con la Unidad de Soporte T\u00e9cnico para alcanzar todas nuestras metas. Si quieres unirte a nosotros debes ser una persona din\u00e1mica, con amor por su trabajo, con visi\u00f3n y estrategia para hacer crecer a\u00fan m\u00e1s nuestra empresa Co\u00e9xito.  Nuestro candidato ideal debe: \u2022\tSer T\u00e9cnico en carreras afines a ingenier\u00eda. \u2022\tTener Certificaci\u00f3n Contec.\u2022\tTener Licencia de conducir.\u2022\tTener Certificaci\u00f3n de trabajo seguro en alturas. \u2022\tTener m\u00ednimo 2 a\u00f1os de experiencia en trabajos de montaje, instalaciones de equipos en sectores de producci\u00f3n e industrial.Conocimiento en hidr\u00e1ulica y neum\u00e1tica.    Nuestro candidato ideal sabr\u00e1 lo que necesita nuestra empresa y convertirlo en realidad. \u00bfCrees que eres t\u00fa?, entonces si tienes experiencia comprobada y un amplio conocimiento en lo anterior mencionado y adem\u00e1s quieres un puesto en el que puedas crecer laboral y personalmente, env\u00eda tu postulaci\u00f3n ahora mismo. \u00a1Estamos deseando conocerte!  Conoce m\u00e1s de nosotros en: ***.*******.***.**             Co\u00e9xito S.A.S. es la empresa l\u00edder en la comercializaci\u00f3n de productos del sector automotriz, con una trayectoria de m\u00e1s de 60 a\u00f1os en el mercado y con presencia a nivel nacional. Adicionalmente, contamos con la red m\u00e1s amplia de centros de servicio especializados en el diagn\u00f3stico y mantenimiento de veh\u00edculos en Colombia. Tenemos como proyecci\u00f3n seguir consolidando nuestro liderazgo en el pa\u00eds, buscando expandir nuestras fronteras. Para seguir creciendo sabemos que debemos contar con el mejor equipo. Por esta raz\u00f3n requerimos contratar un T\u00e9cnico Posventa Equipos con talento para nuestra Compa\u00f1\u00eda, donde su funci\u00f3n principal ser\u00e1: Brindar soporte t\u00e9cnico al cliente con el fin de dar soluci\u00f3n a sus requerimientos, velando siempre por el cumplimiento de las pol\u00edticas de la compa\u00f1\u00eda en cuanto a retenci\u00f3n y asesor\u00edas; adem\u00e1s que colabore con la Unidad de Soporte T\u00e9cnico para alcanzar todas nuestras metas. Si quieres unirte a nosotros debes ser una persona din\u00e1mica, con amor por su trabajo, con visi\u00f3n y estrategia para hacer crecer a\u00fan m\u00e1s nuestra empresa Co\u00e9xito.  Nuestro candidato ideal debe: \u2022\tSer T\u00e9cnico en carreras afines a ingenier\u00eda. \u2022\tTener Certificaci\u00f3n Contec.\u2022\tTener Licencia de conducir.\u2022\tTener Certificaci\u00f3n de trabajo seguro en alturas. \u2022\tTener m\u00ednimo 2 a\u00f1os de experiencia en trabajos de montaje, instalaciones de equipos en sectores de producci\u00f3n e industrial.Conocimiento en hidr\u00e1ulica y neum\u00e1tica.    Nuestro candidato ideal sabr\u00e1 lo que necesita nuestra empresa y convertirlo en realidad. \u00bfCrees que eres t\u00fa?, entonces si tienes experiencia comprobada y un amplio conocimiento en lo anterior mencionado y adem\u00e1s quieres un puesto en el que puedas crecer laboral y personalmente, env\u00eda tu postulaci\u00f3n ahora mismo. \u00a1Estamos deseando conocerte!  Conoce m\u00e1s de nosotros en: ***.*******.***.**                 Auxiliar, asistencial y otros                            T\u00e9cnico Laboral            Ingenier\u00eda de MotoresIngenier\u00eda de Energ\u00edasIngenier\u00eda Automotriz2 a\u00f1os de experiencia                1                Vacante            Competencias para la vacante                                            ventas                                                                                    servicio al cliente", "tipo_contrato": "Contrato Indefinido", "nivel_educativo": "T\u00e9cnico Laboral", "categoria": "Auxiliar, asistencial y otros", "sector": "Carrocer\u00edas, partes y piezas par...", "experiencia": "2 a\u00f1os de experiencia", "id_empleo": "1884660797", "competencias": "ventas,servicio al cliente"}