{"url_empleo": "https://www.elempleo.com/co/ofertas-trabajo/auxiliar-de-almacen-ii-servicio-farmaceutico/1884579400", "fecha_recuperacion": "2021-03-01-22-05", "titulo_oferta": "Auxiliar de almac\u00e9n ii servicio farmac\u00e9utico", "salario": "$1,5 a $2 millones", "ciudad": "Bogot\u00e1", "fecha_publicacion": "Publicado 25 Feb 2021", "area": "Compras e Inventarios", "num_vacantes": "1 Vacante", "profesion": "Tecn Regencia Farmacia", "descripcion_general": "Descripci\u00f3n general                Estamos en b\u00fasqueda de: T\u00e9cnico de Servicios Farmac\u00e9uticos, Gesti\u00f3n Log\u00edstica o afines y experiencia m\u00ednima de 2 a\u00f1os gestionando la recepci\u00f3n t\u00e9cnica, almacenamiento, custodia e inventarios de medicamentos o insumos, de acuerdo con la normatividad vigente. Indispensable manejo de inventarios y Excel intermedio. Contrato directo, a t\u00e9rmino indefinido con todas las prestaciones de Ley.                    Estamos en b\u00fasqueda de: T\u00e9cnico de Servicios Farmac\u00e9uticos, Gesti\u00f3n Log\u00edstica o afines y experiencia m\u00ednima de 2 a\u00f1os gestionando la recepci\u00f3n t\u00e9cnica, almacenamiento, custodia e inventarios de medicamentos o insumos, de acuerdo con la normatividad vigente. Indispensable manejo de inventarios y Excel intermedio. Contrato directo, a t\u00e9rmino indefinido con todas las prestaciones de Ley.                            Auxiliar, asistencial y otros                            T\u00e9cnico Laboral            Tecn Regencia FarmaciaT\u00e9cnico en Log\u00edstica1 a\u00f1o de experiencia                1                Vacante            Competencias para la vacante                                            farmaceutico                                                                                    farmacia                                                                                    Inventarios                                                                                    Almacen                                                                                    logistica                                                                                    almacenista", "tipo_contrato": "Contrato Indefinido", "nivel_educativo": "T\u00e9cnico Laboral", "categoria": "Auxiliar, asistencial y otros", "sector": "Servicios hospitalarios, m\u00e9dicos...", "experiencia": "1 a\u00f1o de experiencia", "id_empleo": "1884579400", "competencias": "farmaceutico,farmacia,Inventarios,Almacen,logistica,almacenista"}