{"url_empleo": "https://www.elempleo.com/co/ofertas-trabajo/jefe-de-enfermeria-asistencial-supernumerario-medellin/1884670541", "fecha_recuperacion": "2021-03-01-22-15", "titulo_oferta": "Jefe de enfermer\u00eda asistencial supernumerario - medell\u00edn", "salario": "$1,5 a $2 millones", "ciudad": "Medell\u00edn", "fecha_publicacion": "Publicado 18 Feb 2021", "area": "Salud", "num_vacantes": "1 Vacante", "profesion": "Enfermer\u00eda", "descripcion_general": "Descripci\u00f3n general                Nos encontramos en la b\u00fasqueda de JEFE DE ENFERMER\u00cdA ASISTENCIAL SUPERNUMERARIO, encargado del cubrimiento de licencias, permisos y vacaciones, para nuestro Centro M\u00e9dico con atenci\u00f3n a pacientes de p\u00f3liza de Salud, ubicado en la ciudad de Medell\u00edn, sector El Poblado.El enfoque del cargo es garantizar el correcto funcionamiento del servicio de enfermer\u00eda realizando acompa\u00f1amiento de pacientes en solicitudes como ex\u00e1menes diagn\u00f3sticos, toma de electrocardiograma, toma de muestras Covid - 19 entre otros y asegurar el cumplimiento de la normatividad en habilitaci\u00f3n y acreditaci\u00f3n. As\u00ed mismo, mantener una atenci\u00f3n diferenciada y c\u00e1lida a los usuarios adscritos en los procesos que apliquen a su \u00e1rea realizando la supervisi\u00f3n de las actividades que realiza el personal a su cargo.Vinculaci\u00f3n directa con la fundaci\u00f3n por medio de un contrato de prestaci\u00f3n de servicios. Disponibilidad de Lunes a viernes de 6:30 am a 4:30 pm y un s\u00e1bado cada quince d\u00edas de 7:00 am a 1:00 pm, Desde el 23 de marzo hasta el 14 de abril. Valor Hora: $ 19.410 Requisitos:-Enferme@ profesional graduado, con m\u00ednimo un a\u00f1o de experiencia en el \u00e1rea asistencial-Certificado curso de toma de citolog\u00eda                    Nos encontramos en la b\u00fasqueda de JEFE DE ENFERMER\u00cdA ASISTENCIAL SUPERNUMERARIO, encargado del cubrimiento de licencias, permisos y vacaciones, para nuestro Centro M\u00e9dico con atenci\u00f3n a pacientes de p\u00f3liza de Salud, ubicado en la ciudad de Medell\u00edn, sector El Poblado.El enfoque del cargo es garantizar el correcto funcionamiento del servicio de enfermer\u00eda realizando acompa\u00f1amiento de pacientes en solicitudes como ex\u00e1menes diagn\u00f3sticos, toma de electrocardiograma, toma de muestras Covid - 19 entre otros y asegurar el cumplimiento de la normatividad en habilitaci\u00f3n y acreditaci\u00f3n. As\u00ed mismo, mantener una atenci\u00f3n diferenciada y c\u00e1lida a los usuarios adscritos en los procesos que apliquen a su \u00e1rea realizando la supervisi\u00f3n de las actividades que realiza el personal a su cargo.Vinculaci\u00f3n directa con la fundaci\u00f3n por medio de un contrato de prestaci\u00f3n de servicios. Disponibilidad de Lunes a viernes de 6:30 am a 4:30 pm y un s\u00e1bado cada quince d\u00edas de 7:00 am a 1:00 pm, Desde el 23 de marzo hasta el 14 de abril. Valor Hora: $ 19.410 Requisitos:-Enferme@ profesional graduado, con m\u00ednimo un a\u00f1o de experiencia en el \u00e1rea asistencial-Certificado curso de toma de citolog\u00eda                            Profesional                            Universitaria            Enfermer\u00eda1 a\u00f1o de experiencia                1                Vacante            Competencias para la vacante                                            enfermeras                                                                                    enfermeria                                                                                    enfermero                                                                                    entidad promotora de salud                                                                                    Instituto prestador de salud                                                                                    consulta externa", "tipo_contrato": "Contrato Prestacion de Servicios", "nivel_educativo": "Universitaria", "categoria": "Profesional", "sector": "Salud, trabajo y seguridad social", "experiencia": "1 a\u00f1o de experiencia", "id_empleo": "1884670541", "competencias": "enfermeras,enfermeria,enfermero,entidad promotora de salud,Instituto prestador de salud,consulta externa"}