{"url_empleo": "https://www.elempleo.com/co/ofertas-trabajo/auxiliar-administrativa/1884126275", "fecha_recuperacion": "2021-03-01-22-07", "titulo_oferta": "Auxiliar administrativa", "salario": "$1 a $1,5 millones", "ciudad": "Bogot\u00e1", "fecha_publicacion": "Publicado 24 Feb 2021", "area": "Administrativa y Financiera", "num_vacantes": "2 Vacantes", "profesion": "Otra", "descripcion_general": "Descripci\u00f3n general                Reconocida empresa requiere Auxiliar administrativo con experiencia m\u00ednima de 1 a\u00f1o en el cargo, con conocimientos en atenci\u00f3n al cliente, llamadas, informes y demas.Horario: lunes a viernes y s\u00e1bados espor\u00e1dicosSalario: 1.262.000 en adelante + pl.                    Reconocida empresa requiere Auxiliar administrativo con experiencia m\u00ednima de 1 a\u00f1o en el cargo, con conocimientos en atenci\u00f3n al cliente, llamadas, informes y demas.Horario: lunes a viernes y s\u00e1bados espor\u00e1dicosSalario: 1.262.000 en adelante + pl.                            Auxiliar, asistencial y otros                            Media (10\u00b0 - 13\u00b0)            OtraAuxiliar                2                Vacantes            Competencias para la vacante", "tipo_contrato": "", "nivel_educativo": "Media (10\u00b0 - 13\u00b0)", "categoria": "Auxiliar, asistencial y otros", "sector": "Otros", "experiencia": "", "id_empleo": "1884126275", "competencias": ""}