{"url_empleo": "https://www.elempleo.com/co/ofertas-trabajo/teletrabajador-en-ventas/1884643461", "fecha_recuperacion": "2021-03-01-22-04", "titulo_oferta": "Teletrabajador en ventas", "salario": "Salario a convenir", "ciudad": "Toda Colombia", "fecha_publicacion": "Publicado 26 Feb 2021", "area": "Comercial, Ventas y Telemercadeo", "num_vacantes": "1 Vacante", "profesion": "Otros", "descripcion_general": "Descripci\u00f3n general                Multinacional busca persona para la comercializaci\u00f3n de amplio portafolio de consumo masivo, con o sin experiencia en ventas. Preferiblemente con habilidades para las herramientas digitales. Posibilidad de trabajo medio tiempo o tiempo completo, capacitaci\u00f3n constante, ascensos, bonos e incentivos por cumplimento de metas.  Horario Flexible                    Multinacional busca persona para la comercializaci\u00f3n de amplio portafolio de consumo masivo, con o sin experiencia en ventas. Preferiblemente con habilidades para las herramientas digitales. Posibilidad de trabajo medio tiempo o tiempo completo, capacitaci\u00f3n constante, ascensos, bonos e incentivos por cumplimento de metas.  Horario Flexible                            Auxiliar, asistencial y otros                            Media (10\u00b0 - 13\u00b0)            Otros                1                Vacante            Competencias para la vacante                                            comercial                                                                                    ventas                                                                                    teletrabajo                                                                                    trabajo                                                                                    trabajo en casa                                                                                    horario flexible", "tipo_contrato": "Contrato Otro", "nivel_educativo": "Media (10\u00b0 - 13\u00b0)", "categoria": "Auxiliar, asistencial y otros", "sector": "Alimentos / Bebidas", "experiencia": "", "id_empleo": "1884643461", "competencias": "comercial,ventas,teletrabajo,trabajo,trabajo en casa,horario flexible"}