{"url_empleo": "https://www.elempleo.com/co/ofertas-trabajo/auxiliar-de-laboratorio-cali/1884672707", "fecha_recuperacion": "2021-03-01-22-15", "titulo_oferta": "Auxiliar de laboratorio - cali", "salario": "$1 a $1,5 millones", "ciudad": "Cali", "fecha_publicacion": "Publicado 18 Feb 2021", "area": "Salud", "num_vacantes": "1 Vacante", "profesion": "Enfermer\u00eda", "descripcion_general": "Descripci\u00f3n general                Nos encontramos en la b\u00fasqueda de AUXILIAR DE LABORATORIO CL\u00cdNICO quien trabajar\u00e1 en nuestro nuevo centro m\u00e9dico ubicado en la ciudad de Cali, con atenci\u00f3n a pacientes de Plan Obligatorio de Salud. Las funciones del cargo est\u00e1n asociadas con:\u2022\tLa correcta toma de muestras a pacientes\u2022\tRegistro de \u00f3rdenes\u2022\tMarcaci\u00f3n e identificaci\u00f3n correcta de las muestras\u2022\tParticipaci\u00f3n en la organizaci\u00f3n y embalaje de las muestrasGarantizando as\u00ed una atenci\u00f3n diferenciada y c\u00e1lida a los usuarios, adem\u00e1s del cumplimiento de la normatividad de habilitaci\u00f3n y acreditaci\u00f3n asociada al cargo.  Disponibilidad de Tiempo completo (8 horas) en horarios rotativos de Lunes a S\u00e1bado de 6:00 am a 8:00 pm. Contrato Laboral directo con la fundaci\u00f3n a t\u00e9rmino fijo 3 meses (renovable sujeto a desempe\u00f1o). Asignaci\u00f3n salarial de $1.349.400 + Prestaciones de ley + Plan de beneficios no salariales.  REQUISITOS:-Auxiliar de Enfermer\u00eda o Auxiliar de Laboratorio Cl\u00ednico graduado, con experiencia m\u00ednima de 1 a\u00f1o en cargos similares.-Certificado Curso de Toma de Muestra actualizado (Indispensable)                    Nos encontramos en la b\u00fasqueda de AUXILIAR DE LABORATORIO CL\u00cdNICO quien trabajar\u00e1 en nuestro nuevo centro m\u00e9dico ubicado en la ciudad de Cali, con atenci\u00f3n a pacientes de Plan Obligatorio de Salud. Las funciones del cargo est\u00e1n asociadas con:\u2022\tLa correcta toma de muestras a pacientes\u2022\tRegistro de \u00f3rdenes\u2022\tMarcaci\u00f3n e identificaci\u00f3n correcta de las muestras\u2022\tParticipaci\u00f3n en la organizaci\u00f3n y embalaje de las muestrasGarantizando as\u00ed una atenci\u00f3n diferenciada y c\u00e1lida a los usuarios, adem\u00e1s del cumplimiento de la normatividad de habilitaci\u00f3n y acreditaci\u00f3n asociada al cargo.  Disponibilidad de Tiempo completo (8 horas) en horarios rotativos de Lunes a S\u00e1bado de 6:00 am a 8:00 pm. Contrato Laboral directo con la fundaci\u00f3n a t\u00e9rmino fijo 3 meses (renovable sujeto a desempe\u00f1o). Asignaci\u00f3n salarial de $1.349.400 + Prestaciones de ley + Plan de beneficios no salariales.  REQUISITOS:-Auxiliar de Enfermer\u00eda o Auxiliar de Laboratorio Cl\u00ednico graduado, con experiencia m\u00ednima de 1 a\u00f1o en cargos similares.-Certificado Curso de Toma de Muestra actualizado (Indispensable)                            Auxiliar, asistencial y otros                            Formaci\u00f3n Tec profesional            Enfermer\u00eda1 a\u00f1o de experiencia                1                Vacante            Competencias para la vacante                                            Auxiliar de laboratorio                                                                                    Auxiliar de enfermeria                                                                                    Auxiliar de laboratorio clinico                                                                                    Salud", "tipo_contrato": "Contrato Definido", "nivel_educativo": "Formaci\u00f3n Tec profesional", "categoria": "Auxiliar, asistencial y otros", "sector": "Salud, trabajo y seguridad social", "experiencia": "1 a\u00f1o de experiencia", "id_empleo": "1884672707", "competencias": "Auxiliar de laboratorio,Auxiliar de enfermeria,Auxiliar de laboratorio clinico,Salud"}