{"url_empleo": "https://www.elempleo.com/co/ofertas-trabajo/arquitecto-de-software/1884584092", "fecha_recuperacion": "2021-03-01-22-07", "titulo_oferta": "Arquitecto de software", "salario": "$8 a $10 millones", "ciudad": "Bogot\u00e1", "fecha_publicacion": "Publicado 24 Feb 2021", "area": "Sistemas y Tecnolog\u00eda", "num_vacantes": "1 Vacante", "profesion": "Ingenier\u00eda de sistemas  Computaci\u00f3n", "descripcion_general": "Descripci\u00f3n general                Importante compa\u00f1\u00eda requiere personal para el cargo ARQUITECTO DE SOFTWARE, Profesional en ingenier\u00eda de sistemas o afines, preferiblemente con posgrado en ingenier\u00eda o arquitectura de software, con m\u00ednimo 7 a\u00f1os de experiencia en an\u00e1lisis, dise\u00f1o, construcci\u00f3n y arquitecturas de software con plataforma Java, arquitecturas distribuidas y aplicaciones Cloud Nativa. Debe tener conocimiento en TOGAF, DevOps y contar con certificaci\u00f3n en lenguaje JAVA ( Si se tiene estudio de posgrado en Arquitectura de software, se homologan 2 a\u00f1os de experiencia). Para trabajar de lunes a viernes de 8:00am a 6:00pm, salario $7\u2019000.000 + bonificaci\u00f3n de $2\u2019000.000, contrato indefinido directo con la compa\u00f1\u00eda.                    Importante compa\u00f1\u00eda requiere personal para el cargo ARQUITECTO DE SOFTWARE, Profesional en ingenier\u00eda de sistemas o afines, preferiblemente con posgrado en ingenier\u00eda o arquitectura de software, con m\u00ednimo 7 a\u00f1os de experiencia en an\u00e1lisis, dise\u00f1o, construcci\u00f3n y arquitecturas de software con plataforma Java, arquitecturas distribuidas y aplicaciones Cloud Nativa. Debe tener conocimiento en TOGAF, DevOps y contar con certificaci\u00f3n en lenguaje JAVA ( Si se tiene estudio de posgrado en Arquitectura de software, se homologan 2 a\u00f1os de experiencia). Para trabajar de lunes a viernes de 8:00am a 6:00pm, salario $7\u2019000.000 + bonificaci\u00f3n de $2\u2019000.000, contrato indefinido directo con la compa\u00f1\u00eda.                            Profesional                            Universitaria            Ingenier\u00eda de sistemas  Computaci\u00f3nIngenier\u00eda electr\u00f3nicaIngenier\u00eda telem\u00e1tica7 a\u00f1os de experiencia                1                Vacante            Competencias para la vacante                                            JAVA                                                                                    DevOps                                                                                    Arquitectura de software                                                                                    Desarrollo de software                                                                                    TOGAF                                                                                    Cloud Native                                                                                    Analsis de software", "tipo_contrato": "Contrato Indefinido", "nivel_educativo": "Universitaria", "categoria": "Profesional", "sector": "Inform\u00e1ticos", "experiencia": "7 a\u00f1os de experiencia", "id_empleo": "1884584092", "competencias": "JAVA,DevOps,Arquitectura de software,Desarrollo de software,TOGAF,Cloud Native,Analsis de software"}