{"url_empleo": "https://www.elempleo.com/co/ofertas-trabajo/asistente-de-monitoreo-y-evaluacion-catatumbo-sur-de-cordoba-cauca-narino-bajo-cauca/1884622937", "fecha_recuperacion": "2021-03-01-22-13", "titulo_oferta": "Asistente de monitoreo y evaluaci\u00f3n - (catatumbo - sur de cordoba - cauca - nari\u00f1o - bajo cauca)", "salario": "Salario a convenir", "ciudad": "Bogot\u00e1", "fecha_publicacion": "Publicado 19 Feb 2021", "area": "Proyectos (an\u00e1lisis, desarrollo,...", "num_vacantes": "1 Vacante", "profesion": "Econom\u00eda", "descripcion_general": "Descripci\u00f3n general                MISIONRealizar el monitoreo y evaluaci\u00f3n de las actividades del plan de trabajo del Programa Somos Comunidad, en el territorio asignado, con el prop\u00f3sito de contribuir con el fortalecimiento de los sistemas locales para mejorar la seguridad de los ciudadanos y mitigar los efectos de los grupos delictivos organizados y otros incidentes violentos en los territorios, bajo el lineamiento del Gerente Regional y cumpliendo con las pol\u00edticas de la Fundaci\u00f3n..FORMACI\u00d3N ACAD\u00c9MICA? Tecn\u00f3logo o estudiante de s\u00e9ptimo semestre en adelante o profesional en \u00e1reas relacionadas con Ingenier\u00eda Industrial, Sistemas, Administrativas, Econ\u00f3micas, Financieras o \u00e1reas relacionadas.? Cursos en asistencia humanitaria, gerencia de proyectos y/o pol\u00edtica p\u00fablica de atenci\u00f3n a desplazados y v\u00edctimas indicadores de gesti\u00f3n (Deseable).EXPERIENCIA LABORALEspec\u00edfica:? Experiencia m\u00ednimo de un (1) a\u00f1o en labores de monitoreo y seguimiento de proyectos o programas preferiblemente sociales con poblaci\u00f3n vulnerable; digitaci\u00f3n y administraci\u00f3n de la informaci\u00f3n; dise\u00f1o, manejo e interpretaci\u00f3n de indicadores de monitoreo y evaluaci\u00f3n. Preferible la experiencia en el territorio de la regional a la cual se postula.Relacionada:M\u00ednimo un a\u00f1o de experiencia en:? Excel avanzado? Manejo de bases de datos, tablas y gr\u00e1ficos din\u00e1micos.? Trabajo con poblaci\u00f3n vulnerable? Formulaci\u00f3n, ejecuci\u00f3n, seguimiento y evaluaci\u00f3n de proyectos                    MISIONRealizar el monitoreo y evaluaci\u00f3n de las actividades del plan de trabajo del Programa Somos Comunidad, en el territorio asignado, con el prop\u00f3sito de contribuir con el fortalecimiento de los sistemas locales para mejorar la seguridad de los ciudadanos y mitigar los efectos de los grupos delictivos organizados y otros incidentes violentos en los territorios, bajo el lineamiento del Gerente Regional y cumpliendo con las pol\u00edticas de la Fundaci\u00f3n..FORMACI\u00d3N ACAD\u00c9MICA? Tecn\u00f3logo o estudiante de s\u00e9ptimo semestre en adelante o profesional en \u00e1reas relacionadas con Ingenier\u00eda Industrial, Sistemas, Administrativas, Econ\u00f3micas, Financieras o \u00e1reas relacionadas.? Cursos en asistencia humanitaria, gerencia de proyectos y/o pol\u00edtica p\u00fablica de atenci\u00f3n a desplazados y v\u00edctimas indicadores de gesti\u00f3n (Deseable).EXPERIENCIA LABORALEspec\u00edfica:? Experiencia m\u00ednimo de un (1) a\u00f1o en labores de monitoreo y seguimiento de proyectos o programas preferiblemente sociales con poblaci\u00f3n vulnerable; digitaci\u00f3n y administraci\u00f3n de la informaci\u00f3n; dise\u00f1o, manejo e interpretaci\u00f3n de indicadores de monitoreo y evaluaci\u00f3n. Preferible la experiencia en el territorio de la regional a la cual se postula.Relacionada:M\u00ednimo un a\u00f1o de experiencia en:? Excel avanzado? Manejo de bases de datos, tablas y gr\u00e1ficos din\u00e1micos.? Trabajo con poblaci\u00f3n vulnerable? Formulaci\u00f3n, ejecuci\u00f3n, seguimiento y evaluaci\u00f3n de proyectos                            Profesional Junior                            Tecnol\u00f3gica            Econom\u00edaIngenier\u00eda industrialAdministraci\u00f3n de empresasAdministraci\u00f3n financiera1 a\u00f1o de experiencia                1                Vacante            Competencias para la vacante                                            asistente", "tipo_contrato": "", "nivel_educativo": "Tecnol\u00f3gica", "categoria": "Profesional Junior", "sector": "Organizaciones no gubernamentale...", "experiencia": "1 a\u00f1o de experiencia", "id_empleo": "1884622937", "competencias": "asistente"}