{"url_empleo": "https://www.elempleo.com/co/ofertas-trabajo/gerente-de-oficina/1884639594", "fecha_recuperacion": "2021-03-01-22-00", "titulo_oferta": "Gerente de oficina", "salario": "$3 a $3,5 millones", "ciudad": "Ch\u00eda", "fecha_publicacion": "Publicado 1 Mar 2021", "area": "Administrativa y Financiera", "num_vacantes": "1 Vacante", "profesion": "Ingenier\u00eda industrial", "descripcion_general": "Descripci\u00f3n general                Entidad financiera requiere profesional para manejo de su oficina Bancaria en el municipio de CHIA.manejo de portafolios de pasivo y activo.PARA LA OFICINA BANCARIA EN CHIA                    Entidad financiera requiere profesional para manejo de su oficina Bancaria en el municipio de CHIA.manejo de portafolios de pasivo y activo.PARA LA OFICINA BANCARIA EN CHIA                            Profesional                            Universitaria            Ingenier\u00eda industrialAdministraci\u00f3n de empresasOtros1 a\u00f1o de experiencia                1                Vacante            Competencias para la vacante                                            OFICINA BANCARIA", "tipo_contrato": "Contrato Indefinido", "nivel_educativo": "Universitaria", "categoria": "Profesional", "sector": "Banca", "experiencia": "1 a\u00f1o de experiencia", "id_empleo": "1884639594", "competencias": "OFICINA BANCARIA"}