{"url_empleo": "https://www.elempleo.com/co/ofertas-trabajo/uxui-designer/1884603096", "fecha_recuperacion": "2021-03-01-22-08", "titulo_oferta": "Ux/ui designer", "salario": "Salario a convenir", "ciudad": "Bogot\u00e1", "fecha_publicacion": "Publicado 23 Feb 2021", "area": "Dise\u00f1o y publicidad", "num_vacantes": "1 Vacante", "profesion": "Dise\u00f1o gr\u00e1fico", "descripcion_general": "Descripci\u00f3n general                Let\u2019s just start with Zemoga is different ...and we hope you are too. We are looking for a UX/UI Designer with knowledge of the design process from end to end, good communication skills, and good problem-solving skills. Zemoga is the groundbreaking and industry-leading design and technology firm that was the first to offer the world\u2019s leading brands the amazing talent from Colombia and has been doing so for over 18 years. Our teams are the top 5% of the workforce, we have one of the highest retention rates in the industry, and we have the most comprehensive and creative benefits program in the industry. Zemoga might be the perfect place for you if you\u2019re driven by new ideas, international travel, and working directly with the leaders of some of the smartest companies in the world. You will thrive at Zemoga if you are...can...and have: Portfolio and experience working with digital productsProficient understanding of user-centred methodologiesExperience working with product owners and development teams, determining the best UX solutions based on customer feedback and business goalsSupports in the execution of complex research tasks and executes simple research tasks.Fosters high-quality standards and embraces information architecture best practices.Builds and develops visual styling based on brand guidelines, design systems or any other established reference to consider.Good written and verbal communication skillsSkilled to create UX artifacts using information design deliverables (sitemaps, journey maps, user flows, functional specifications, prototypes, and other UX documentation)Figma knowledgeGreat communication skills and time managementB2 English (required for our US clientsExperience working with user research and data to inform decisions  Apply today and build better with us!                    Let\u2019s just start with Zemoga is different ...and we hope you are too. We are looking for a UX/UI Designer with knowledge of the design process from end to end, good communication skills, and good problem-solving skills. Zemoga is the groundbreaking and industry-leading design and technology firm that was the first to offer the world\u2019s leading brands the amazing talent from Colombia and has been doing so for over 18 years. Our teams are the top 5% of the workforce, we have one of the highest retention rates in the industry, and we have the most comprehensive and creative benefits program in the industry. Zemoga might be the perfect place for you if you\u2019re driven by new ideas, international travel, and working directly with the leaders of some of the smartest companies in the world. You will thrive at Zemoga if you are...can...and have: Portfolio and experience working with digital productsProficient understanding of user-centred methodologiesExperience working with product owners and development teams, determining the best UX solutions based on customer feedback and business goalsSupports in the execution of complex research tasks and executes simple research tasks.Fosters high-quality standards and embraces information architecture best practices.Builds and develops visual styling based on brand guidelines, design systems or any other established reference to consider.Good written and verbal communication skillsSkilled to create UX artifacts using information design deliverables (sitemaps, journey maps, user flows, functional specifications, prototypes, and other UX documentation)Figma knowledgeGreat communication skills and time managementB2 English (required for our US clientsExperience working with user research and data to inform decisions  Apply today and build better with us!                            Profesional                            Universitaria            Dise\u00f1o gr\u00e1fico5 a\u00f1os de experiencia                1                Vacante            Competencias para la vacante                                            nvestigaci\u00f3n Coincidencia Ingl\u00e9s Sin coincidencia Interfaces Sin coincidencia Wireframing Sin coincidencia Empresas Sin coincidencia Capacidad de an\u00e1lisis Sin coincidencia Investigaci\u00f3n UX Sin coincidencia Mejora continua Sin coincidencia Dise\u00f1o                                                                                    Interfaces                                                                                    Wireframing                                                                                    Ux                                                                                    UI                                                                                    Investigaci\u00f3n", "tipo_contrato": "Contrato Indefinido", "nivel_educativo": "Universitaria", "categoria": "Profesional", "sector": "Productores y distribuidores de ...", "experiencia": "5 a\u00f1os de experiencia", "id_empleo": "1884603096", "competencias": "nvestigaci\u00f3n Coincidencia Ingl\u00e9s Sin coincidencia Interfaces Sin coincidencia Wireframing Sin coincidencia Empresas Sin coincidencia Capacidad de an\u00e1lisis Sin coincidencia Investigaci\u00f3n UX Sin coincidencia Mejora continua Sin coincidencia Dise\u00f1o,Interfaces,Wireframing,Ux,UI,Investigaci\u00f3n"}