{"url_empleo": "https://www.elempleo.com/co/ofertas-trabajo/ingeniero-generacion-de-pronosticos/1884215799", "fecha_recuperacion": "2021-03-01-22-11", "titulo_oferta": "Ingeniero generacion de pronosticos", "salario": "$5,5 a $6 millones", "ciudad": "Bogot\u00e1", "fecha_publicacion": "Publicado 22 Feb 2021", "area": "Compras e Inventarios", "num_vacantes": "1 Vacante", "profesion": "Ingenier\u00eda industrial", "descripcion_general": "Descripci\u00f3n general                Multinacional dedicada a la producci\u00f3n y comercializaci\u00f3n de productos para la construcci\u00f3n y empaques desechables requiere profesional en Ingenier\u00eda Industrial o carrera a fin para desempe\u00f1ar el cargo de INGENIERO DE PLANEACI\u00d3N, con experiencia m\u00ednima de 3 a\u00f1os en el sector manufacturero. Buscamos personas con conocimientos en GENERACI\u00d3N DE PRON\u00d3STICOS, MODELOS DE PRON\u00d3STICOS, software DEMANTRA. El objetivo del cargo es realizar la plantaci\u00f3n de la producci\u00f3n mediante el an\u00e1lisis de los diferentes factores que afectan la demanda, capacidad productiva, l\u00edmites de bodega. Salario b\u00e1sico $ negociable seg\u00fan experiencia en el sector. Contrato directo por la empresa.                    Multinacional dedicada a la producci\u00f3n y comercializaci\u00f3n de productos para la construcci\u00f3n y empaques desechables requiere profesional en Ingenier\u00eda Industrial o carrera a fin para desempe\u00f1ar el cargo de INGENIERO DE PLANEACI\u00d3N, con experiencia m\u00ednima de 3 a\u00f1os en el sector manufacturero. Buscamos personas con conocimientos en GENERACI\u00d3N DE PRON\u00d3STICOS, MODELOS DE PRON\u00d3STICOS, software DEMANTRA. El objetivo del cargo es realizar la plantaci\u00f3n de la producci\u00f3n mediante el an\u00e1lisis de los diferentes factores que afectan la demanda, capacidad productiva, l\u00edmites de bodega. Salario b\u00e1sico $ negociable seg\u00fan experiencia en el sector. Contrato directo por la empresa.                            Profesional Senior                            Universitaria            Ingenier\u00eda industrialMatem\u00e1ticasIngenier\u00eda electromec\u00e1nicaIngenier\u00eda de producci\u00f3nIngenier\u00eda de procesos3 a\u00f1os de experiencia                1                Vacante            Competencias para la vacante                                            demantra                                                                                    generacion pronosticos", "tipo_contrato": "Contrato Indefinido", "nivel_educativo": "Universitaria", "categoria": "Profesional Senior", "sector": "Consumo masivo", "experiencia": "3 a\u00f1os de experiencia", "id_empleo": "1884215799", "competencias": "demantra,generacion pronosticos"}