{"url_empleo": "https://www.elempleo.com/co/ofertas-trabajo/asesor-cobranzas-cartera-financieras-administrativas/1884643552", "fecha_recuperacion": "2021-03-01-22-04", "titulo_oferta": "Asesor cobranzas cartera financieras administrativas", "salario": "Menos de $1 mill\u00f3n", "ciudad": "Bogot\u00e1", "fecha_publicacion": "Publicado 26 Feb 2021", "area": "Contabilidad: cartera y costos", "num_vacantes": "1 Vacante", "profesion": "Otra", "descripcion_general": "Descripci\u00f3n general                Importante empresa de servicios financieros requiere Asesor Cobranzas, con experiencia en cartera administrativa en el sector financiero                    Importante empresa de servicios financieros requiere Asesor Cobranzas, con experiencia en cartera administrativa en el sector financiero                            Auxiliar, asistencial y otros                            Media (10\u00b0 - 13\u00b0)            Otra3 a\u00f1os de experiencia                1                Vacante            Competencias para la vacante                                            Cobranzas", "tipo_contrato": "", "nivel_educativo": "Media (10\u00b0 - 13\u00b0)", "categoria": "Auxiliar, asistencial y otros", "sector": "Servicios financieros", "experiencia": "3 a\u00f1os de experiencia", "id_empleo": "1884643552", "competencias": "Cobranzas"}