{"url_empleo": "https://www.elempleo.com/co/ofertas-trabajo/vendedor-a-de-servicios-cali/1884587523", "fecha_recuperacion": "2021-03-01-22-17", "titulo_oferta": "Vendedor (a) de servicios - cali", "salario": "Menos de $1 mill\u00f3n", "ciudad": "Cali", "fecha_publicacion": "Publicado 17 Feb 2021", "area": "Servicio al Cliente", "num_vacantes": "1 Vacante", "profesion": "Bachillerato Acad\u00e9mico", "descripcion_general": "Descripci\u00f3n general                Co\u00e9xito S.A.S. es la empresa l\u00edder en la comercializaci\u00f3n de productos del sector automotriz, con una trayectoria de m\u00e1s de 60 a\u00f1os en el mercado y con presencia a nivel nacional. Adicionalmente, contamos con la red m\u00e1s amplia de centros de servicio especializados en el diagn\u00f3stico y mantenimiento de veh\u00edculos en Colombia. Tenemos como proyecci\u00f3n seguir consolidando nuestro liderazgo en el pa\u00eds, buscando expandir nuestras fronteras. Para seguir creciendo sabemos que debemos contar con el mejor equipo. Por esta raz\u00f3n requerimos contratar un (a) Vendedor (a) de Servicios con talento para nuestra Compa\u00f1\u00eda, donde su funci\u00f3n principal ser\u00e1: Atender a los clientes en las islas de combustible dentro de la Estaci\u00f3n de Servicio CO\u00c9XITO S.A.S.; adem\u00e1s que colabore con la Unidad de Servicios Movilidad para alcanzar todas nuestras metas. Si quieres unirte a nosotros debes ser una persona din\u00e1mica, con amor por su trabajo, con visi\u00f3n y estrategia para hacer crecer a\u00fan m\u00e1s nuestra empresa Co\u00e9xito.  Nuestro (a) candidato(a) ideal debe: \u2022\tSer Bachiller.\u2022\tM\u00ednimo 1 a\u00f1o de experiencia en trabajos que le hayan permitido desarrollar vocaci\u00f3n de servicio al cliente. Nuestro (a) candidato(a) ideal sabr\u00e1 lo que necesita nuestra empresa y convertirlo en realidad. \u00bfCrees que eres t\u00fa?, entonces si tienes experiencia comprobada y un amplio conocimiento en lo anterior mencionado y adem\u00e1s quieres un puesto en el que puedas crecer laboral y personalmente, env\u00eda tu postulaci\u00f3n ahora mismo. \u00a1Estamos deseando conocerte!  Conoce m\u00e1s de nosotros en: ***.*******.***.**             Co\u00e9xito S.A.S. es la empresa l\u00edder en la comercializaci\u00f3n de productos del sector automotriz, con una trayectoria de m\u00e1s de 60 a\u00f1os en el mercado y con presencia a nivel nacional. Adicionalmente, contamos con la red m\u00e1s amplia de centros de servicio especializados en el diagn\u00f3stico y mantenimiento de veh\u00edculos en Colombia. Tenemos como proyecci\u00f3n seguir consolidando nuestro liderazgo en el pa\u00eds, buscando expandir nuestras fronteras. Para seguir creciendo sabemos que debemos contar con el mejor equipo. Por esta raz\u00f3n requerimos contratar un (a) Vendedor (a) de Servicios con talento para nuestra Compa\u00f1\u00eda, donde su funci\u00f3n principal ser\u00e1: Atender a los clientes en las islas de combustible dentro de la Estaci\u00f3n de Servicio CO\u00c9XITO S.A.S.; adem\u00e1s que colabore con la Unidad de Servicios Movilidad para alcanzar todas nuestras metas. Si quieres unirte a nosotros debes ser una persona din\u00e1mica, con amor por su trabajo, con visi\u00f3n y estrategia para hacer crecer a\u00fan m\u00e1s nuestra empresa Co\u00e9xito.  Nuestro (a) candidato(a) ideal debe: \u2022\tSer Bachiller.\u2022\tM\u00ednimo 1 a\u00f1o de experiencia en trabajos que le hayan permitido desarrollar vocaci\u00f3n de servicio al cliente. Nuestro (a) candidato(a) ideal sabr\u00e1 lo que necesita nuestra empresa y convertirlo en realidad. \u00bfCrees que eres t\u00fa?, entonces si tienes experiencia comprobada y un amplio conocimiento en lo anterior mencionado y adem\u00e1s quieres un puesto en el que puedas crecer laboral y personalmente, env\u00eda tu postulaci\u00f3n ahora mismo. \u00a1Estamos deseando conocerte!  Conoce m\u00e1s de nosotros en: ***.*******.***.**                 Auxiliar, asistencial y otros                            Media (10\u00b0 - 13\u00b0)            Bachillerato Acad\u00e9micoBachillerato ComercialBachillerato T\u00e9cnico1 a\u00f1o de experiencia                1                Vacante            Competencias para la vacante                                            ventas                                                                                    servicio al cliente", "tipo_contrato": "Contrato Por obra o labor", "nivel_educativo": "Media (10\u00b0 - 13\u00b0)", "categoria": "Auxiliar, asistencial y otros", "sector": "Carrocer\u00edas, partes y piezas par...", "experiencia": "1 a\u00f1o de experiencia", "id_empleo": "1884587523", "competencias": "ventas,servicio al cliente"}