{"url_empleo": "https://www.elempleo.com/co/ofertas-trabajo/ingeniero-profesional-base-de-datos/1884628655", "fecha_recuperacion": "2021-03-01-22-00", "titulo_oferta": "Ingeniero profesional base de datos", "salario": "$4,5 a $5,5 millones", "ciudad": "Bucaramanga", "fecha_publicacion": "Publicado 1 Mar 2021", "area": "Sistemas", "num_vacantes": "1 Vacante", "profesion": "Ingenier\u00eda de sistemas  Computaci\u00f3n", "descripcion_general": "Descripci\u00f3n general                Reconocida empresa requiere para su equipo de trabajo  ADMINISTRADOR BASE DE DATOS; su rol ser\u00e1 el encargado de garantizar la disponibilidad, administraci\u00f3n, integridad y seguridad de las bases de datos de la organizaci\u00f3n Requisitos: * Experiencia m\u00ednima de 3 a\u00f1os desempe\u00f1ando labores de administrador de base de datos (DBA) .* Acad\u00e9micos: Profesional en Ingenier\u00eda de Sistemas o carreras afines* Conocimientos espec\u00edficos: SQL server 2012 o versiones posteriores, SQL server reporting services, integration Services, Server Analisys Services. Salario : 4.600.000Horario : Lunes a viernes de 7 am a 5 pm                    Reconocida empresa requiere para su equipo de trabajo  ADMINISTRADOR BASE DE DATOS; su rol ser\u00e1 el encargado de garantizar la disponibilidad, administraci\u00f3n, integridad y seguridad de las bases de datos de la organizaci\u00f3n Requisitos: * Experiencia m\u00ednima de 3 a\u00f1os desempe\u00f1ando labores de administrador de base de datos (DBA) .* Acad\u00e9micos: Profesional en Ingenier\u00eda de Sistemas o carreras afines* Conocimientos espec\u00edficos: SQL server 2012 o versiones posteriores, SQL server reporting services, integration Services, Server Analisys Services. Salario : 4.600.000Horario : Lunes a viernes de 7 am a 5 pm                            Profesional Senior                            Universitaria            Ingenier\u00eda de sistemas  Computaci\u00f3nAdministraci\u00f3n de sistemas inform\u00e1ticos3 a\u00f1os de experiencia                1                Vacante            Competencias para la vacante                                            SQL Server", "tipo_contrato": "Contrato Definido", "nivel_educativo": "Universitaria", "categoria": "Profesional Senior", "sector": "Servicios financieros", "experiencia": "3 a\u00f1os de experiencia", "id_empleo": "1884628655", "competencias": "SQL Server"}