{"url_empleo": "https://www.elempleo.com/co/ofertas-trabajo/auxiliar-de-aires-acondicionados/1884652745", "fecha_recuperacion": "2021-03-01-22-15", "titulo_oferta": "Auxiliar de aires acondicionados", "salario": "$1 a $1,5 millones", "ciudad": "Bogot\u00e1", "fecha_publicacion": "Publicado 18 Feb 2021", "area": "Administraci\u00f3n: servicios generales", "num_vacantes": "1 Vacante", "profesion": "Bachillerato T\u00e9cnico", "descripcion_general": "Descripci\u00f3n general                Importante y reconocida empresa de la ciudad busca T\u00e9cnico en Mantenimiento de equipos de Refrigeraci\u00f3n, Ventilaci\u00f3n y Climatizaci\u00f3n. Con m\u00ednimo 1 a\u00f1o de experiencia.                    Importante y reconocida empresa de la ciudad busca T\u00e9cnico en Mantenimiento de equipos de Refrigeraci\u00f3n, Ventilaci\u00f3n y Climatizaci\u00f3n. Con m\u00ednimo 1 a\u00f1o de experiencia.                            Auxiliar, asistencial y otros                            Media (10\u00b0 - 13\u00b0)            Bachillerato T\u00e9cnico1 a\u00f1o de experiencia                1                Vacante            Competencias para la vacante                                            T\u00e9cnico en Mantenimiento de equipos de Refrigeraci\u00f3n                                                                                    Ventilaci\u00f3n y Climatizaci\u00f3n                                                                                    refrigeracion                                                                                    aire acondicionado                                                                                    ventilacion                                                                                    mecanico", "tipo_contrato": "Contrato Indefinido", "nivel_educativo": "Media (10\u00b0 - 13\u00b0)", "categoria": "Auxiliar, asistencial y otros", "sector": "Alimentos / Bebidas", "experiencia": "1 a\u00f1o de experiencia", "id_empleo": "1884652745", "competencias": "T\u00e9cnico en Mantenimiento de equipos de Refrigeraci\u00f3n,Ventilaci\u00f3n y Climatizaci\u00f3n,refrigeracion,aire acondicionado,ventilacion,mecanico"}