{"url_empleo": "https://www.elempleo.com/co/ofertas-trabajo/asistente-contable/1884667022", "fecha_recuperacion": "2021-03-01-22-15", "titulo_oferta": "Asistente contable", "salario": "$1,5 a $2 millones", "ciudad": "Cartagena", "fecha_publicacion": "Publicado 18 Feb 2021", "area": "Contabilidad: cartera y costos", "num_vacantes": "1 Vacante", "profesion": "Contadur\u00eda", "descripcion_general": "Descripci\u00f3n general                Importante empresa de la ciudad de Cartagena solicita Asistente Contable.  Experiencia Laboral: 3 a\u00f1os en el cargo. Formaci\u00f3n Acad\u00e9mica: Profesional en Contadur\u00eda P\u00fablica o estudiante VIII Semestre en adelante.  Conocimientos aplicados: Dominio de Excel nivel Intermedio, Normas Internacionales NIIF Plenas Grupo 1, Legislaci\u00f3n Tributaria, Conciliaciones bancarias, Preparaci\u00f3n informes contables, Contabilizaci\u00f3n de cuentas por pagar y por cobrar. Deseable manejo de SAP.  Tipo de contrato: Termino Indefinido.                    Importante empresa de la ciudad de Cartagena solicita Asistente Contable.  Experiencia Laboral: 3 a\u00f1os en el cargo. Formaci\u00f3n Acad\u00e9mica: Profesional en Contadur\u00eda P\u00fablica o estudiante VIII Semestre en adelante.  Conocimientos aplicados: Dominio de Excel nivel Intermedio, Normas Internacionales NIIF Plenas Grupo 1, Legislaci\u00f3n Tributaria, Conciliaciones bancarias, Preparaci\u00f3n informes contables, Contabilizaci\u00f3n de cuentas por pagar y por cobrar. Deseable manejo de SAP.  Tipo de contrato: Termino Indefinido.                            Auxiliar, asistencial y otros                            Universitaria            Contadur\u00eda3 a\u00f1os de experiencia                1                Vacante            Competencias para la vacante                                            NIIF                                                                                    Conciliaciones bancarias                                                                                    SAP                                                                                    Anticipos                                                                                    Legalizaciones                                                                                    DANE", "tipo_contrato": "", "nivel_educativo": "Universitaria", "categoria": "Auxiliar, asistencial y otros", "sector": "Otros", "experiencia": "3 a\u00f1os de experiencia", "id_empleo": "1884667022", "competencias": "NIIF,Conciliaciones bancarias,SAP,Anticipos,Legalizaciones,DANE"}