{"url_empleo": "https://www.elempleo.com/co/ofertas-trabajo/senior-python-developer/1884603125", "fecha_recuperacion": "2021-03-01-22-08", "titulo_oferta": "Senior python developer", "salario": "Salario a convenir", "ciudad": "Bogot\u00e1", "fecha_publicacion": "Publicado 23 Feb 2021", "area": "Sistemas", "num_vacantes": "1 Vacante", "profesion": "Ingenier\u00eda de sistemas  Computaci\u00f3n", "descripcion_general": "Descripci\u00f3n general                Let\u2019s just start with Zemoga is different ...and we hope you are too. We are looking for a Senior Python developer with knowledge in data engineering, and data science. Zemoga is the groundbreaking and industry-leading design and technology firm that was the first to offer the world\u2019s leading brands the amazing talent from Colombia and has been doing so for over 18 years. Our teams are the top 5% of the workforce, we have one of the highest retention rates in the industry, and we have the most comprehensive and creative benefits program in the industry. Zemoga might be the perfect place for you if you\u2019re driven by new ideas, international travel, and working directly with the leaders of some of the smartest companies in the world. We are a people-driven company committed to ethical business practices and are driven by the passion and creativity that is Colombia. We build better and enjoy it every step of the way. You will thrive at Zemoga if you are...can...and have: Strong Knowledge of PythonData engineering and data science skillsExperience with ETLMathematical/analytical skillsExperience in agency environmentsGreat communication skills and time managementB1 or higher English  It would be cool if you have: Jupyter knowledgeTypescript KnowledgeKnowledge on Node.JSApache Beam KnowledgeMatplotlib knowledgeKnime Knowledge Apply today and build better with us!                    Let\u2019s just start with Zemoga is different ...and we hope you are too. We are looking for a Senior Python developer with knowledge in data engineering, and data science. Zemoga is the groundbreaking and industry-leading design and technology firm that was the first to offer the world\u2019s leading brands the amazing talent from Colombia and has been doing so for over 18 years. Our teams are the top 5% of the workforce, we have one of the highest retention rates in the industry, and we have the most comprehensive and creative benefits program in the industry. Zemoga might be the perfect place for you if you\u2019re driven by new ideas, international travel, and working directly with the leaders of some of the smartest companies in the world. We are a people-driven company committed to ethical business practices and are driven by the passion and creativity that is Colombia. We build better and enjoy it every step of the way. You will thrive at Zemoga if you are...can...and have: Strong Knowledge of PythonData engineering and data science skillsExperience with ETLMathematical/analytical skillsExperience in agency environmentsGreat communication skills and time managementB1 or higher English  It would be cool if you have: Jupyter knowledgeTypescript KnowledgeKnowledge on Node.JSApache Beam KnowledgeMatplotlib knowledgeKnime Knowledge Apply today and build better with us!                            Coordinador supervisor o especialista                            Universitaria            Ingenier\u00eda de sistemas  Computaci\u00f3nAdministraci\u00f3n de sistemas inform\u00e1ticosTecnolog\u00eda En Implementaci\u00f3n De Sistemas Electr\u00f3nicos IndustrialesTecnolog\u00eda En Desarrollo De Sistemas Inform\u00e1ticos6 a\u00f1os de experiencia                1                Vacante            Competencias para la vacante                                            Python                                                                                    Jupyter                                                                                    ETL                                                                                    Node.JS                                                                                    Java", "tipo_contrato": "Contrato Indefinido", "nivel_educativo": "Universitaria", "categoria": "Coordinador supervisor o especialista", "sector": "Productores y distribuidores de ...", "experiencia": "6 a\u00f1os de experiencia", "id_empleo": "1884603125", "competencias": "Python,Jupyter,ETL,Node.JS,Java"}