{"url_empleo": "https://www.elempleo.com/co/ofertas-trabajo/analista-de-nomina/1884608115", "fecha_recuperacion": "2021-03-01-22-02", "titulo_oferta": "Analista de nomina", "salario": "$1,5 a $2 millones", "ciudad": "Bogot\u00e1", "fecha_publicacion": "Publicado 1 Mar 2021", "area": "Administrativa y Financiera", "num_vacantes": "1 Vacante", "profesion": "Contadur\u00eda", "descripcion_general": "Descripci\u00f3n general                Importante empresa del sector financiero se encuentra en b\u00fasqueda de ANALISTA DE NOMINA, con m\u00ednimo 2 a\u00f1os de experiencia en manejo de outsourcing de n\u00f3mina de mas de 200 empleados, seguridad social, provisiones e interfaces contables, reporte de novedades, liquidaciones, recobro de incapacidades preferiblemente a trav\u00e9s de software Queryx. Profesional en Contadur\u00eda, Administraci\u00f3n de empresas y/o carreras afines. Conocimiento/Habilidades: Excel intermedio, Retefuente, legislaci\u00f3n laboral, ofim\u00e1tica. Salario: $1,850.000. Horario: Lunes a viernes 8:00 a 5:30 pm. Contrato: Termino indefinido.                    Importante empresa del sector financiero se encuentra en b\u00fasqueda de ANALISTA DE NOMINA, con m\u00ednimo 2 a\u00f1os de experiencia en manejo de outsourcing de n\u00f3mina de mas de 200 empleados, seguridad social, provisiones e interfaces contables, reporte de novedades, liquidaciones, recobro de incapacidades preferiblemente a trav\u00e9s de software Queryx. Profesional en Contadur\u00eda, Administraci\u00f3n de empresas y/o carreras afines. Conocimiento/Habilidades: Excel intermedio, Retefuente, legislaci\u00f3n laboral, ofim\u00e1tica. Salario: $1,850.000. Horario: Lunes a viernes 8:00 a 5:30 pm. Contrato: Termino indefinido.                            Auxiliar, asistencial y otros                            Universitaria            Contadur\u00edaAdministraci\u00f3n de empresas2 a\u00f1os de experiencia                1                Vacante            Competencias para la vacante                                            N\u00f3mina                                                                                    Queryx                                                                                    liquidaciones                                                                                    incapacidades", "tipo_contrato": "Contrato Indefinido", "nivel_educativo": "Universitaria", "categoria": "Auxiliar, asistencial y otros", "sector": "Fiduciaria", "experiencia": "2 a\u00f1os de experiencia", "id_empleo": "1884608115", "competencias": "N\u00f3mina,Queryx,liquidaciones,incapacidades"}