{"url_empleo": "https://www.elempleo.com/co/ofertas-trabajo/operador-turnos-rotativos/1884533368", "fecha_recuperacion": "2021-03-01-22-11", "titulo_oferta": "Operador - turnos rotativos", "salario": "$1 a $1,5 millones", "ciudad": "Cali", "fecha_publicacion": "Publicado 22 Feb 2021", "area": "Operaciones y Procesos", "num_vacantes": "1 Vacante", "profesion": "Tecn Sistemas  Computaci\u00f3n", "descripcion_general": "Descripci\u00f3n general                Se requiere personal para realizar de forma correcta los procesos de cargue de informaci\u00f3n y actualizaci\u00f3n de la plataforma, de acuerdo con el manual de operaciones establecido por la organizaci\u00f3n.Requisitos:M\u00ednimo 6 meses de experiencia como asistente de sistemas, asistente de procesamiento de datos o cargos relacionados.Experiencia en Turnos rotativos y nocturnosConocimientos intermedios en Excel                    Se requiere personal para realizar de forma correcta los procesos de cargue de informaci\u00f3n y actualizaci\u00f3n de la plataforma, de acuerdo con el manual de operaciones establecido por la organizaci\u00f3n.Requisitos:M\u00ednimo 6 meses de experiencia como asistente de sistemas, asistente de procesamiento de datos o cargos relacionados.Experiencia en Turnos rotativos y nocturnosConocimientos intermedios en Excel                            Auxiliar, asistencial y otros                            T\u00e9cnico Laboral            Tecn Sistemas  Computaci\u00f3n1 a\u00f1o de experiencia                1                Vacante            Competencias para la vacante                                            Operador                                                                                    T\u00e9cnico en Sistemas                                                                                    Turnos                                                                                    Administrativo                                                                                    digitador", "tipo_contrato": "Contrato Indefinido", "nivel_educativo": "T\u00e9cnico Laboral", "categoria": "Auxiliar, asistencial y otros", "sector": "Productores y distribuidores de ...", "experiencia": "1 a\u00f1o de experiencia", "id_empleo": "1884533368", "competencias": "Operador,T\u00e9cnico en Sistemas,Turnos,Administrativo,digitador"}