{"url_empleo": "https://www.elempleo.com/co/ofertas-trabajo/conductor-de-tractomula-cali/1884633444", "fecha_recuperacion": "2021-03-01-22-11", "titulo_oferta": "Conductor de tractomula - cali", "salario": "$2,5 a $3 millones", "ciudad": "Cali", "fecha_publicacion": "Publicado 22 Feb 2021", "area": "Distribuci\u00f3n o log\u00edstica de Tran...", "num_vacantes": "1 Vacante", "profesion": "Bachillerato Acad\u00e9mico", "descripcion_general": "Descripci\u00f3n general                Importante empresa del sector requiere para su equipo de trabaja conductor de tractomula, con m\u00ednimo 3 a\u00f1os en la conducci\u00f3n  de veh\u00edculos de carga, Mula, Tractomula, que cuente con licencia C3. Horarios: Lunes a Viernes 7:00 a.m. \u2013 12:00 m y de1:30 p.m. - 5:00 p.m, s\u00e1bados  8:00 a.m.  - 12:00 m.Salario: $877.803  + 5% Variable del valor del flete (Salario promedio entre $1.977.803 - $2.077.803)                    Importante empresa del sector requiere para su equipo de trabaja conductor de tractomula, con m\u00ednimo 3 a\u00f1os en la conducci\u00f3n  de veh\u00edculos de carga, Mula, Tractomula, que cuente con licencia C3. Horarios: Lunes a Viernes 7:00 a.m. \u2013 12:00 m y de1:30 p.m. - 5:00 p.m, s\u00e1bados  8:00 a.m.  - 12:00 m.Salario: $877.803  + 5% Variable del valor del flete (Salario promedio entre $1.977.803 - $2.077.803)                            Auxiliar, asistencial y otros                            Media (10\u00b0 - 13\u00b0)            Bachillerato Acad\u00e9mico3 a\u00f1os de experiencia                1                Vacante            Competencias para la vacante                                            conductor", "tipo_contrato": "", "nivel_educativo": "Media (10\u00b0 - 13\u00b0)", "categoria": "Auxiliar, asistencial y otros", "sector": "Otros", "experiencia": "3 a\u00f1os de experiencia", "id_empleo": "1884633444", "competencias": "conductor"}