{"url_empleo": "https://www.elempleo.com/co/ofertas-trabajo/consultor-trabajo-en-alturas-y-emergencias-medellin/1884630436", "fecha_recuperacion": "2021-03-01-22-05", "titulo_oferta": "Consultor trabajo en alturas y emergencias - medellin", "salario": "Salario a convenir", "ciudad": "Medell\u00edn", "fecha_publicacion": "Publicado 25 Feb 2021", "area": "Seguridad Industrial, Ambiental ...", "num_vacantes": "1 Vacante", "profesion": "Ingenier\u00eda industrial", "descripcion_general": "Descripci\u00f3n general                Somos una multinacional comprometida con construir pa\u00eds, por eso buscamos los mejores talentos que est\u00e9n dispuestos a asumir retos y hacer que las cosas pasen.  Empresa de consultor\u00eda  de ARL, requiere para realizar actividades de consultor\u00eda Profesional en Seguridad y salud en el trabajo, enfermer\u00eda, ingenier\u00edas o carreras administrativas o afines  con experiencia en formaci\u00f3n para el trabajo en alturas; Conocimientos en primeros auxilios avanzado, B\u00fasqueda y Rescate, rescate en alturas, metodolog\u00edas de an\u00e1lisis de vulnerabilidad. CONTRATO POR PRESTACI\u00d3N DE SERVICIOS Y SE FACTURA POR HORAS                    Somos una multinacional comprometida con construir pa\u00eds, por eso buscamos los mejores talentos que est\u00e9n dispuestos a asumir retos y hacer que las cosas pasen.  Empresa de consultor\u00eda  de ARL, requiere para realizar actividades de consultor\u00eda Profesional en Seguridad y salud en el trabajo, enfermer\u00eda, ingenier\u00edas o carreras administrativas o afines  con experiencia en formaci\u00f3n para el trabajo en alturas; Conocimientos en primeros auxilios avanzado, B\u00fasqueda y Rescate, rescate en alturas, metodolog\u00edas de an\u00e1lisis de vulnerabilidad. CONTRATO POR PRESTACI\u00d3N DE SERVICIOS Y SE FACTURA POR HORAS                            Profesional Senior                            Universitaria            Ingenier\u00eda industrialTecn Seguridad industrial2 a\u00f1os de experiencia                1                Vacante            Competencias para la vacante                                            Alturas", "tipo_contrato": "Contrato Prestacion de Servicios", "nivel_educativo": "Universitaria", "categoria": "Profesional Senior", "sector": "ARP", "experiencia": "2 a\u00f1os de experiencia", "id_empleo": "1884630436", "competencias": "Alturas"}