{"url_empleo": "https://www.elempleo.com/co/ofertas-trabajo/analista-de-marketing-digital-y-comunicaciones/1884648495", "fecha_recuperacion": "2021-03-01-22-12", "titulo_oferta": "Analista de marketing digital y comunicaciones", "salario": "$2 a $2,5 millones", "ciudad": "Bogot\u00e1", "fecha_publicacion": "Publicado 20 Feb 2021", "area": "Mercadeo", "num_vacantes": "1 Vacante", "profesion": "Mercadeo", "descripcion_general": "Descripci\u00f3n general                Importante empresa requiere para su equipo de trabajo Profesional o estudiante de \u00faltimos semestres en Comunicaci\u00f3n Social y Periodismo, Mercadeo, Publicidad, ingenier\u00eda de mercados o programas afines, para laborar como analista de marketing digital y comunicaciones. Dentro de sus funciones se encuentra Realizar las acciones oportunas que permitan mantener la buena reputaci\u00f3ny comunicaci\u00f3n de la Organizaci\u00f3n a trav\u00e9s de las diferentes plataformasdigitales, siguiendo los procedimientos establecidos por el proceso.Salario: 2.ooo.ooo mas bonificaci\u00f3n por cumplimiento de 500.000Horario: Lunes a SabadoContrato: Indefinido                    Importante empresa requiere para su equipo de trabajo Profesional o estudiante de \u00faltimos semestres en Comunicaci\u00f3n Social y Periodismo, Mercadeo, Publicidad, ingenier\u00eda de mercados o programas afines, para laborar como analista de marketing digital y comunicaciones. Dentro de sus funciones se encuentra Realizar las acciones oportunas que permitan mantener la buena reputaci\u00f3ny comunicaci\u00f3n de la Organizaci\u00f3n a trav\u00e9s de las diferentes plataformasdigitales, siguiendo los procedimientos establecidos por el proceso.Salario: 2.ooo.ooo mas bonificaci\u00f3n por cumplimiento de 500.000Horario: Lunes a SabadoContrato: Indefinido                            Profesional                            Tecnol\u00f3gica            Mercadeo2 a\u00f1os de experiencia                1                Vacante            Competencias para la vacante                                            marketing digital", "tipo_contrato": "", "nivel_educativo": "Tecnol\u00f3gica", "categoria": "Profesional", "sector": "Otros servicios", "experiencia": "2 a\u00f1os de experiencia", "id_empleo": "1884648495", "competencias": "marketing digital"}