{"url_empleo": "https://www.elempleo.com/co/ofertas-trabajo/auxiliar-de-enfermeria/1884667293", "fecha_recuperacion": "2021-03-01-22-14", "titulo_oferta": "Auxiliar de enfermer\u00eda", "salario": "Menos de $1 mill\u00f3n", "ciudad": "Bogot\u00e1", "fecha_publicacion": "Publicado 19 Feb 2021", "area": "Salud", "num_vacantes": "1 Vacante", "profesion": "Otros", "descripcion_general": "Descripci\u00f3n general                Se parte de esta gran familia !!Importante IPS, Requiere AUXILIAR DE ENFERMERIA  sin experiencia, para labora  con disponibilidad,  iniciar labores el d\u00eda lunes 4 de enero, contrato por PRESTACION DE SERVICIO, el turno 60.000 diarios  para labora 48 horas  semanales te brindamos capacitaciones de tomas de muestra COVID, transporte al punto que se requiera, elementos de biolog\u00eda e inducci\u00f3n.                    Se parte de esta gran familia !!Importante IPS, Requiere AUXILIAR DE ENFERMERIA  sin experiencia, para labora  con disponibilidad,  iniciar labores el d\u00eda lunes 4 de enero, contrato por PRESTACION DE SERVICIO, el turno 60.000 diarios  para labora 48 horas  semanales te brindamos capacitaciones de tomas de muestra COVID, transporte al punto que se requiera, elementos de biolog\u00eda e inducci\u00f3n.                            Auxiliar, asistencial y otros                            T\u00e9cnico Laboral            Otros                1                Vacante            Competencias para la vacante                                            auxiliar de enfermeria                                                                                    salud                                                                                    emfermeros                                                                                    sin ecperiencia", "tipo_contrato": "Contrato Prestacion de Servicios", "nivel_educativo": "T\u00e9cnico Laboral", "categoria": "Auxiliar, asistencial y otros", "sector": "Salud, trabajo y seguridad social", "experiencia": "", "id_empleo": "1884667293", "competencias": "auxiliar de enfermeria,salud,emfermeros,sin ecperiencia"}