{"url_empleo": "https://www.elempleo.com/co/ofertas-trabajo/new-business-pr-account-executive/1884633531", "fecha_recuperacion": "2021-03-01-22-14", "titulo_oferta": "New business & pr account executive", "salario": "$4,5 a $5,5 millones", "ciudad": "Bogot\u00e1", "fecha_publicacion": "Publicado 19 Feb 2021", "area": "Dise\u00f1o y publicidad", "num_vacantes": "1 Vacante", "profesion": "Publicidad y mercadeo", "descripcion_general": "Descripci\u00f3n general                En Cheil Colombia estamos en b\u00fasqueda de un ejecutivo de New business & PR, con experiencia m\u00ednima de 6  a\u00f1os, enfocados en agencias de publicidad gestionado la apertura de nuevos negocios y clientes. Su formaci\u00f3n acad\u00e9mica debe ser profesional (Preferiblemente en publicidad, administraci\u00f3n o \u00e1reas afines). y contar con nivel de ingl\u00e9s de  70%. Si quieres ser  parte de una agencia que transforma con ideas y adem\u00e1s cuenta con grandes beneficios como horario flexibles, clases de ingl\u00e9s, aplica a esta oferta.                    En Cheil Colombia estamos en b\u00fasqueda de un ejecutivo de New business & PR, con experiencia m\u00ednima de 6  a\u00f1os, enfocados en agencias de publicidad gestionado la apertura de nuevos negocios y clientes. Su formaci\u00f3n acad\u00e9mica debe ser profesional (Preferiblemente en publicidad, administraci\u00f3n o \u00e1reas afines). y contar con nivel de ingl\u00e9s de  70%. Si quieres ser  parte de una agencia que transforma con ideas y adem\u00e1s cuenta con grandes beneficios como horario flexibles, clases de ingl\u00e9s, aplica a esta oferta.                            Coordinador supervisor o especialista                            Universitaria            Publicidad y mercadeoAdministraci\u00f3n de empresas7 a\u00f1os de experiencia                1                Vacante            Competencias para la vacante                                            New business                                                                                    PR                                                                                    agencia publicitaria", "tipo_contrato": "Contrato Definido", "nivel_educativo": "Universitaria", "categoria": "Coordinador supervisor o especialista", "sector": "Agencias de publicidad", "experiencia": "7 a\u00f1os de experiencia", "id_empleo": "1884633531", "competencias": "New business,PR,agencia publicitaria"}