{"url_empleo": "https://www.elempleo.com/co/ofertas-trabajo/aprendiz-administrativa/1884558821", "fecha_recuperacion": "2021-03-01-22-09", "titulo_oferta": "Aprendiz administrativa", "salario": "Menos de $1 mill\u00f3n", "ciudad": "Bogot\u00e1", "fecha_publicacion": "Publicado 23 Feb 2021", "area": "Administrativa y Financiera", "num_vacantes": "1 Vacante", "profesion": "Otros", "descripcion_general": "Descripci\u00f3n general                Importante empresa del sector salud requiere estudiante que est\u00e9 listo para iniciar su etapa productiva inmediatamente, esta persona apoyara el \u00e1rea administrativa. Importante que no haya tenido anteriormente contrato de aprendizaje, debido a que la contrataci\u00f3n es por este tipo de contrato.                    Importante empresa del sector salud requiere estudiante que est\u00e9 listo para iniciar su etapa productiva inmediatamente, esta persona apoyara el \u00e1rea administrativa. Importante que no haya tenido anteriormente contrato de aprendizaje, debido a que la contrataci\u00f3n es por este tipo de contrato.                            Auxiliar, asistencial y otros                            T\u00e9cnico Laboral            Otros                1                Vacante            Competencias para la vacante                                            aprendiz                                                                                    aprendices", "tipo_contrato": "Contrato Contrato de aprendizaje", "nivel_educativo": "T\u00e9cnico Laboral", "categoria": "Auxiliar, asistencial y otros", "sector": "Otros", "experiencia": "", "id_empleo": "1884558821", "competencias": "aprendiz,aprendices"}