{"url_empleo": "https://www.elempleo.com/co/ofertas-trabajo/profesional-de-tutelas-derecho/1884655308", "fecha_recuperacion": "2021-03-01-22-14", "titulo_oferta": "Profesional de tutelas - derecho", "salario": "$2,5 a $3 millones", "ciudad": "Bogot\u00e1", "fecha_publicacion": "Publicado 19 Feb 2021", "area": "Administrativa y Financiera", "num_vacantes": "1 Vacante", "profesion": "Derecho Abogado", "descripcion_general": "Descripci\u00f3n general                Empresa financiera busca ABOGADO TITULADO con experiencia como profesional de tutelas para:  - Atender y dar respuesta a tutelas, derechos de petici\u00f3n requerimientos FOMAG, disciplinarios, juzgados y otras que se requieran. - Atender fallos, incidentes de desacato y sanciones derivadas de las acciones de tutela.Hacer requerimientos a fin de obtener la documentaci\u00f3n necesaria para el cumplimiento de los fallos.- Vigilancia y seguimiento de las acciones constitucionales que se le indiquen.- Efectuar la defensa de los intereses de la Fiduciaria la Previsora S.A., dentro de los procesos a temas relacionados con el Fondo Nacional de Prestaciones Sociales del Magisterio.- Brindar apoyo jur\u00eddico en los temas que se le indiquen. Salario $ 3.233.188 contrato obra labor.                    Empresa financiera busca ABOGADO TITULADO con experiencia como profesional de tutelas para:  - Atender y dar respuesta a tutelas, derechos de petici\u00f3n requerimientos FOMAG, disciplinarios, juzgados y otras que se requieran. - Atender fallos, incidentes de desacato y sanciones derivadas de las acciones de tutela.Hacer requerimientos a fin de obtener la documentaci\u00f3n necesaria para el cumplimiento de los fallos.- Vigilancia y seguimiento de las acciones constitucionales que se le indiquen.- Efectuar la defensa de los intereses de la Fiduciaria la Previsora S.A., dentro de los procesos a temas relacionados con el Fondo Nacional de Prestaciones Sociales del Magisterio.- Brindar apoyo jur\u00eddico en los temas que se le indiquen. Salario $ 3.233.188 contrato obra labor.                            Profesional                            Universitaria            Derecho Abogado3 a\u00f1os de experiencia                1                Vacante            Competencias para la vacante                                            Abogado                                                                                    tutelas                                                                                    derecho", "tipo_contrato": "Contrato Por obra o labor", "nivel_educativo": "Universitaria", "categoria": "Profesional", "sector": "Justicia y derecho", "experiencia": "3 a\u00f1os de experiencia", "id_empleo": "1884655308", "competencias": "Abogado,tutelas,derecho"}