{"url_empleo": "https://www.elempleo.com/co/ofertas-trabajo/odontologo-general-bogota/1884664295", "fecha_recuperacion": "2021-03-01-22-14", "titulo_oferta": "Odontologo general bogota", "salario": "Salario a convenir", "ciudad": "Bogot\u00e1", "fecha_publicacion": "Publicado 19 Feb 2021", "area": "Salud", "num_vacantes": "1 Vacante", "profesion": "Odontolog\u00eda", "descripcion_general": "Descripci\u00f3n general                Cl\u00ednicas odontol\u00f3gicas , requiere Odont\u00f3logo General para su cl\u00ednica en la ciudad de BOGOTA Buscamos profesional en Odontolog\u00eda con m\u00ednimo tres a\u00f1os de experiencia, indispensable tarjeta profesional, Resoluci\u00f3n, Inscripci\u00f3n al Rethus como general, P\u00f3liza de responsabilidad civil vigente, capacidad para atender alto volumen de pacientes. Disponibilidad para trabajar turnos rotativos y fines de semana. RESPONSABILIDAD: Atender a los pacientes que asisten a primeras valoraciones, diagnosticando de manera integral y garantizando un servicio asistencial bajo excelentes condiciones de praxis. Experiencia m\u00ednima de 5 a\u00f1os en el manejo de   procedimientos operativos tales como, cirug\u00edas simples como raspado y alisado radiculares supra gingivales, Profilaxis, Pr\u00f3tesis fijas, n\u00facleos, Pr\u00f3tesis totales y removibles acr\u00edlicas y met\u00e1licas, carillas en resinas.                    Cl\u00ednicas odontol\u00f3gicas , requiere Odont\u00f3logo General para su cl\u00ednica en la ciudad de BOGOTA Buscamos profesional en Odontolog\u00eda con m\u00ednimo tres a\u00f1os de experiencia, indispensable tarjeta profesional, Resoluci\u00f3n, Inscripci\u00f3n al Rethus como general, P\u00f3liza de responsabilidad civil vigente, capacidad para atender alto volumen de pacientes. Disponibilidad para trabajar turnos rotativos y fines de semana. RESPONSABILIDAD: Atender a los pacientes que asisten a primeras valoraciones, diagnosticando de manera integral y garantizando un servicio asistencial bajo excelentes condiciones de praxis. Experiencia m\u00ednima de 5 a\u00f1os en el manejo de   procedimientos operativos tales como, cirug\u00edas simples como raspado y alisado radiculares supra gingivales, Profilaxis, Pr\u00f3tesis fijas, n\u00facleos, Pr\u00f3tesis totales y removibles acr\u00edlicas y met\u00e1licas, carillas en resinas.                            Profesional                            Universitaria            Odontolog\u00eda3 a\u00f1os de experiencia                1                Vacante            Competencias para la vacante                                            Rehabilitacion                                                                                    Nucleos Colados                                                                                    Valoraciones", "tipo_contrato": "Contrato Indefinido", "nivel_educativo": "Universitaria", "categoria": "Profesional", "sector": "Salud, trabajo y seguridad social", "experiencia": "3 a\u00f1os de experiencia", "id_empleo": "1884664295", "competencias": "Rehabilitacion,Nucleos Colados,Valoraciones"}