{"url_empleo": "https://www.elempleo.com/co/ofertas-trabajo/analista-de-nomina/1884622782", "fecha_recuperacion": "2021-03-01-22-01", "titulo_oferta": "Analista de n\u00f3mina", "salario": "$2 a $2,5 millones", "ciudad": "Bogot\u00e1", "fecha_publicacion": "Publicado 1 Mar 2021", "area": "Salud", "num_vacantes": "1 Vacante", "profesion": "Contadur\u00eda", "descripcion_general": "Descripci\u00f3n general                Empresa del sector salud requiere Analista de N\u00f3mina quien tendr\u00e1 la responsabilidad de analizar, registrar y ejecutar el proceso de n\u00f3mina (liquidaci\u00f3n de n\u00f3mina, pago de seguridad social y prestaciones sociales), pagos a terceros y conciliaci\u00f3n mensual. Indispensable experiencia m\u00ednimo de un (1) a\u00f1o en el sector salud, manejo de Kactus y disponibilidad para trabajar en el norte de Bogot\u00e1. Contrato a t\u00e9rmino fijo  con todas las prestaciones de ley.                    Empresa del sector salud requiere Analista de N\u00f3mina quien tendr\u00e1 la responsabilidad de analizar, registrar y ejecutar el proceso de n\u00f3mina (liquidaci\u00f3n de n\u00f3mina, pago de seguridad social y prestaciones sociales), pagos a terceros y conciliaci\u00f3n mensual. Indispensable experiencia m\u00ednimo de un (1) a\u00f1o en el sector salud, manejo de Kactus y disponibilidad para trabajar en el norte de Bogot\u00e1. Contrato a t\u00e9rmino fijo  con todas las prestaciones de ley.                            Profesional                            Universitaria            Contadur\u00edaPsicolog\u00edaAdministraci\u00f3n de empresasAdministraci\u00f3n financiera1 a\u00f1o de experiencia                1                Vacante            Competencias para la vacante                                            N\u00f3mina                                                                                    Instituto prestador de salud", "tipo_contrato": "Contrato Definido", "nivel_educativo": "Universitaria", "categoria": "Profesional", "sector": "Salud, trabajo y seguridad social", "experiencia": "1 a\u00f1o de experiencia", "id_empleo": "1884622782", "competencias": "N\u00f3mina,Instituto prestador de salud"}