{"url_empleo": "https://www.elempleo.com/co/ofertas-trabajo/desarrollador-wso/1884618919", "fecha_recuperacion": "2021-03-01-22-05", "titulo_oferta": "Desarrollador wso2", "salario": "$3 a $3,5 millones", "ciudad": "Bogot\u00e1", "fecha_publicacion": "Publicado 25 Feb 2021", "area": "Calidad (aseguramiento, gesti\u00f3n ...", "num_vacantes": "1 Vacante", "profesion": "Ingenier\u00eda de sistemas  Computaci\u00f3n", "descripcion_general": "Descripci\u00f3n general                Se requiere profesinal en Ingenier\u00eda El\u00e9ctrica, Ingenier\u00eda Electr\u00f3nica, Ingenier\u00eda de Telecomunicaciones, Ingenier\u00eda Telem\u00e1tica, Ingenier\u00eda de Sistemas. 2 a\u00f1oS de experiencia en el rol de Analista o Desarrollador de software, preferiblemente conocimientos en desarrollo de aplicaciones Web o integraci\u00f3n de aplicaciones. Conocimientos en SO Linux,Conocimientos en SO Linux. Deseable 'conocimientos en desarrollo de aplicaciones Web o integraci\u00f3n de aplicaciones. , Deseable desarrollo de Servicios Web o APIs. Conocimientos en HTTP, SOAP, XML, XSD y XSLT.software de c\u00f3digo abierto con conocimientos en WSO2 API Manager                    Se requiere profesinal en Ingenier\u00eda El\u00e9ctrica, Ingenier\u00eda Electr\u00f3nica, Ingenier\u00eda de Telecomunicaciones, Ingenier\u00eda Telem\u00e1tica, Ingenier\u00eda de Sistemas. 2 a\u00f1oS de experiencia en el rol de Analista o Desarrollador de software, preferiblemente conocimientos en desarrollo de aplicaciones Web o integraci\u00f3n de aplicaciones. Conocimientos en SO Linux,Conocimientos en SO Linux. Deseable 'conocimientos en desarrollo de aplicaciones Web o integraci\u00f3n de aplicaciones. , Deseable desarrollo de Servicios Web o APIs. Conocimientos en HTTP, SOAP, XML, XSD y XSLT.software de c\u00f3digo abierto con conocimientos en WSO2 API Manager                            Profesional Senior                            Universitaria            Ingenier\u00eda de sistemas  Computaci\u00f3nIngenier\u00eda electr\u00f3nicaIngenier\u00eda de telecomunicaciones3 a\u00f1os de experiencia                1                Vacante            Competencias para la vacante                                            WSO2 AP", "tipo_contrato": "Contrato Indefinido", "nivel_educativo": "Universitaria", "categoria": "Profesional Senior", "sector": "Ciencia y tecnolog\u00eda", "experiencia": "3 a\u00f1os de experiencia", "id_empleo": "1884618919", "competencias": "WSO2 AP"}