{"url_empleo": "https://www.elempleo.com/co/ofertas-trabajo/ingeniero-de-perforacion-horizontal-dirigida-sector-hidrocarburos-barrancabermeja-santander/1884663132", "fecha_recuperacion": "2021-03-01-22-09", "titulo_oferta": "Ingeniero de perforacion horizontal dirigida sector hidrocarburos barrancabermeja santander", "salario": "$8 a $10 millones", "ciudad": "Barrancabermeja", "fecha_publicacion": "Publicado 23 Feb 2021", "area": "Construcci\u00f3n y Obra", "num_vacantes": "1 Vacante", "profesion": "Ingenier\u00eda de petr\u00f3leos", "descripcion_general": "Descripci\u00f3n general                BARRANCABERMEJA SANTANDER - SI NO CUMPLE CON EL PERFIL ESPEC\u00cdFICO POR FAVOR NO APLICAR A LA OFERTA - SU HOJA DE VIDA NO SE TENDR\u00c1 EN CUENTA - \"Profesional  en Ingenier\u00eda civil, metal\u00fargica, mec\u00e1nica, qu\u00edmica, petroqu\u00edmica y/o el\u00e9ctrica con Siete (7) a\u00f1os de experiencia en el sector OIL & GAS de los cuales Seis (6) a\u00f1os de experiencia especifica despu\u00e9s de expedida la tarjeta profesional en el Cargo de Ingeniero de Perforaci\u00f3n en empresas del sector OIL & GAS en proyectos de fluidos de perforaci\u00f3n para l\u00edneas mayor o igual a 8\u201d                    BARRANCABERMEJA SANTANDER - SI NO CUMPLE CON EL PERFIL ESPEC\u00cdFICO POR FAVOR NO APLICAR A LA OFERTA - SU HOJA DE VIDA NO SE TENDR\u00c1 EN CUENTA - \"Profesional  en Ingenier\u00eda civil, metal\u00fargica, mec\u00e1nica, qu\u00edmica, petroqu\u00edmica y/o el\u00e9ctrica con Siete (7) a\u00f1os de experiencia en el sector OIL & GAS de los cuales Seis (6) a\u00f1os de experiencia especifica despu\u00e9s de expedida la tarjeta profesional en el Cargo de Ingeniero de Perforaci\u00f3n en empresas del sector OIL & GAS en proyectos de fluidos de perforaci\u00f3n para l\u00edneas mayor o igual a 8\u201d                            Profesional Senior                            Especializaci\u00f3n            Ingenier\u00eda de petr\u00f3leosIngenier\u00eda civilIngenier\u00eda el\u00e9ctricaIngenier\u00eda mec\u00e1nicaIngenier\u00eda electromec\u00e1nica15 a\u00f1os de experiencia                1                Vacante            Competencias para la vacante                                            ingeniero de perforacion                                                                                    perforaci\u00f3n horizontal dirigida", "tipo_contrato": "Contrato Por obra o labor", "nivel_educativo": "Especializaci\u00f3n", "categoria": "Profesional Senior", "sector": "Compa\u00f1ias petroleras", "experiencia": "15 a\u00f1os de experiencia", "id_empleo": "1884663132", "competencias": "ingeniero de perforacion,perforaci\u00f3n horizontal dirigida"}