{"url_empleo": "https://www.elempleo.com/co/ofertas-trabajo/auxiliar-de-cocina-fin-de-semana-girardot/1884280020", "fecha_recuperacion": "2021-03-01-22-15", "titulo_oferta": "Auxiliar de cocina - fin de semana - girardot", "salario": "Menos de $1 mill\u00f3n", "ciudad": "Bogot\u00e1", "fecha_publicacion": "Publicado 18 Feb 2021", "area": "Servicios Generales, Aseo y Vigi...", "num_vacantes": "1 Vacante", "profesion": "Bachillerato Acad\u00e9mico", "descripcion_general": "Descripci\u00f3n general                Reconocido Club ubicado en Ricaurte (Girardot), requiere AUXILIAR DE COCINA FIN DE SEMANA personal bachiller o t\u00e9cnico en carreras afines a cocina, con experiencia en cargos similares. Con conocimientos en preparaci\u00f3n de alimento sencillos.SALARIO: Ordinario $29.708 + Dominicales y Festivos $ 51.988 +  prestaciones de leyHORARIOS: S\u00e1bados, domingos y festivos en jornada de evento                    Reconocido Club ubicado en Ricaurte (Girardot), requiere AUXILIAR DE COCINA FIN DE SEMANA personal bachiller o t\u00e9cnico en carreras afines a cocina, con experiencia en cargos similares. Con conocimientos en preparaci\u00f3n de alimento sencillos.SALARIO: Ordinario $29.708 + Dominicales y Festivos $ 51.988 +  prestaciones de leyHORARIOS: S\u00e1bados, domingos y festivos en jornada de evento                            Auxiliar, asistencial y otros                            Media (10\u00b0 - 13\u00b0)            Bachillerato Acad\u00e9micoMenos de un a\u00f1o de experiencia                1                Vacante            Competencias para la vacante                                            auxiliar de cocina", "tipo_contrato": "", "nivel_educativo": "Media (10\u00b0 - 13\u00b0)", "categoria": "Auxiliar, asistencial y otros", "sector": "Clubes", "experiencia": "Menos de un a\u00f1o de experiencia", "id_empleo": "1884280020", "competencias": "auxiliar de cocina"}