{"url_empleo": "https://www.elempleo.com/co/ofertas-trabajo/director-de-mercadeo/1884660621", "fecha_recuperacion": "2021-03-01-22-15", "titulo_oferta": "Director de mercadeo", "salario": "$6 a $8 millones", "ciudad": "Bogot\u00e1", "fecha_publicacion": "Publicado 18 Feb 2021", "area": "Mercadeo", "num_vacantes": "1 Vacante", "profesion": "Mercadeo", "descripcion_general": "Descripci\u00f3n general                Prestigiosa compa\u00f1\u00eda de alimentos con producto exclusivo a nivel mundial, con mas de 70 puntos a nivel nacional y con proyectos de ampliaci\u00f3n de portafolio y cobertura, Busca profesional en MERCADEO y/o \u00e1reas afines con experiencia de m\u00ednimo 3 a\u00f1os en el sector retail de alimentos o similares, deber\u00e1 GENERAR, DESARROLLAR Y EJECUTAR el plan de mercadeo (360) 2021 en adelante para los segmentos tanto B2C como B2B, con el fin de mejorar los indicadores de la empresa y su posicionamiento. transformaci\u00f3n digital, manejo de personal, ventas, administraci\u00f3n de marcas dise\u00f1o de productos, fidelizaci\u00f3n, manejo de indicadores, presupuestos, KPIS.  Estratega, amplios conocimientos en el mercado, estructurad@, deber\u00e1 formar el departamento desde cero.                    Prestigiosa compa\u00f1\u00eda de alimentos con producto exclusivo a nivel mundial, con mas de 70 puntos a nivel nacional y con proyectos de ampliaci\u00f3n de portafolio y cobertura, Busca profesional en MERCADEO y/o \u00e1reas afines con experiencia de m\u00ednimo 3 a\u00f1os en el sector retail de alimentos o similares, deber\u00e1 GENERAR, DESARROLLAR Y EJECUTAR el plan de mercadeo (360) 2021 en adelante para los segmentos tanto B2C como B2B, con el fin de mejorar los indicadores de la empresa y su posicionamiento. transformaci\u00f3n digital, manejo de personal, ventas, administraci\u00f3n de marcas dise\u00f1o de productos, fidelizaci\u00f3n, manejo de indicadores, presupuestos, KPIS.  Estratega, amplios conocimientos en el mercado, estructurad@, deber\u00e1 formar el departamento desde cero.                            Profesional Senior                            Universitaria            Mercadeo3 a\u00f1os de experiencia                1                Vacante            Competencias para la vacante                                            B2C                                                                                    B2B                                                                                    retail                                                                                    consumo masivo", "tipo_contrato": "Contrato Indefinido", "nivel_educativo": "Universitaria", "categoria": "Profesional Senior", "sector": "Distribuci\u00f3n / Consumo masivo de...", "experiencia": "3 a\u00f1os de experiencia", "id_empleo": "1884660621", "competencias": "B2C,B2B,retail,consumo masivo"}