{"url_empleo": "https://www.elempleo.com/co/ofertas-trabajo/bilingual-interpreter/1884535779", "fecha_recuperacion": "2021-03-01-22-08", "titulo_oferta": "Bilingual interpreter", "salario": "$1,5 a $2 millones", "ciudad": "Bogot\u00e1", "fecha_publicacion": "Publicado 24 Feb 2021", "area": "Salud", "num_vacantes": "1 Vacante", "profesion": "Administraci\u00f3n de empresas", "descripcion_general": "Descripci\u00f3n general                OverviewThe interpreter must be able to comprehend and analyze the reason why the customer is calling and must provide a specific resolution to each customer to assure and meet their expectations. In addition to fluency with American English the expert should have outstanding soft skills such as politeness and empathy. ResponsibilitiesHandle and carefully respond to all inbound and outbound customer inquiriesProvide excellent customer service through active listeningTreat sensitively all confidential customer informationUpdate precisely records in required systemsDeliver clear instructions Qualifications1. Technical Skills High school graduate (Must present diploma or certificate)College degree preferred and/or University student in Systems, Electrical Engineer, Computer Science, Business Administration, Banking, Commerce or other relatedEnglish level: C1 or aboveCompetencies and Specific Skills 2. Communication skillsMulti-tasking skillsPersuation and upsellingProblem ResolutionInitiative                    OverviewThe interpreter must be able to comprehend and analyze the reason why the customer is calling and must provide a specific resolution to each customer to assure and meet their expectations. In addition to fluency with American English the expert should have outstanding soft skills such as politeness and empathy. ResponsibilitiesHandle and carefully respond to all inbound and outbound customer inquiriesProvide excellent customer service through active listeningTreat sensitively all confidential customer informationUpdate precisely records in required systemsDeliver clear instructions Qualifications1. Technical Skills High school graduate (Must present diploma or certificate)College degree preferred and/or University student in Systems, Electrical Engineer, Computer Science, Business Administration, Banking, Commerce or other relatedEnglish level: C1 or aboveCompetencies and Specific Skills 2. Communication skillsMulti-tasking skillsPersuation and upsellingProblem ResolutionInitiative                            Profesional                            Media (10\u00b0 - 13\u00b0)            Administraci\u00f3n de empresasIdiomas Lenguas modernasNegocios InternacionalesLicenciatura en Ingl\u00e9s                 1                Vacante            Competencias para la vacante                                            Idiomas                                                                                    Ingles                                                                                    English                                                                                    Traductor                                                                                    Interprete                                                                                    lenguas modernas                                                                                    profesor                                                                                    profesora                                                                                    profesores", "tipo_contrato": "Contrato Indefinido", "nivel_educativo": "Media (10\u00b0 - 13\u00b0)", "categoria": "Profesional", "sector": "Servicios de telecomunicaciones", "experiencia": "", "id_empleo": "1884535779", "competencias": "Idiomas,Ingles,English,Traductor,Interprete,lenguas modernas,profesor,profesora,profesores"}