{"url_empleo": "https://www.elempleo.com/co/ofertas-trabajo/director-de-negocios-fiduciarios/1884672196", "fecha_recuperacion": "2021-03-01-22-11", "titulo_oferta": "Director de negocios fiduciarios", "salario": "$10 a $12,5 millones", "ciudad": "Bogot\u00e1", "fecha_publicacion": "Publicado 22 Feb 2021", "area": "Administrativa y Financiera", "num_vacantes": "1 Vacante", "profesion": "Econom\u00eda", "descripcion_general": "Descripci\u00f3n general                \u00bfQuieres hacer parte de un gran equipo? \u00bfEres anal\u00edtico, positivo, din\u00e1mico y apasionado por tu labor? \u00a1Eres de los nuestros!  nos encontramos en la b\u00fasqueda de talentos populares para ocupar el cargo de DIRECTOR DE NEGOCIOS FIDUCIARIOS.  Que necesitas para postularte: Ser Profesional en Administraci\u00f3n de Empresas, Econom\u00eda, Finanzas o carreras afines, deseable postgrado,  experiencia m\u00ednima de 3 a\u00f1os en el cargo, manejo de equipos de trabajo, conocimiento de todos los aspectos relacionados a la Administraci\u00f3n de Negocios, visi\u00f3n estrat\u00e9gica del negocio, habilidad comercial. Contrato indefinido directo por la Fiduciaria.  Lunes a Viernes. 8:00 a 5:30 pm Salario m\u00ednimo integral.                    \u00bfQuieres hacer parte de un gran equipo? \u00bfEres anal\u00edtico, positivo, din\u00e1mico y apasionado por tu labor? \u00a1Eres de los nuestros!  nos encontramos en la b\u00fasqueda de talentos populares para ocupar el cargo de DIRECTOR DE NEGOCIOS FIDUCIARIOS.  Que necesitas para postularte: Ser Profesional en Administraci\u00f3n de Empresas, Econom\u00eda, Finanzas o carreras afines, deseable postgrado,  experiencia m\u00ednima de 3 a\u00f1os en el cargo, manejo de equipos de trabajo, conocimiento de todos los aspectos relacionados a la Administraci\u00f3n de Negocios, visi\u00f3n estrat\u00e9gica del negocio, habilidad comercial. Contrato indefinido directo por la Fiduciaria.  Lunes a Viernes. 8:00 a 5:30 pm Salario m\u00ednimo integral.                            Coordinador supervisor o especialista                            Universitaria            Econom\u00edaAdministraci\u00f3n de empresasAdministraci\u00f3n de negociosEspecializaci\u00f3n en Finanzas3 a\u00f1os de experiencia                1                Vacante            Competencias para la vacante                                            FIDUCIARIAS                                                                                    NEGOCIOS FIDUCIARIOS                                                                                    DIRECTOR                                                                                    ADMINISTRACION DE NEGOCIOS", "tipo_contrato": "Contrato Indefinido", "nivel_educativo": "Universitaria", "categoria": "Coordinador supervisor o especialista", "sector": "Fiduciaria", "experiencia": "3 a\u00f1os de experiencia", "id_empleo": "1884672196", "competencias": "FIDUCIARIAS,NEGOCIOS FIDUCIARIOS,DIRECTOR,ADMINISTRACION DE NEGOCIOS"}