{"url_empleo": "https://www.elempleo.com/co/ofertas-trabajo/supervisor-de-produccion-sector-de-tecnologia/1884602307", "fecha_recuperacion": "2021-03-01-22-09", "titulo_oferta": "Supervisor de producci\u00f3n sector de tecnolog\u00eda", "salario": "$1,5 a $2 millones", "ciudad": "Bogot\u00e1", "fecha_publicacion": "Publicado 23 Feb 2021", "area": "Sistemas y Tecnolog\u00eda", "num_vacantes": "1 Vacante", "profesion": "Administraci\u00f3n industrial", "descripcion_general": "Descripci\u00f3n general                Importante compa\u00f1\u00eda del sector de tecnolog\u00eda, se encuentra en la b\u00fasqueda de Profesional graduado en Ingenier\u00edas o afines para desempe\u00f1ar el cargo de supervisor de producci\u00f3n, su objetivo ser\u00e1 el de Supervisar el \u00e1rea con el fin de garantizar la calidad en el proceso de producci\u00f3n y alcance de los indicadores dentro del plan establecido. Debe contar con experiencia m\u00ednima de 2 a\u00f1os en el cargo, conocimientos en Administraci\u00f3n de objetivos en SySO, Medio Ambiente y Calidad, metodolog\u00edas de mejoramiento continuo y Flujos de proceso de Producci\u00f3n. Manejo de ingl\u00e9s b\u00e1sico intermedio.                    Importante compa\u00f1\u00eda del sector de tecnolog\u00eda, se encuentra en la b\u00fasqueda de Profesional graduado en Ingenier\u00edas o afines para desempe\u00f1ar el cargo de supervisor de producci\u00f3n, su objetivo ser\u00e1 el de Supervisar el \u00e1rea con el fin de garantizar la calidad en el proceso de producci\u00f3n y alcance de los indicadores dentro del plan establecido. Debe contar con experiencia m\u00ednima de 2 a\u00f1os en el cargo, conocimientos en Administraci\u00f3n de objetivos en SySO, Medio Ambiente y Calidad, metodolog\u00edas de mejoramiento continuo y Flujos de proceso de Producci\u00f3n. Manejo de ingl\u00e9s b\u00e1sico intermedio.                            Profesional                            Universitaria            Administraci\u00f3n industrialIngenier\u00eda de producci\u00f3n2 a\u00f1os de experiencia                1                Vacante            Competencias para la vacante                                            base de datos", "tipo_contrato": "Contrato Por obra o labor", "nivel_educativo": "Universitaria", "categoria": "Profesional", "sector": "Ciencia y tecnolog\u00eda", "experiencia": "2 a\u00f1os de experiencia", "id_empleo": "1884602307", "competencias": "base de datos"}