{"url_empleo": "https://www.elempleo.com/co/ofertas-trabajo/tecnico-de-mantenimiento/1884396718", "fecha_recuperacion": "2021-03-01-22-16", "titulo_oferta": "Tecnico de mantenimiento", "salario": "$1 a $1,5 millones", "ciudad": "Palmira", "fecha_publicacion": "Publicado 17 Feb 2021", "area": "Instalaci\u00f3n y Reparaciones T\u00e9cnicas", "num_vacantes": "1 Vacante", "profesion": "Tecn Mec\u00e1nico", "descripcion_general": "Descripci\u00f3n general                COMPA\u00d1\u00cdA DE INGENIER\u00cdA DEDICADA AL DISE\u00d1O Y COMERCIALIZACI\u00d3N DE SISTEMAS DE ENCOFRADOS Y ANDAMIOS PARA EL SECTOR DE LA CONSTRUCCI\u00d3N, REQUIERE TECNICO DE MANTENIMIENTO CON EXPERIENCIA EN PROGRAMACION DE MANTENIMIENTOS DE MONTACARGAS, EQUIPOS DE SOLDADURA. FAVOR APLICAR A LA VACANTE SI RESIDE EN LAS CIUDADES DE PALMIRA, CALI O YUMBO. DEBE TENER DISPONIBILIDAD PARA TRABAJAR TURNOS DE 6 A 2 Y DE 2 A 10                    COMPA\u00d1\u00cdA DE INGENIER\u00cdA DEDICADA AL DISE\u00d1O Y COMERCIALIZACI\u00d3N DE SISTEMAS DE ENCOFRADOS Y ANDAMIOS PARA EL SECTOR DE LA CONSTRUCCI\u00d3N, REQUIERE TECNICO DE MANTENIMIENTO CON EXPERIENCIA EN PROGRAMACION DE MANTENIMIENTOS DE MONTACARGAS, EQUIPOS DE SOLDADURA. FAVOR APLICAR A LA VACANTE SI RESIDE EN LAS CIUDADES DE PALMIRA, CALI O YUMBO. DEBE TENER DISPONIBILIDAD PARA TRABAJAR TURNOS DE 6 A 2 Y DE 2 A 10                            Auxiliar, asistencial y otros                            Formaci\u00f3n Tec profesional            Tecn Mec\u00e1nicoTecn Metalmec\u00e1nicoTecn Electr\u00f3nicoT\u00e9cnico en desarrollo y mantenimiento de software2 a\u00f1os de experiencia                1                Vacante            Competencias para la vacante                                            TECNICO DE MANTENIMIENTO", "tipo_contrato": "Contrato Indefinido", "nivel_educativo": "Formaci\u00f3n Tec profesional", "categoria": "Auxiliar, asistencial y otros", "sector": "Construcci\u00f3n", "experiencia": "2 a\u00f1os de experiencia", "id_empleo": "1884396718", "competencias": "TECNICO DE MANTENIMIENTO"}