{"url_empleo": "https://www.elempleo.com/co/ofertas-trabajo/analista-de-cartera/1884654201", "fecha_recuperacion": "2021-03-01-22-10", "titulo_oferta": "Analista de cartera", "salario": "$1,5 a $2 millones", "ciudad": "Bogot\u00e1", "fecha_publicacion": "Publicado 22 Feb 2021", "area": "Contabilidad: cartera y costos", "num_vacantes": "1 Vacante", "profesion": "Administraci\u00f3n de empresas", "descripcion_general": "Descripci\u00f3n general                Importante empresa del sector construcci\u00f3n solicita profesional en administraci\u00f3n de empresas, financiero o carreras aines para el cargo de Analista de Cartera con experiencia m\u00ednimo de 1 a\u00f1o preferiblemente en el sector, realizando conciliaciones de cartera con la fiducia correspondiente, proyectando ingresos para verificar flujo de caja, realizando atenci\u00f3n telef\u00f3nica para solucionar inquietudes con el cliente y env\u00edo de informaci\u00f3n adecuada, realizando informes de cr\u00e9ditos desembolsados y por desembolsar, generando seguimiento del estado de cuenta con lo clientes, entre otros con conocimiento en ERP de construcci\u00f3n, y excel avanzado.                    Importante empresa del sector construcci\u00f3n solicita profesional en administraci\u00f3n de empresas, financiero o carreras aines para el cargo de Analista de Cartera con experiencia m\u00ednimo de 1 a\u00f1o preferiblemente en el sector, realizando conciliaciones de cartera con la fiducia correspondiente, proyectando ingresos para verificar flujo de caja, realizando atenci\u00f3n telef\u00f3nica para solucionar inquietudes con el cliente y env\u00edo de informaci\u00f3n adecuada, realizando informes de cr\u00e9ditos desembolsados y por desembolsar, generando seguimiento del estado de cuenta con lo clientes, entre otros con conocimiento en ERP de construcci\u00f3n, y excel avanzado.                            Profesional Senior                            Universitaria            Administraci\u00f3n de empresasAdministraci\u00f3n financiera1 a\u00f1o de experiencia                1                Vacante            Competencias para la vacante                                            Cartera", "tipo_contrato": "", "nivel_educativo": "Universitaria", "categoria": "Profesional Senior", "sector": "Construcci\u00f3n", "experiencia": "1 a\u00f1o de experiencia", "id_empleo": "1884654201", "competencias": "Cartera"}