{"url_empleo": "https://www.elempleo.com/co/ofertas-trabajo/ingeniero-de-aprovisionamiento/1884512360", "fecha_recuperacion": "2021-03-01-22-10", "titulo_oferta": "Ingeniero de aprovisionamiento", "salario": "$2 a $2,5 millones", "ciudad": "Bogot\u00e1", "fecha_publicacion": "Publicado 23 Feb 2021", "area": "Operaciones y Procesos", "num_vacantes": "1 Vacante", "profesion": "Ingenier\u00eda de sistemas  Computaci\u00f3n", "descripcion_general": "Descripci\u00f3n general                Importante empresa de Telecomunicaciones requiere profesional en Ingenier\u00eda Electr\u00f3nica, Redes de Computadores, Sistemas, Telecomunicaciones o afines (preferible con cursos en CCNA e ITIL); experiencia m\u00ednima de 3 a\u00f1os como (Ingeniero de Proyectos, NOC o Analista de Supervisi\u00f3n); conocimientos en configuraci\u00f3n de servicios en equipos de diferentes plataformas (Huawei, Alcatel, Ericsson, HPE, Cisco) y manejo de protocolos como est\u00e1ndares en redes (TCP/IP, BGP, MPLS, VLSM)                    Importante empresa de Telecomunicaciones requiere profesional en Ingenier\u00eda Electr\u00f3nica, Redes de Computadores, Sistemas, Telecomunicaciones o afines (preferible con cursos en CCNA e ITIL); experiencia m\u00ednima de 3 a\u00f1os como (Ingeniero de Proyectos, NOC o Analista de Supervisi\u00f3n); conocimientos en configuraci\u00f3n de servicios en equipos de diferentes plataformas (Huawei, Alcatel, Ericsson, HPE, Cisco) y manejo de protocolos como est\u00e1ndares en redes (TCP/IP, BGP, MPLS, VLSM)                            Profesional                            Universitaria            Ingenier\u00eda de sistemas  Computaci\u00f3nIngenier\u00eda electr\u00f3nicaIngenier\u00eda de telecomunicacionesIngenier\u00eda telem\u00e1ticaIngenier\u00eda de redes y telecomunicaciones3 a\u00f1os de experiencia                1                Vacante            Competencias para la vacante                                            ingeniero", "tipo_contrato": "Contrato Indefinido", "nivel_educativo": "Universitaria", "categoria": "Profesional", "sector": "Servicios de telecomunicaciones", "experiencia": "3 a\u00f1os de experiencia", "id_empleo": "1884512360", "competencias": "ingeniero"}