{"url_empleo": "https://www.elempleo.com/co/ofertas-trabajo/director-de-operaciones/1884629100", "fecha_recuperacion": "2021-03-01-22-11", "titulo_oferta": "Director de operaciones", "salario": "Salario a convenir", "ciudad": "Toda Colombia", "fecha_publicacion": "Publicado 22 Feb 2021", "area": "Operaciones y Procesos", "num_vacantes": "1 Vacante", "profesion": "Ingenier\u00eda mec\u00e1nica", "descripcion_general": "Descripci\u00f3n general                Compa\u00f1\u00eda que brinda servicios de maquinaria pesada de movimiento de tierra se encuentra en la b\u00fasqueda de un Director  de Operaciones, debe tener de 3 a 6 a\u00f1os de experiencia realizando acercamiento t\u00e9cnico de la maquinaria, funciones comerciales, administrativas, financieras y manejo de personal.Debe tener disponibilidad de viaje el 70% de su tiempo para hacer rotaci\u00f3n por las diferentes obras.                    Compa\u00f1\u00eda que brinda servicios de maquinaria pesada de movimiento de tierra se encuentra en la b\u00fasqueda de un Director  de Operaciones, debe tener de 3 a 6 a\u00f1os de experiencia realizando acercamiento t\u00e9cnico de la maquinaria, funciones comerciales, administrativas, financieras y manejo de personal.Debe tener disponibilidad de viaje el 70% de su tiempo para hacer rotaci\u00f3n por las diferentes obras.                            Profesional Senior                            Universitaria            Ingenier\u00eda mec\u00e1nicaIngenier\u00eda electromec\u00e1nica4 a\u00f1os de experiencia                1                Vacante            Competencias para la vacante                                            Director                                                                                    Operaciones                                                                                    Maquinaria                                                                                    ingeniero", "tipo_contrato": "", "nivel_educativo": "Universitaria", "categoria": "Profesional Senior", "sector": "Maquinar\u00eda y equipo", "experiencia": "4 a\u00f1os de experiencia", "id_empleo": "1884629100", "competencias": "Director,Operaciones,Maquinaria,ingeniero"}