{"url_empleo": "https://www.elempleo.com/co/ofertas-trabajo/jefe-de-tarjeta-de-credito-digital/1884665974", "fecha_recuperacion": "2021-03-01-22-04", "titulo_oferta": "Jefe de tarjeta de credito - digital", "salario": "$6 a $8 millones", "ciudad": "Bogot\u00e1", "fecha_publicacion": "Publicado 26 Feb 2021", "area": "Administrativa y Financiera", "num_vacantes": "1 Vacante", "profesion": "Administraci\u00f3n de empresas", "descripcion_general": "Descripci\u00f3n general                Importante empresa del sector Bancario nos encontramos buscando nuestro pr\u00f3ximo JEFE DE TARJETA DE CREDITO - DIGITALSu misi\u00f3n consiste apoyar la definici\u00f3n, ejecuci\u00f3n y monitoreo de la estrategia de la tarjeta de cr\u00e9dito digital con el fin de garantizar el cumplimiento de las metas comerciales y de la estrategia digital del producto. Requisitos :* Profesional en carreras administrativas o af\u00edn al sector financiero.* Experiencia m\u00ednima de 4 a\u00f1os en desarrollo de estrategias de crecimiento y posicionamiento en el mercado de la linea de tarjeta de cr\u00e9dito, que permitan incrementar la rentabilidad y competitividad en los diferentes canales , manejo de PyG y conocimiento el levantamiento de banderas con enfoque en canal digital.                    Importante empresa del sector Bancario nos encontramos buscando nuestro pr\u00f3ximo JEFE DE TARJETA DE CREDITO - DIGITALSu misi\u00f3n consiste apoyar la definici\u00f3n, ejecuci\u00f3n y monitoreo de la estrategia de la tarjeta de cr\u00e9dito digital con el fin de garantizar el cumplimiento de las metas comerciales y de la estrategia digital del producto. Requisitos :* Profesional en carreras administrativas o af\u00edn al sector financiero.* Experiencia m\u00ednima de 4 a\u00f1os en desarrollo de estrategias de crecimiento y posicionamiento en el mercado de la linea de tarjeta de cr\u00e9dito, que permitan incrementar la rentabilidad y competitividad en los diferentes canales , manejo de PyG y conocimiento el levantamiento de banderas con enfoque en canal digital.                            Profesional Senior                            Universitaria            Administraci\u00f3n de empresasAdministraci\u00f3n financiera4 a\u00f1os de experiencia                1                Vacante            Competencias para la vacante                                            Tarjeta de credito                                                                                    digital                                                                                    Producto                                                                                    administrador financiero", "tipo_contrato": "", "nivel_educativo": "Universitaria", "categoria": "Profesional Senior", "sector": "Otros", "experiencia": "4 a\u00f1os de experiencia", "id_empleo": "1884665974", "competencias": "Tarjeta de credito,digital,Producto,administrador financiero"}