{"url_empleo": "https://www.elempleo.com/co/ofertas-trabajo/cloud-devops/1884649398", "fecha_recuperacion": "2021-03-01-22-09", "titulo_oferta": "Cloud devops", "salario": "$5,5 a $6 millones", "ciudad": "Bogot\u00e1", "fecha_publicacion": "Publicado 23 Feb 2021", "area": "Sistemas y Tecnolog\u00eda", "num_vacantes": "1 Vacante", "profesion": "Ingenier\u00eda de sistemas  Computaci\u00f3n", "descripcion_general": "Descripci\u00f3n general                Valid multinacional brasilera busca Cloud Devops objetivo del cargo, Implementar las Soluciones de Valid, en infraestructura en la Nube o en datacenter del cliente, as\u00ed como dar soporte a los requerimientos, incidentes o problemas que se presentan durante el monitoreo o sean reportados por el cliente, garantizando el cumplimiento de los acuerdos de nivel de de servicio, Conocimientos en: Linux Seguridad Scripts en bash y Python Bases de datos: Postgress y Oracle Virtualizaci\u00f3n con VMware. En un Plus: virtual box AWS (Amazon web services) Monitoring Integraci\u00f3n continua Despliegues continuos Servidores de aplicaciones: Apache, y Tomcat Plus: wifly, weblogic, nginx, Jbos Ingles conversacional, Realizar actualizaciones de sistemas, configuraciones, instalaciones de parches y correcciones en los sistemas operativos y software desplegados en los servidores en ambientes de producci\u00f3n.\u00b7 Instalar, configurar y mantener las soluciones de Valid de acuerdo a las mejores practicas, desarrollar en leguajes como Java, Ios, Android, Python                    Valid multinacional brasilera busca Cloud Devops objetivo del cargo, Implementar las Soluciones de Valid, en infraestructura en la Nube o en datacenter del cliente, as\u00ed como dar soporte a los requerimientos, incidentes o problemas que se presentan durante el monitoreo o sean reportados por el cliente, garantizando el cumplimiento de los acuerdos de nivel de de servicio, Conocimientos en: Linux Seguridad Scripts en bash y Python Bases de datos: Postgress y Oracle Virtualizaci\u00f3n con VMware. En un Plus: virtual box AWS (Amazon web services) Monitoring Integraci\u00f3n continua Despliegues continuos Servidores de aplicaciones: Apache, y Tomcat Plus: wifly, weblogic, nginx, Jbos Ingles conversacional, Realizar actualizaciones de sistemas, configuraciones, instalaciones de parches y correcciones en los sistemas operativos y software desplegados en los servidores en ambientes de producci\u00f3n.\u00b7 Instalar, configurar y mantener las soluciones de Valid de acuerdo a las mejores practicas, desarrollar en leguajes como Java, Ios, Android, Python                            Profesional Senior                            Universitaria            Ingenier\u00eda de sistemas  Computaci\u00f3n2 a\u00f1os de experiencia                1                Vacante            Competencias para la vacante                                            ingeniero", "tipo_contrato": "Contrato Indefinido", "nivel_educativo": "Universitaria", "categoria": "Profesional Senior", "sector": "Ciencia y tecnolog\u00eda", "experiencia": "2 a\u00f1os de experiencia", "id_empleo": "1884649398", "competencias": "ingeniero"}