{"url_empleo": "https://www.elempleo.com/co/ofertas-trabajo/desarrollador-net/1884252879", "fecha_recuperacion": "2021-03-01-22-03", "titulo_oferta": "Desarrollador .net", "salario": "Salario a convenir", "ciudad": "Bogot\u00e1", "fecha_publicacion": "Publicado 26 Feb 2021", "area": "Sistemas y Tecnolog\u00eda", "num_vacantes": "1 Vacante", "profesion": "Ingenier\u00eda de sistemas  Computaci\u00f3n", "descripcion_general": "Descripci\u00f3n general                Importante multinacional del sector servicios requiere para su equipo de trabajo, Ingeniero de sistemas o afines para desempe\u00f1ar el cargo de Desarrollador .NET . Debera Desarrollar  aplicaciones y backends para los aliados o clientes internos usando tecnolog\u00edas y frameworks como: .NET, .NET core, API REST, Entity Framework entre otras orientado a arquitecturas microservicio, as\u00ed mismo debe velar por la entrega de soluciones \u00f3ptimas, efectivas y de alta calidad, ajustandose a los cronogramas de desarrollo. Experiencia requerida de  5 a\u00f1os.                    Importante multinacional del sector servicios requiere para su equipo de trabajo, Ingeniero de sistemas o afines para desempe\u00f1ar el cargo de Desarrollador .NET . Debera Desarrollar  aplicaciones y backends para los aliados o clientes internos usando tecnolog\u00edas y frameworks como: .NET, .NET core, API REST, Entity Framework entre otras orientado a arquitecturas microservicio, as\u00ed mismo debe velar por la entrega de soluciones \u00f3ptimas, efectivas y de alta calidad, ajustandose a los cronogramas de desarrollo. Experiencia requerida de  5 a\u00f1os.                            Profesional                            Universitaria            Ingenier\u00eda de sistemas  Computaci\u00f3nIngenier\u00eda de telecomunicacionesIngenier\u00eda de redes y telecomunicacionesAdministraci\u00f3n de sistemas inform\u00e1ticos4 a\u00f1os de experiencia                1                Vacante            Competencias para la vacante                                            desarrollador                                                                                    .NET                                                                                    Drupal                                                                                    ingeniero", "tipo_contrato": "Contrato Definido", "nivel_educativo": "Universitaria", "categoria": "Profesional", "sector": "Inform\u00e1ticos", "experiencia": "4 a\u00f1os de experiencia", "id_empleo": "1884252879", "competencias": "desarrollador,.NET,Drupal,ingeniero"}