{"url_empleo": "https://www.elempleo.com/co/ofertas-trabajo/tecnico-en-instalacion-de-redes-electricas-clarobogota/1884630481", "fecha_recuperacion": "2021-03-01-22-12", "titulo_oferta": "Tecnico en instalacion de redes electricas- claro-bogota", "salario": "$1 a $1,5 millones", "ciudad": "Bogot\u00e1", "fecha_publicacion": "Publicado 19 Feb 2021", "area": "Ventas", "num_vacantes": "1 Vacante", "profesion": "Tecnolog\u00eda en electr\u00f3nica", "descripcion_general": "Descripci\u00f3n general                empresa de telecomunicaciones esta en b\u00fasqueda de un T\u00c9CNICO INSTALADOR DE REDES EL\u00c9CTRICAS, con 1 a\u00f1o de experiencia en manejo de: circuitos, redes de datos, instalaci\u00f3n de c\u00e1maras, esta persona debe contar con curso de alturas. contrato termino indefinido contrataci\u00f3n inmediata.se trabaja de lunes a viernes 1 s\u00e1bado cada quince d\u00edas y domingos ocasionalmente                    empresa de telecomunicaciones esta en b\u00fasqueda de un T\u00c9CNICO INSTALADOR DE REDES EL\u00c9CTRICAS, con 1 a\u00f1o de experiencia en manejo de: circuitos, redes de datos, instalaci\u00f3n de c\u00e1maras, esta persona debe contar con curso de alturas. contrato termino indefinido contrataci\u00f3n inmediata.se trabaja de lunes a viernes 1 s\u00e1bado cada quince d\u00edas y domingos ocasionalmente                            Auxiliar, asistencial y otros                            T\u00e9cnico Laboral            Tecnolog\u00eda en electr\u00f3nicaTecn ElectricistaTecn Electr\u00f3nico1 a\u00f1o de experiencia                1                Vacante            Competencias para la vacante                                            tencico electrico                                                                                    redes electricas", "tipo_contrato": "Contrato Indefinido", "nivel_educativo": "T\u00e9cnico Laboral", "categoria": "Auxiliar, asistencial y otros", "sector": "Servicios de telecomunicaciones", "experiencia": "1 a\u00f1o de experiencia", "id_empleo": "1884630481", "competencias": "tencico electrico,redes electricas"}