{"url_empleo": "https://www.elempleo.com/co/ofertas-trabajo/profesional-seleccionsector-hidrocarburos/1884672883", "fecha_recuperacion": "2021-03-01-22-09", "titulo_oferta": "Profesional selecci\u00f3n-sector hidrocarburos", "salario": "$1 a $1,5 millones", "ciudad": "Bogot\u00e1", "fecha_publicacion": "Publicado 23 Feb 2021", "area": "Recursos Humanos y Adm\u00f3n. de Per...", "num_vacantes": "1 Vacante", "profesion": "Psicolog\u00eda", "descripcion_general": "Descripci\u00f3n general                Importante multinacional requiere profesional de psicolog\u00eda con experiencia m\u00ednima de 2 a\u00f1os en procesos de selecci\u00f3n para proyectos del sector de hidrocarburos, manejo y dominio del decreto 1668 junto y gesti\u00f3n de vacantes por el Servicio Publico de Empleo a nivel nacional. Disponibilidad inmediata para trabajar en Bogot\u00e1                    Importante multinacional requiere profesional de psicolog\u00eda con experiencia m\u00ednima de 2 a\u00f1os en procesos de selecci\u00f3n para proyectos del sector de hidrocarburos, manejo y dominio del decreto 1668 junto y gesti\u00f3n de vacantes por el Servicio Publico de Empleo a nivel nacional. Disponibilidad inmediata para trabajar en Bogot\u00e1                            Profesional                            Universitaria            Psicolog\u00eda2 a\u00f1os de experiencia                1                Vacante            Competencias para la vacante                                            servicio publico de empleo                                                                                    seleccion                                                                                    hidrocarburos", "tipo_contrato": "Contrato Por obra o labor", "nivel_educativo": "Universitaria", "categoria": "Profesional", "sector": "Otros (Energ\u00e9tico)", "experiencia": "2 a\u00f1os de experiencia", "id_empleo": "1884672883", "competencias": "servicio publico de empleo,seleccion,hidrocarburos"}