{"url_empleo": "https://www.elempleo.com/co/ofertas-trabajo/lider-de-infraestructura-tecnologica/1884482659", "fecha_recuperacion": "2021-03-01-22-14", "titulo_oferta": "L\u00edder de infraestructura tecnol\u00f3gica", "salario": "$6 a $8 millones", "ciudad": "Bogot\u00e1", "fecha_publicacion": "Publicado 19 Feb 2021", "area": "Sistemas y Tecnolog\u00eda", "num_vacantes": "1 Vacante", "profesion": "Ingenier\u00eda de sistemas  Computaci\u00f3n", "descripcion_general": "Descripci\u00f3n general                Nos encontramos en b\u00fasqueda de un profesional en Ingenier\u00eda de Sistemas o de Inform\u00e1tica, con especializaci\u00f3n en Seguridad Inform\u00e1tica, gesti\u00f3n de TIC o a fines,  para ocupar el cargo de L\u00edder de Infraestructura Tecnol\u00f3gica, debe contar m\u00ednimo con cinco a\u00f1os de experiencia en administraci\u00f3n de plataformas en la nube, Plataforma GSuite Bussines, gesti\u00f3n de directorio activo basado en Windows Server 2012 R2, administraci\u00f3n de Firewalls Fortinet, sdministraci\u00f3n de bases de datos SQL Server, PosgreSQL, MySQL, phpMyAdmin, administraci\u00f3n en Sistemas de Almacenamiento (NAS, SAN, Cloud Drive) y administraci\u00f3n de Sistemas de Informaci\u00f3n EAM y SunSystems, indispensable conocimiento y experiencia en implementaci\u00f3n de SAP. Esta posici\u00f3n debe optimizar y supervisar el trabajo realizado por el personal del Core de Infraestructura Tecnol\u00f3gica, garantizando la calidad en el soporte a usuarios y soluci\u00f3n de incidentes de manera oportuna y efectiva.Lugar de trabajo Bogot\u00e1, contrato a t\u00e9rmino indefinido jornada de lunes a viernes de 7:30 a.m. a 5:30 p.m. salario entre $7.500.000 y $8.000.000 compuesto por un salario b\u00e1sico, una variable salarial y un auxilio no salarial.                    Nos encontramos en b\u00fasqueda de un profesional en Ingenier\u00eda de Sistemas o de Inform\u00e1tica, con especializaci\u00f3n en Seguridad Inform\u00e1tica, gesti\u00f3n de TIC o a fines,  para ocupar el cargo de L\u00edder de Infraestructura Tecnol\u00f3gica, debe contar m\u00ednimo con cinco a\u00f1os de experiencia en administraci\u00f3n de plataformas en la nube, Plataforma GSuite Bussines, gesti\u00f3n de directorio activo basado en Windows Server 2012 R2, administraci\u00f3n de Firewalls Fortinet, sdministraci\u00f3n de bases de datos SQL Server, PosgreSQL, MySQL, phpMyAdmin, administraci\u00f3n en Sistemas de Almacenamiento (NAS, SAN, Cloud Drive) y administraci\u00f3n de Sistemas de Informaci\u00f3n EAM y SunSystems, indispensable conocimiento y experiencia en implementaci\u00f3n de SAP. Esta posici\u00f3n debe optimizar y supervisar el trabajo realizado por el personal del Core de Infraestructura Tecnol\u00f3gica, garantizando la calidad en el soporte a usuarios y soluci\u00f3n de incidentes de manera oportuna y efectiva.Lugar de trabajo Bogot\u00e1, contrato a t\u00e9rmino indefinido jornada de lunes a viernes de 7:30 a.m. a 5:30 p.m. salario entre $7.500.000 y $8.000.000 compuesto por un salario b\u00e1sico, una variable salarial y un auxilio no salarial.                            Profesional Senior                            Especializaci\u00f3n            Ingenier\u00eda de sistemas  Computaci\u00f3n5 a\u00f1os de experiencia                1                Vacante            Competencias para la vacante                                            administrador de sistemas informaticos                                                                                    software                                                                                    SAP                                                                                    infraestructura tecnologia                                                                                    Arquitectura empresarial", "tipo_contrato": "Contrato Indefinido", "nivel_educativo": "Especializaci\u00f3n", "categoria": "Profesional Senior", "sector": "Energ\u00eda el\u00e9ctrica", "experiencia": "5 a\u00f1os de experiencia", "id_empleo": "1884482659", "competencias": "administrador de sistemas informaticos,software,SAP,infraestructura tecnologia,Arquitectura empresarial"}