{"url_empleo": "https://www.elempleo.com/co/ofertas-trabajo/auxiliar-de-farmacia-i-cartago/1884512265", "fecha_recuperacion": "2021-03-01-22-16", "titulo_oferta": "Auxiliar de farmacia i - cartago", "salario": "Menos de $1 mill\u00f3n", "ciudad": "Cartago", "fecha_publicacion": "Publicado 17 Feb 2021", "area": "Salud", "num_vacantes": "1 Vacante", "profesion": "Tecn Regencia Farmacia", "descripcion_general": "Descripci\u00f3n general                Se requiere t\u00e9cnico o IV semestre aprobado en Farmacia. 36 horas semanales seg\u00fan programaci\u00f3n. Salario: 927.800. Cartago - Valle.Tipo de puesto: Tiempo completoSalario: $927.800 /mes                    Se requiere t\u00e9cnico o IV semestre aprobado en Farmacia. 36 horas semanales seg\u00fan programaci\u00f3n. Salario: 927.800. Cartago - Valle.Tipo de puesto: Tiempo completoSalario: $927.800 /mes                            Auxiliar, asistencial y otros                            T\u00e9cnico Laboral            Tecn Regencia Farmacia                1                Vacante            Competencias para la vacante                                            droguerias                                                                                    drogueria                                                                                    farmaceutico                                                                                    farmacias", "tipo_contrato": "", "nivel_educativo": "T\u00e9cnico Laboral", "categoria": "Auxiliar, asistencial y otros", "sector": "Distribuci\u00f3n de productos farmac...", "experiencia": "", "id_empleo": "1884512265", "competencias": "droguerias,drogueria,farmaceutico,farmacias"}