{"url_empleo": "https://www.elempleo.com/co/ofertas-trabajo/enfermeroa-jefe-unidad-cuidados-intensivos-adultos/1884560471", "fecha_recuperacion": "2021-03-01-22-10", "titulo_oferta": "Enfermero/a jefe - unidad cuidados intensivos adultos", "salario": "$2,5 a $3 millones", "ciudad": "Bogot\u00e1", "fecha_publicacion": "Publicado 23 Feb 2021", "area": "Salud", "num_vacantes": "1 Vacante", "profesion": "Enfermer\u00eda", "descripcion_general": "Descripci\u00f3n general                \u00bfBuscas trabajo? \u00a1\u00a1Est\u00e1 es una buena oportunidad para ti!!Requerimos profesionales ENFERMERO JEFE, que cuenten con experiencia m\u00ednima de 1 (un) a\u00f1o en hospitales de III Y IV nivel en \u00e1rea de la Unidad de Cuidados Intensivos Adultos. Personal que sea proactivo y con ganas de laborar en el campo de acci\u00f3n. Importante contar con sus cursos actualizados a la fecha, indispensable DIPLOMADO EN UCI. Disponibilidad de tiempo completo.Asignaci\u00f3n Salarial: $2.400.000 m\u00e1s recargos.Contrato a obra labor con prestaciones de ley.Horario a laborar: D\u00eda intermedio (12 Horas) y noche intermedia. Si cumples con los requisitos y estas interesada/o pres\u00e9ntate de lunes a viernes a las 08:00am, en la Carrera 12D # 32-44 Sur piso 8 ingreso por la torre A de Talento Humano de la Fundaci\u00f3n Hospital San Carlos. Con hoja de vida, cursos actualizados y copia c\u00e9dula de ciudadan\u00eda ampliada al 150%. Preguntar por Johanna Vargas.                    \u00bfBuscas trabajo? \u00a1\u00a1Est\u00e1 es una buena oportunidad para ti!!Requerimos profesionales ENFERMERO JEFE, que cuenten con experiencia m\u00ednima de 1 (un) a\u00f1o en hospitales de III Y IV nivel en \u00e1rea de la Unidad de Cuidados Intensivos Adultos. Personal que sea proactivo y con ganas de laborar en el campo de acci\u00f3n. Importante contar con sus cursos actualizados a la fecha, indispensable DIPLOMADO EN UCI. Disponibilidad de tiempo completo.Asignaci\u00f3n Salarial: $2.400.000 m\u00e1s recargos.Contrato a obra labor con prestaciones de ley.Horario a laborar: D\u00eda intermedio (12 Horas) y noche intermedia. Si cumples con los requisitos y estas interesada/o pres\u00e9ntate de lunes a viernes a las 08:00am, en la Carrera 12D # 32-44 Sur piso 8 ingreso por la torre A de Talento Humano de la Fundaci\u00f3n Hospital San Carlos. Con hoja de vida, cursos actualizados y copia c\u00e9dula de ciudadan\u00eda ampliada al 150%. Preguntar por Johanna Vargas.                            Profesional                            Universitaria            Enfermer\u00eda1 a\u00f1o de experiencia                1                Vacante            Competencias para la vacante                                            Enfermero/a jefe", "tipo_contrato": "", "nivel_educativo": "Universitaria", "categoria": "Profesional", "sector": "Salud, trabajo y seguridad social", "experiencia": "1 a\u00f1o de experiencia", "id_empleo": "1884560471", "competencias": "Enfermero/a jefe"}