{"url_empleo": "https://www.elempleo.com/co/ofertas-trabajo/analista-de-infraestructura/1884301195", "fecha_recuperacion": "2021-03-01-22-05", "titulo_oferta": "Analista de infraestructura", "salario": "$2 a $2,5 millones", "ciudad": "Barranquilla", "fecha_publicacion": "Publicado 25 Feb 2021", "area": "Sistemas", "num_vacantes": "1 Vacante", "profesion": "Ingenier\u00eda de sistemas  Computaci\u00f3n", "descripcion_general": "Descripci\u00f3n general                Importante empresa del sector industrial requiere ANALISTA DE INFRAESTRUCTURAIngeniero de sistemas o tecn\u00f3logo en sistemas con conocimientos y experiencia certificada en el manejo en: SQL Server.Instalaci\u00f3n de Sistemas Operativos (Windows - Linux (no esencial))Conocimientos en Servidores bajo Windows (Escritorios Remotos - Directorio Activo)Conocimiento de redes de telecomunicaciones.Manejo e implementaci\u00f3n de Backup.Conocimientos en mantenimientos preventivos y Correctivos de todos los equipos de c\u00f3mputo a nivel nacional.Organizacion y gestion de los insumos (toner) para las impresoras.Manejo de Proveedores.Servicio al Cliente.4 a\u00f1os de experiencia en cargos afines.                    Importante empresa del sector industrial requiere ANALISTA DE INFRAESTRUCTURAIngeniero de sistemas o tecn\u00f3logo en sistemas con conocimientos y experiencia certificada en el manejo en: SQL Server.Instalaci\u00f3n de Sistemas Operativos (Windows - Linux (no esencial))Conocimientos en Servidores bajo Windows (Escritorios Remotos - Directorio Activo)Conocimiento de redes de telecomunicaciones.Manejo e implementaci\u00f3n de Backup.Conocimientos en mantenimientos preventivos y Correctivos de todos los equipos de c\u00f3mputo a nivel nacional.Organizacion y gestion de los insumos (toner) para las impresoras.Manejo de Proveedores.Servicio al Cliente.4 a\u00f1os de experiencia en cargos afines.                            Profesional                            Universitaria            Ingenier\u00eda de sistemas  Computaci\u00f3nTecn Sistemas  Computaci\u00f3n4 a\u00f1os de experiencia                1                Vacante            Competencias para la vacante                                            administrador de sistemas informaticos                                                                                    LIDERAZGO                                                                                    PROACTIVIDAD                                                                                    CREATIVIDAD                                                                                    TRABAJO EN EQUIPO", "tipo_contrato": "Contrato Indefinido", "nivel_educativo": "Universitaria", "categoria": "Profesional", "sector": "Otros servicios", "experiencia": "4 a\u00f1os de experiencia", "id_empleo": "1884301195", "competencias": "administrador de sistemas informaticos,LIDERAZGO,PROACTIVIDAD,CREATIVIDAD,TRABAJO EN EQUIPO"}