{"url_empleo": "https://www.elempleo.com/co/ofertas-trabajo/asistente-de-tesoreria/1884087995", "fecha_recuperacion": "2021-03-01-22-16", "titulo_oferta": "Asistente de tesoreria", "salario": "$1 a $1,5 millones", "ciudad": "Bogot\u00e1", "fecha_publicacion": "Publicado 17 Feb 2021", "area": "Construcci\u00f3n y Obra", "num_vacantes": "1 Vacante", "profesion": "Contadur\u00eda", "descripcion_general": "Descripci\u00f3n general                Estudiante de contadur\u00eda p\u00fablica, de Sexto semestre en adelante, con m\u00ednimo 1 a\u00f1o de experiencia en el cargo, preferiblemente con conocimiento en el sistema SINCO ERP, para desarrollar las siguientes funciones: Revisar las cuentas por pagar para determinar prioridades de pago y solicitar autorizaci\u00f3n correspondiente. Realizar los giros a contratistas, proveedores y otros terceros. Tramitar las \u00f3rdenes de pago ante la fiduciaria para cada uno de los proyectos.                    Estudiante de contadur\u00eda p\u00fablica, de Sexto semestre en adelante, con m\u00ednimo 1 a\u00f1o de experiencia en el cargo, preferiblemente con conocimiento en el sistema SINCO ERP, para desarrollar las siguientes funciones: Revisar las cuentas por pagar para determinar prioridades de pago y solicitar autorizaci\u00f3n correspondiente. Realizar los giros a contratistas, proveedores y otros terceros. Tramitar las \u00f3rdenes de pago ante la fiduciaria para cada uno de los proyectos.                            Auxiliar, asistencial y otros                            Tecnol\u00f3gica            Contadur\u00eda1 a\u00f1o de experienciaAsistente                1                Vacante            Competencias para la vacante                                            Tesorer\u00eda                                                                                    Contabilidad                                                                                    asistentes                                                                                    Cuentas por pagar", "tipo_contrato": "Contrato Indefinido", "nivel_educativo": "Tecnol\u00f3gica", "categoria": "Auxiliar, asistencial y otros", "sector": "Acondicionamiento y terminaci\u00f3n ...", "experiencia": "1 a\u00f1o de experiencia", "id_empleo": "1884087995", "competencias": "Tesorer\u00eda,Contabilidad,asistentes,Cuentas por pagar"}