{"url_empleo": "https://www.elempleo.com/co/ofertas-trabajo/tecnico-en-cocina-con-experiencia-en-hoteleria/1884429664", "fecha_recuperacion": "2021-03-01-22-02", "titulo_oferta": "Tecnico en cocina con experiencia en hoteleria.", "salario": "Menos de $1 mill\u00f3n", "ciudad": "Cartagena", "fecha_publicacion": "Publicado 1 Mar 2021", "area": "Servicio al Cliente", "num_vacantes": "1 Vacante", "profesion": "Gastronom\u00eda Culinaria o Cocina", "descripcion_general": "Descripci\u00f3n general                Importante empresa de la ciudad de cartagena requiere para su equipo de trabajo personal para el cargo de t\u00e9cnico en cocina con experiencia minima 1 a\u00f1o preferiblemente en hoteler\u00eda.                    Importante empresa de la ciudad de cartagena requiere para su equipo de trabajo personal para el cargo de t\u00e9cnico en cocina con experiencia minima 1 a\u00f1o preferiblemente en hoteler\u00eda.                            Auxiliar, asistencial y otros                            T\u00e9cnico Laboral            Gastronom\u00eda Culinaria o Cocina1 a\u00f1o de experiencia                1                Vacante            Competencias para la vacante                                            cocina                                                                                    tecnico                                                                                    auxiliar", "tipo_contrato": "Contrato Por obra o labor", "nivel_educativo": "T\u00e9cnico Laboral", "categoria": "Auxiliar, asistencial y otros", "sector": "Hoteles", "experiencia": "1 a\u00f1o de experiencia", "id_empleo": "1884429664", "competencias": "cocina,tecnico,auxiliar"}