{"url_empleo": "https://www.elempleo.com/co/ofertas-trabajo/representantes-de-ventas-al-por-mayor-bogota-linea-de-moda/1884672388", "fecha_recuperacion": "2021-03-01-22-11", "titulo_oferta": "Representantes de ventas al por mayor bogot\u00e1 - l\u00ednea de moda", "salario": "$3,5 a $4 millones", "ciudad": "Bogot\u00e1", "fecha_publicacion": "Publicado 22 Feb 2021", "area": "Comercial, Ventas y Telemercadeo", "num_vacantes": "1 Vacante", "profesion": "Comunicaci\u00f3n social y periodismo", "descripcion_general": "Descripci\u00f3n general                Disandina, importante importadora de art\u00edculos deportivos y de moda, requiere vincular para su equipo de trabajo en Bogot\u00e1 y municipios aleda\u00f1os, un representante de ventas, que tendr\u00e1 como responsabilidad el desarrollo y mantenimiento del negocio en la zona correspondiente, y la consecuci\u00f3n de clientes a trav\u00e9s de estrategias de mercadeo. Para ser parte de esta compa\u00f1\u00eda, es fundamental que:Tengas afinidad con la Moda y conocimientos de las marcas: Marcas Oakley, Quiksilver, Roxy, Alpinestars, Stance, Ecovessel, Santeco y Hers) Contar con medio de transporte para realizar los desplazamientos y visitas comerciales.Poseer formaci\u00f3n profesional en en \u00e1reas de: Administraci\u00f3n de empresas, mercadeo, publicidad, comunicaci\u00f3n, o afines.Demostrar experiencia superior a 2 a\u00f1os, como representante de ventas al por mayor, en el desarrollo de funciones como:- Visita a clientes- Presentaci\u00f3n de ofertas comerciales- Seguimiento a los despachos y a la cartera de sus clientes- Capacitaciones de los productos- Planeaci\u00f3n y coordinaci\u00f3n de eventos promocionales. Con manejo de herramientas de Office, y  Excel avanzado y que haya trabajado en alg\u00fan software de administraci\u00f3n. Contrato comercial, lo que implica un pago por comisiones, sin techo.(Se otorga $ 1.000.000 garantizado durante los 6 primeros meses o el valor de las comisiones si superan el garantizado.)Ubicaci\u00f3n: Bogot\u00e1 y Alrededores                    Disandina, importante importadora de art\u00edculos deportivos y de moda, requiere vincular para su equipo de trabajo en Bogot\u00e1 y municipios aleda\u00f1os, un representante de ventas, que tendr\u00e1 como responsabilidad el desarrollo y mantenimiento del negocio en la zona correspondiente, y la consecuci\u00f3n de clientes a trav\u00e9s de estrategias de mercadeo. Para ser parte de esta compa\u00f1\u00eda, es fundamental que:Tengas afinidad con la Moda y conocimientos de las marcas: Marcas Oakley, Quiksilver, Roxy, Alpinestars, Stance, Ecovessel, Santeco y Hers) Contar con medio de transporte para realizar los desplazamientos y visitas comerciales.Poseer formaci\u00f3n profesional en en \u00e1reas de: Administraci\u00f3n de empresas, mercadeo, publicidad, comunicaci\u00f3n, o afines.Demostrar experiencia superior a 2 a\u00f1os, como representante de ventas al por mayor, en el desarrollo de funciones como:- Visita a clientes- Presentaci\u00f3n de ofertas comerciales- Seguimiento a los despachos y a la cartera de sus clientes- Capacitaciones de los productos- Planeaci\u00f3n y coordinaci\u00f3n de eventos promocionales. Con manejo de herramientas de Office, y  Excel avanzado y que haya trabajado en alg\u00fan software de administraci\u00f3n. Contrato comercial, lo que implica un pago por comisiones, sin techo.(Se otorga $ 1.000.000 garantizado durante los 6 primeros meses o el valor de las comisiones si superan el garantizado.)Ubicaci\u00f3n: Bogot\u00e1 y Alrededores                            Profesional                            Universitaria            Comunicaci\u00f3n social y periodismoAdministraci\u00f3n de empresasOtrosMercadeo2 a\u00f1os de experiencia                1                Vacante            Competencias para la vacante                                            Comercial                                                                                    ventas                                                                                    Asesor                                                                                    ejecutivo", "tipo_contrato": "", "nivel_educativo": "Universitaria", "categoria": "Profesional", "sector": "Almacenes varios", "experiencia": "2 a\u00f1os de experiencia", "id_empleo": "1884672388", "competencias": "Comercial,ventas,Asesor,ejecutivo"}