{"url_empleo": "https://www.elempleo.com/co/ofertas-trabajo/director-de-interventoria/1884659931", "fecha_recuperacion": "2021-03-01-22-15", "titulo_oferta": "Director de interventoria", "salario": "Salario a convenir", "ciudad": "Bogot\u00e1", "fecha_publicacion": "Publicado 18 Feb 2021", "area": "Proyectos (an\u00e1lisis, desarrollo,...", "num_vacantes": "1 Vacante", "profesion": "Ingenier\u00eda civil", "descripcion_general": "Descripci\u00f3n general                Empresa prestadora se servicios de ingenier\u00eda requiere profesional  Ingeniero Civil o Ingeniero de Transporte y v\u00edas, con matr\u00edcula profesional vigente. Debe contar con estudios de posgrado en: V\u00cdAS O PAVIMENTOS O GEOTECNIA O INFRAESTRUCTURA VIAL O \u00c1REAS GERENCIALES O INGENIER\u00cdA CIVIL CON \u00c9NFASIS EN PAVIMENTOS O V\u00cdAS O GEOTECNIA O INFRAESTRUCTURA VIAL. Experiencia general  m\u00ednima de  DIEZ (10) a\u00f1os, contados a partir de la expedici\u00f3n de la tarjeta profesional. Experiencia espec\u00edfica m\u00ednima de 5 a\u00f1os como:  1. Director y/o Coordinador y/o Gerente de: proyectos de obra o interventor\u00eda de: construcci\u00f3n y/o ampliaci\u00f3n de: carreteras primarias y/o pistas de aer\u00f3dromo y/o calles de rodaje de aer\u00f3dromo y/o plataformas de aer\u00f3dromo. 2. Ejercicio profesional en entidades oficiales y/u organismos multilaterales, como funcionario del nivel asesor y/o directivo y/o coordinador y/o profesional y/o contratista de prestaci\u00f3n de servicios profesionales, siempre y cuando se haya desempe\u00f1ado en la direcci\u00f3n y/o coordinaci\u00f3n y/o supervisi\u00f3n y/o estructuraci\u00f3n de proyectos de obra o interventor\u00eda para la: construcci\u00f3n y/o ampliaci\u00f3n de: carreteras primarias y/o pistas de aer\u00f3dromo y/o calles de rodaje de aer\u00f3dromo y/o plataformas de aer\u00f3dromo.                    Empresa prestadora se servicios de ingenier\u00eda requiere profesional  Ingeniero Civil o Ingeniero de Transporte y v\u00edas, con matr\u00edcula profesional vigente. Debe contar con estudios de posgrado en: V\u00cdAS O PAVIMENTOS O GEOTECNIA O INFRAESTRUCTURA VIAL O \u00c1REAS GERENCIALES O INGENIER\u00cdA CIVIL CON \u00c9NFASIS EN PAVIMENTOS O V\u00cdAS O GEOTECNIA O INFRAESTRUCTURA VIAL. Experiencia general  m\u00ednima de  DIEZ (10) a\u00f1os, contados a partir de la expedici\u00f3n de la tarjeta profesional. Experiencia espec\u00edfica m\u00ednima de 5 a\u00f1os como:  1. Director y/o Coordinador y/o Gerente de: proyectos de obra o interventor\u00eda de: construcci\u00f3n y/o ampliaci\u00f3n de: carreteras primarias y/o pistas de aer\u00f3dromo y/o calles de rodaje de aer\u00f3dromo y/o plataformas de aer\u00f3dromo. 2. Ejercicio profesional en entidades oficiales y/u organismos multilaterales, como funcionario del nivel asesor y/o directivo y/o coordinador y/o profesional y/o contratista de prestaci\u00f3n de servicios profesionales, siempre y cuando se haya desempe\u00f1ado en la direcci\u00f3n y/o coordinaci\u00f3n y/o supervisi\u00f3n y/o estructuraci\u00f3n de proyectos de obra o interventor\u00eda para la: construcci\u00f3n y/o ampliaci\u00f3n de: carreteras primarias y/o pistas de aer\u00f3dromo y/o calles de rodaje de aer\u00f3dromo y/o plataformas de aer\u00f3dromo.                            Profesional Senior                            Especializaci\u00f3n            Ingenier\u00eda civilIngenier\u00eda de transportes y v\u00edas10 a\u00f1os de experiencia                1                Vacante            Competencias para la vacante                                            carreteras primarias                                                                                    pistas de aer\u00f3dromo                                                                                    pistas de rodaje de aer\u00f3dromo                                                                                    plataformas de aer\u00f3dromo", "tipo_contrato": "", "nivel_educativo": "Especializaci\u00f3n", "categoria": "Profesional Senior", "sector": "Infraestructura", "experiencia": "10 a\u00f1os de experiencia", "id_empleo": "1884659931", "competencias": "carreteras primarias,pistas de aer\u00f3dromo,pistas de rodaje de aer\u00f3dromo,plataformas de aer\u00f3dromo"}