{"url_empleo": "https://www.elempleo.com/co/ofertas-trabajo/convocatoria-jardinero-zona-norte-de-bogota/1884377660", "fecha_recuperacion": "2021-03-01-22-09", "titulo_oferta": "Convocatoria - jardinero -zona norte de bogota", "salario": "Menos de $1 mill\u00f3n", "ciudad": "Bogot\u00e1", "fecha_publicacion": "Publicado 23 Feb 2021", "area": "Operaciones y Procesos", "num_vacantes": "1 Vacante", "profesion": "Bachillerato Acad\u00e9mico", "descripcion_general": "Descripci\u00f3n general                Reconocido Club ubicado en la ZONA NORTE  de la ciudad (cuenta con servicio de ruta), requiere JARDINERO, Bachiller con conocimientos en corte de c\u00e9sped, riego, plantaci\u00f3n, poda de plantas. Contar con m\u00ednimo 1 a\u00f1o de experiencia en el \u00e1rea.FUNCIONES: Ejecutar actividades de siembra, corte, poda, riego, trasplante, as\u00ed como excavar, carpir, fertilizar y mantener en general los jardines , Mantener en buen estado las \u00e1reas verdes del club.HORARIO: Lunes a S\u00e1bado de 7:00 am a 4:00 pm con  SERVICIO RUTA Y ALIMENTACI\u00d3NSALARIO: $934.900 + Prestaciones de LeyINTERESADOS APLICAR A LA OFERTA                    Reconocido Club ubicado en la ZONA NORTE  de la ciudad (cuenta con servicio de ruta), requiere JARDINERO, Bachiller con conocimientos en corte de c\u00e9sped, riego, plantaci\u00f3n, poda de plantas. Contar con m\u00ednimo 1 a\u00f1o de experiencia en el \u00e1rea.FUNCIONES: Ejecutar actividades de siembra, corte, poda, riego, trasplante, as\u00ed como excavar, carpir, fertilizar y mantener en general los jardines , Mantener en buen estado las \u00e1reas verdes del club.HORARIO: Lunes a S\u00e1bado de 7:00 am a 4:00 pm con  SERVICIO RUTA Y ALIMENTACI\u00d3NSALARIO: $934.900 + Prestaciones de LeyINTERESADOS APLICAR A LA OFERTA                            Auxiliar, asistencial y otros                            Media (10\u00b0 - 13\u00b0)            Bachillerato Acad\u00e9micoBachillerato ComercialBachillerato T\u00e9cnico1 a\u00f1o de experiencia                1                Vacante            Competencias para la vacante                                            JARDINERO", "tipo_contrato": "", "nivel_educativo": "Media (10\u00b0 - 13\u00b0)", "categoria": "Auxiliar, asistencial y otros", "sector": "Clubes", "experiencia": "1 a\u00f1o de experiencia", "id_empleo": "1884377660", "competencias": "JARDINERO"}