{"url_empleo": "https://www.elempleo.com/co/ofertas-trabajo/desarrolador-ios/1884670363", "fecha_recuperacion": "2021-03-01-22-10", "titulo_oferta": "Desarrolador ios", "salario": "$3 a $3,5 millones", "ciudad": "Bogot\u00e1", "fecha_publicacion": "Publicado 23 Feb 2021", "area": "Sistemas y Tecnolog\u00eda", "num_vacantes": "1 Vacante", "profesion": "Ingenier\u00eda de sistemas  Computaci\u00f3n", "descripcion_general": "Descripci\u00f3n general                Nos encontramos en la b\u00fasqueda de Desarrolladores iOS con Experiencia en: Desarrollo de apps para IOS en ObjectiveC  o swiftConocimiento en el proceso de desarrollo  y herramientas de software    Modelos de arquitecturas m\u00f3viles  Experiencia como arquitecto de apps m\u00f3viles Pruebas unitarias Integraci\u00f3n ContinuaIngles                    Nos encontramos en la b\u00fasqueda de Desarrolladores iOS con Experiencia en: Desarrollo de apps para IOS en ObjectiveC  o swiftConocimiento en el proceso de desarrollo  y herramientas de software    Modelos de arquitecturas m\u00f3viles  Experiencia como arquitecto de apps m\u00f3viles Pruebas unitarias Integraci\u00f3n ContinuaIngles                            Profesional                            Universitaria            Ingenier\u00eda de sistemas  Computaci\u00f3nIngenier\u00eca De Software1 a\u00f1o de experiencia                1                Vacante            Competencias para la vacante                                            desarrolladores                                                                                    aplicaciones", "tipo_contrato": "Contrato Indefinido", "nivel_educativo": "Universitaria", "categoria": "Profesional", "sector": "Desarrollo y dise\u00f1o de p\u00e1ginas web", "experiencia": "1 a\u00f1o de experiencia", "id_empleo": "1884670363", "competencias": "desarrolladores,aplicaciones"}