{"url_empleo": "https://www.elempleo.com/co/ofertas-trabajo/tecnico-de-sistemas-santa-marta/1884630713", "fecha_recuperacion": "2021-03-01-22-14", "titulo_oferta": "Tecnico de sistemas  santa marta", "salario": "$1 a $1,5 millones", "ciudad": "Santa Marta", "fecha_publicacion": "Publicado 19 Feb 2021", "area": "Salud", "num_vacantes": "1 Vacante", "profesion": "Tecn Sistemas  Computaci\u00f3n", "descripcion_general": "Descripci\u00f3n general                Se requiere T\u00c9CNICO DE SISTEMAS PARA SANTA MARTA, con experiencia certificada de dos a\u00f1os en el cargo. Misi\u00f3n del cargo: Realizar la asistencia t\u00e9cnica para hardware y software a los distintos empleados, dando el soporte necesario para el normal desarrollo de las actividades, el procesamiento de informaci\u00f3n y asegurando la preservaci\u00f3n y custodia de esta; de acuerdo a los lineamientos de la empresa.Salario: 1.200.000.Disponibilidad inmediata.                    Se requiere T\u00c9CNICO DE SISTEMAS PARA SANTA MARTA, con experiencia certificada de dos a\u00f1os en el cargo. Misi\u00f3n del cargo: Realizar la asistencia t\u00e9cnica para hardware y software a los distintos empleados, dando el soporte necesario para el normal desarrollo de las actividades, el procesamiento de informaci\u00f3n y asegurando la preservaci\u00f3n y custodia de esta; de acuerdo a los lineamientos de la empresa.Salario: 1.200.000.Disponibilidad inmediata.                            Auxiliar, asistencial y otros                            Formaci\u00f3n Tec profesional            Tecn Sistemas  Computaci\u00f3n1 a\u00f1o de experiencia                1                Vacante            Competencias para la vacante                                            TECNICO EN SISTEMAS                                                                                    EXPERIENCIA DE DOS A\u00d1OS EN EL CARGO                                                                                    SANTA MARTA", "tipo_contrato": "", "nivel_educativo": "Formaci\u00f3n Tec profesional", "categoria": "Auxiliar, asistencial y otros", "sector": "Salud, trabajo y seguridad social", "experiencia": "1 a\u00f1o de experiencia", "id_empleo": "1884630713", "competencias": "TECNICO EN SISTEMAS,EXPERIENCIA DE DOS A\u00d1OS EN EL CARGO,SANTA MARTA"}