{"url_empleo": "https://www.elempleo.com/co/ofertas-trabajo/ingeniero-de-bases-de-datos/1884560516", "fecha_recuperacion": "2021-03-01-22-00", "titulo_oferta": "Ingeniero de bases de datos", "salario": "$5,5 a $6 millones", "ciudad": "Bogot\u00e1", "fecha_publicacion": "Publicado 1 Mar 2021", "area": "Sistemas", "num_vacantes": "1 Vacante", "profesion": "Ingenier\u00eda de sistemas  Computaci\u00f3n", "descripcion_general": "Descripci\u00f3n general                Buscamos para nuestro equipo de trabajo hombres y mujeres profesionales en ingenier\u00eda de sistemas, electr\u00f3nica o afines con experiencia laboral certificada en SQL SERVER y conocimientos en Integration Service, Herramientas Data Quiality, herramientas de visualizaci\u00f3n de datos y transact SQL Server.                    Buscamos para nuestro equipo de trabajo hombres y mujeres profesionales en ingenier\u00eda de sistemas, electr\u00f3nica o afines con experiencia laboral certificada en SQL SERVER y conocimientos en Integration Service, Herramientas Data Quiality, herramientas de visualizaci\u00f3n de datos y transact SQL Server.                            Profesional                            Universitaria            Ingenier\u00eda de sistemas  Computaci\u00f3nIngenier\u00eda electr\u00f3nica5 a\u00f1os de experiencia                1                Vacante            Competencias para la vacante                                            DATOS                                                                                    SATA QUALITY                                                                                    SISTEMAS", "tipo_contrato": "", "nivel_educativo": "Universitaria", "categoria": "Profesional", "sector": "Productores y distribuidores de ...", "experiencia": "5 a\u00f1os de experiencia", "id_empleo": "1884560516", "competencias": "DATOS,SATA QUALITY,SISTEMAS"}