{"url_empleo": "https://www.elempleo.com/co/ofertas-trabajo/medico-hospitalario-bogota-/1884533570", "fecha_recuperacion": "2021-03-01-22-17", "titulo_oferta": "M\u00e9dico hospitalario (bogota )", "salario": "$4 a $4,5 millones", "ciudad": "Bogot\u00e1", "fecha_publicacion": "Publicado 17 Feb 2021", "area": "Salud", "num_vacantes": "1 Vacante", "profesion": "Medicina", "descripcion_general": "Descripci\u00f3n general                Reconocida empresa del sector salud requiere para su equipo cl\u00ednico Medico General con experiencia M\u00ednimo un (1) a\u00f1o en manejo de paciente cr\u00edtico en instituciones de 2 y 3 nivel de atenci\u00f3n. Funciones: evaluaci\u00f3n cl\u00ednica y manejo terap\u00e9utico de los pacientes, determinando pautas de manejo y haciendo seguimiento a la evoluci\u00f3n cl\u00ednica de los pacientes. Turnos rotativos de 12 horas, domingo a domingo. Contrato indefinido directamente con la empresa con todas las prestaciones de ley. Salario: Salario 4.017.489                    Reconocida empresa del sector salud requiere para su equipo cl\u00ednico Medico General con experiencia M\u00ednimo un (1) a\u00f1o en manejo de paciente cr\u00edtico en instituciones de 2 y 3 nivel de atenci\u00f3n. Funciones: evaluaci\u00f3n cl\u00ednica y manejo terap\u00e9utico de los pacientes, determinando pautas de manejo y haciendo seguimiento a la evoluci\u00f3n cl\u00ednica de los pacientes. Turnos rotativos de 12 horas, domingo a domingo. Contrato indefinido directamente con la empresa con todas las prestaciones de ley. Salario: Salario 4.017.489                            Profesional                            Universitaria            Medicina1 a\u00f1o de experiencia                1                Vacante            Competencias para la vacante                                            medico general                                                                                    pacientes cronicos                                                                                    contrato indefinido", "tipo_contrato": "Contrato Indefinido", "nivel_educativo": "Universitaria", "categoria": "Profesional", "sector": "EPS", "experiencia": "1 a\u00f1o de experiencia", "id_empleo": "1884533570", "competencias": "medico general,pacientes cronicos,contrato indefinido"}