{"url_empleo": "https://www.elempleo.com/co/ofertas-trabajo/coordinador-de-sistemas-y-desarrollo/1884372288", "fecha_recuperacion": "2021-03-01-22-16", "titulo_oferta": "Coordinador de sistemas y desarrollo", "salario": "$3,5 a $4 millones", "ciudad": "Cali", "fecha_publicacion": "Publicado 17 Feb 2021", "area": "Administrativa y Financiera", "num_vacantes": "1 Vacante", "profesion": "Ingenier\u00eda de sistemas  Computaci\u00f3n", "descripcion_general": "Descripci\u00f3n general                Reconocida empresa del sector automotriz requiere Coordinador del \u00e1rea de sistemas para administrar el hardware, software y proyectos de desarrollo de aplicaciones de la Compa\u00f1\u00eda con el fin de facilitar la b\u00fasqueda de informaci\u00f3n estrat\u00e9gica para las diferentes l\u00edneas de negocio, cumpliendo con las normas y procedimientos establecidos para la unidad de negocio. Ingeniero de Sistemas, Electr\u00f3nico  y/o afines. Conocimientos en An\u00e1lisis, desarrollo, implementaci\u00f3n y puesta en funcionamiento de sistemas de informaci\u00f3n, administraci\u00f3n y ejecuci\u00f3n de proyectos. Experiencia m\u00ednima de cinco a\u00f1os en empresas reconocidas. Se labora de lunes a s\u00e1bado. Si no cumple con el perfil por favor abstenerse de aplicar a la vacante.                    Reconocida empresa del sector automotriz requiere Coordinador del \u00e1rea de sistemas para administrar el hardware, software y proyectos de desarrollo de aplicaciones de la Compa\u00f1\u00eda con el fin de facilitar la b\u00fasqueda de informaci\u00f3n estrat\u00e9gica para las diferentes l\u00edneas de negocio, cumpliendo con las normas y procedimientos establecidos para la unidad de negocio. Ingeniero de Sistemas, Electr\u00f3nico  y/o afines. Conocimientos en An\u00e1lisis, desarrollo, implementaci\u00f3n y puesta en funcionamiento de sistemas de informaci\u00f3n, administraci\u00f3n y ejecuci\u00f3n de proyectos. Experiencia m\u00ednima de cinco a\u00f1os en empresas reconocidas. Se labora de lunes a s\u00e1bado. Si no cumple con el perfil por favor abstenerse de aplicar a la vacante.                            Profesional                            Universitaria            Ingenier\u00eda de sistemas  Computaci\u00f3nIngenier\u00eda electr\u00f3nica5 a\u00f1os de experiencia                1                Vacante            Competencias para la vacante                                            coordinador                                                                                    sistemas                                                                                    programaci\u00f3n de desarrollo", "tipo_contrato": "Contrato Indefinido", "nivel_educativo": "Universitaria", "categoria": "Profesional", "sector": "Concesionarios", "experiencia": "5 a\u00f1os de experiencia", "id_empleo": "1884372288", "competencias": "coordinador,sistemas,programaci\u00f3n de desarrollo"}