{"url_empleo": "https://www.elempleo.com/co/ofertas-trabajo/auxiliar-de-cocina-fin-de-semana-girardot/1884642575", "fecha_recuperacion": "2021-03-01-22-15", "titulo_oferta": "Auxiliar de cocina -  fin de semana - girardot", "salario": "Menos de $1 mill\u00f3n", "ciudad": "Girardot", "fecha_publicacion": "Publicado 18 Feb 2021", "area": "Servicio al Cliente", "num_vacantes": "1 Vacante", "profesion": "Mesa y Bar", "descripcion_general": "Descripci\u00f3n general                Reconocido Club ubicado en RICAURTE (GIRARDOT), requiere AUXILIAR DE COCINA URGENTEE PARA LABORAR  FIN DE SEMANA, bachiller con conocimientos en areas de cocina, preparaciones de aliemtos, cortes y bebidas. Experiencia m\u00ednima de 1 a\u00f1o en cargos similares. HORARIOS: Turnos de 8 o 12 horas rotativos fines de semana.SALARIO: S\u00e1bados $29.260. Domingo y Festivos $51.205 + EXTRAS + prestaciones de ley.INTERESADOS Y QUE CUMPLAN CON EL PERFIL APLICAR A LA OFERTA.SE BRINDA ESTABILIDAD LABORAL.                    Reconocido Club ubicado en RICAURTE (GIRARDOT), requiere AUXILIAR DE COCINA URGENTEE PARA LABORAR  FIN DE SEMANA, bachiller con conocimientos en areas de cocina, preparaciones de aliemtos, cortes y bebidas. Experiencia m\u00ednima de 1 a\u00f1o en cargos similares. HORARIOS: Turnos de 8 o 12 horas rotativos fines de semana.SALARIO: S\u00e1bados $29.260. Domingo y Festivos $51.205 + EXTRAS + prestaciones de ley.INTERESADOS Y QUE CUMPLAN CON EL PERFIL APLICAR A LA OFERTA.SE BRINDA ESTABILIDAD LABORAL.                            Auxiliar, asistencial y otros                            T\u00e9cnico Laboral            Mesa y BarGastronom\u00eda Culinaria o Cocina1 a\u00f1o de experiencia                1                Vacante            Competencias para la vacante                                            COCINA                                                                                    Cocinera                                                                                    preparador de alimentos                                                                                    FIN DE SEMANA                                                                                    GIRARDOT", "tipo_contrato": "", "nivel_educativo": "T\u00e9cnico Laboral", "categoria": "Auxiliar, asistencial y otros", "sector": "Clubes", "experiencia": "1 a\u00f1o de experiencia", "id_empleo": "1884642575", "competencias": "COCINA,Cocinera,preparador de alimentos,FIN DE SEMANA,GIRARDOT"}