{"url_empleo": "https://www.elempleo.com/co/ofertas-trabajo/gestor-de-cartera/1884578532", "fecha_recuperacion": "2021-03-01-22-08", "titulo_oferta": "Gestor de cartera", "salario": "$1 a $1,5 millones", "ciudad": "Bogot\u00e1", "fecha_publicacion": "Publicado 23 Feb 2021", "area": "Administrativa y Financiera", "num_vacantes": "1 Vacante", "profesion": "Contadur\u00eda", "descripcion_general": "Descripci\u00f3n general                T\u00e9cnico, tecn\u00f3logo o estudiante de Contabilidad, Administraci\u00f3n, Finanzas, Ingenier\u00eda Industrial, Econom\u00eda, o carreras afines. Con conocimientos en herramientas ofim\u00e1ticas (Excel, Word, PowerPoint), nivel intermedio, manejo de bases de datos, atenci\u00f3n al cliente y gesti\u00f3n de cartera. Dos (2) a\u00f1os de experiencia general y (1) a\u00f1o desempe\u00f1ando el cargo en menci\u00f3n o cargos similares, para empresas de cualquier sector.FUNCIONES:-Informar a los clientes sobre la generaci\u00f3n de la factura mensual y de esta forma garantizar que cuenten con la factura para evitar retrasos o no pagos de estas.-Notificar fechas de vencimiento para incentivar el pago dentro de las fechas oportunas.-Enviar a los clientes nuevos un instructivo de bienvenida, pagos y certificaciones bancarias.-Iniciar contacto telef\u00f3nico y por correo electr\u00f3nico con los clientes que no han efectuado el pago dentro de las fechas estipuladas en la factura.-Env\u00edo de notificaciones en caso de que el cliente contin\u00fae en mora..-Hacer seguimiento al cumplimiento en fechas y valores de los acuerdos de pago.-Realizar conciliaciones de pagos e ingresos junto con tesorer\u00eda y el locatario.-Informe de gesti\u00f3n de cartera de cada locatario asignado.-Informe de acuerdos de pago.                    T\u00e9cnico, tecn\u00f3logo o estudiante de Contabilidad, Administraci\u00f3n, Finanzas, Ingenier\u00eda Industrial, Econom\u00eda, o carreras afines. Con conocimientos en herramientas ofim\u00e1ticas (Excel, Word, PowerPoint), nivel intermedio, manejo de bases de datos, atenci\u00f3n al cliente y gesti\u00f3n de cartera. Dos (2) a\u00f1os de experiencia general y (1) a\u00f1o desempe\u00f1ando el cargo en menci\u00f3n o cargos similares, para empresas de cualquier sector.FUNCIONES:-Informar a los clientes sobre la generaci\u00f3n de la factura mensual y de esta forma garantizar que cuenten con la factura para evitar retrasos o no pagos de estas.-Notificar fechas de vencimiento para incentivar el pago dentro de las fechas oportunas.-Enviar a los clientes nuevos un instructivo de bienvenida, pagos y certificaciones bancarias.-Iniciar contacto telef\u00f3nico y por correo electr\u00f3nico con los clientes que no han efectuado el pago dentro de las fechas estipuladas en la factura.-Env\u00edo de notificaciones en caso de que el cliente contin\u00fae en mora..-Hacer seguimiento al cumplimiento en fechas y valores de los acuerdos de pago.-Realizar conciliaciones de pagos e ingresos junto con tesorer\u00eda y el locatario.-Informe de gesti\u00f3n de cartera de cada locatario asignado.-Informe de acuerdos de pago.                            Profesional Junior                            Universitaria            Contadur\u00edaAdministraci\u00f3n de empresas2 a\u00f1os de experiencia                1                Vacante            Competencias para la vacante                                            Tecnologo", "tipo_contrato": "Contrato Indefinido", "nivel_educativo": "Universitaria", "categoria": "Profesional Junior", "sector": "Otros servicios", "experiencia": "2 a\u00f1os de experiencia", "id_empleo": "1884578532", "competencias": "Tecnologo"}