{"url_empleo": "https://www.elempleo.com/co/ofertas-trabajo/analista-de-seguridad-de-la-informacion-y-plan-de-continuidad-del-negocio/1884638377", "fecha_recuperacion": "2021-03-01-22-13", "titulo_oferta": "Analista de seguridad de la informaci\u00f3n y plan de continuidad del negocio", "salario": "$2,5 a $3 millones", "ciudad": "Bogot\u00e1", "fecha_publicacion": "Publicado 19 Feb 2021", "area": "Sistemas y Tecnolog\u00eda", "num_vacantes": "1 Vacante", "profesion": "Ingenier\u00eda de sistemas  Computaci\u00f3n", "descripcion_general": "Descripci\u00f3n general                En FIDUCOLDEX requerimos para nuestro equipo de trabajo Profesional en Ingenier\u00eda de Sistemas y/o Computaci\u00f3n y/o Inform\u00e1tica e Ingeniero de telecomunicaciones o estudiante de \u00faltimo semestre en las \u00e1reas indicadas con 1 a\u00f1o de experiencia espec\u00edfica indicada en el requisito de experiencia, con conocimientos requeridos en Tecnolog\u00edas de la informaci\u00f3n con \u00e9nfasis en seguridad de la informaci\u00f3n, continuidad del negocio y/o protecci\u00f3n de la informaci\u00f3n y conocimientos b\u00e1sicos en sistemas de gesti\u00f3n de seguridad de la informaci\u00f3n y/o continuidad del negocio, herramientas de seguridad (Firewalls, Proxys, IDS, VPN, PKI), sistemas de comunicaciones y redes de conectividad, sistemas de gesti\u00f3n de riesgos con experiencia general de 2 a\u00f1os preferiblemente en el sector financiero o fiduciario y espec\u00edfica de 6 meses de experiencia en seguridad y privacidad de la informaci\u00f3n y/o continuidad del negocio. Su prop\u00f3sito identificar, proponer e implementar las mejores pr\u00e1cticas de gesti\u00f3n de seguridad y privacidad de la informaci\u00f3n y continuidad del negocio para fortalecer la seguridad de la informaci\u00f3n de la Fiduciaria y sus Patrimonios Aut\u00f3nomos dentro de sus pilares fundamentales de confidencialidad, integridad y disponibilidad. Buscamos una persona con alto nivel de orientaci\u00f3n al servicio, trabajo en equipo, innovaci\u00f3n, orientaci\u00f3n a resultados y pensamiento anal\u00edtico. Ofrecemos contrato directo por la compa\u00f1\u00eda y excelentes beneficios.                    En FIDUCOLDEX requerimos para nuestro equipo de trabajo Profesional en Ingenier\u00eda de Sistemas y/o Computaci\u00f3n y/o Inform\u00e1tica e Ingeniero de telecomunicaciones o estudiante de \u00faltimo semestre en las \u00e1reas indicadas con 1 a\u00f1o de experiencia espec\u00edfica indicada en el requisito de experiencia, con conocimientos requeridos en Tecnolog\u00edas de la informaci\u00f3n con \u00e9nfasis en seguridad de la informaci\u00f3n, continuidad del negocio y/o protecci\u00f3n de la informaci\u00f3n y conocimientos b\u00e1sicos en sistemas de gesti\u00f3n de seguridad de la informaci\u00f3n y/o continuidad del negocio, herramientas de seguridad (Firewalls, Proxys, IDS, VPN, PKI), sistemas de comunicaciones y redes de conectividad, sistemas de gesti\u00f3n de riesgos con experiencia general de 2 a\u00f1os preferiblemente en el sector financiero o fiduciario y espec\u00edfica de 6 meses de experiencia en seguridad y privacidad de la informaci\u00f3n y/o continuidad del negocio. Su prop\u00f3sito identificar, proponer e implementar las mejores pr\u00e1cticas de gesti\u00f3n de seguridad y privacidad de la informaci\u00f3n y continuidad del negocio para fortalecer la seguridad de la informaci\u00f3n de la Fiduciaria y sus Patrimonios Aut\u00f3nomos dentro de sus pilares fundamentales de confidencialidad, integridad y disponibilidad. Buscamos una persona con alto nivel de orientaci\u00f3n al servicio, trabajo en equipo, innovaci\u00f3n, orientaci\u00f3n a resultados y pensamiento anal\u00edtico. Ofrecemos contrato directo por la compa\u00f1\u00eda y excelentes beneficios.                            Profesional                            Universitaria            Ingenier\u00eda de sistemas  Computaci\u00f3nIngenier\u00eda de telecomunicacionesAdministraci\u00f3n de sistemas inform\u00e1ticos2 a\u00f1os de experiencia                1                Vacante            Competencias para la vacante                                            herramientas de seguridad Firewalls                                                                                    Proxys                                                                                    IDS                                                                                    VPN                                                                                    PKI                                                                                    sistemas de gesti\u00f3n de seguridad de la informaci\u00f3n                                                                                    continuidad del negocio                                                                                    sistemas de comunicaciones y redes de conectividad                                                                                    sistemas de gesti\u00f3n de riesgos", "tipo_contrato": "Contrato Indefinido", "nivel_educativo": "Universitaria", "categoria": "Profesional", "sector": "Fiduciaria", "experiencia": "2 a\u00f1os de experiencia", "id_empleo": "1884638377", "competencias": "herramientas de seguridad Firewalls,Proxys,IDS,VPN,PKI,sistemas de gesti\u00f3n de seguridad de la informaci\u00f3n,continuidad del negocio,sistemas de comunicaciones y redes de conectividad,sistemas de gesti\u00f3n de riesgos"}