{"url_empleo": "https://www.elempleo.com/co/ofertas-trabajo/ingeniero-de-calidad/1884660917", "fecha_recuperacion": "2021-03-01-22-11", "titulo_oferta": "Ingeniero de calidad", "salario": "Salario a convenir", "ciudad": "Bogot\u00e1", "fecha_publicacion": "Publicado 22 Feb 2021", "area": "Calidad (aseguramiento, gesti\u00f3n ...", "num_vacantes": "1 Vacante", "profesion": "Ingenier\u00eda civil", "descripcion_general": "Descripci\u00f3n general                Empresa prestadora de servicios de ingenier\u00eda, requiere Ingeniero Civil o Ingeniero Industrial, con experiencia general m\u00ednima de 5 a\u00f1os manejando el sistema de gesti\u00f3n de calidad y de \u00e9stos, m\u00ednimo 3 a\u00f1os deben hacer sido ejercidos en empresas de consultor\u00eda (Dise\u00f1o, Interventor\u00eda). Conocimientos Espec\u00edficos/Habilidades: Indispensable Certificado Auditor Interno Integral en las versiones vigentes de las normas ISO 9001, ISO 14001 e ISO 45001. Sistemas de Gesti\u00f3n de Calidad en empresas de consultor\u00eda. Normas Legales Locales. Normatividad asociada al dise\u00f1o de Ingenier\u00eda. Conocimiento en Control Documental. Deseable Ingles                    Empresa prestadora de servicios de ingenier\u00eda, requiere Ingeniero Civil o Ingeniero Industrial, con experiencia general m\u00ednima de 5 a\u00f1os manejando el sistema de gesti\u00f3n de calidad y de \u00e9stos, m\u00ednimo 3 a\u00f1os deben hacer sido ejercidos en empresas de consultor\u00eda (Dise\u00f1o, Interventor\u00eda). Conocimientos Espec\u00edficos/Habilidades: Indispensable Certificado Auditor Interno Integral en las versiones vigentes de las normas ISO 9001, ISO 14001 e ISO 45001. Sistemas de Gesti\u00f3n de Calidad en empresas de consultor\u00eda. Normas Legales Locales. Normatividad asociada al dise\u00f1o de Ingenier\u00eda. Conocimiento en Control Documental. Deseable Ingles                            Profesional                            Universitaria            Ingenier\u00eda civilIngenier\u00eda industrial5 a\u00f1os de experiencia                1                Vacante            Competencias para la vacante                                            sistema de gesti\u00f3n integral                                                                                    calidad                                                                                    Auditoria", "tipo_contrato": "", "nivel_educativo": "Universitaria", "categoria": "Profesional", "sector": "Infraestructura", "experiencia": "5 a\u00f1os de experiencia", "id_empleo": "1884660917", "competencias": "sistema de gesti\u00f3n integral,calidad,Auditoria"}