{"url_empleo": "https://www.elempleo.com/co/ofertas-trabajo/urgente-comunicador-grafico/1884122267", "fecha_recuperacion": "2021-03-01-22-04", "titulo_oferta": "Urgente comunicador gr\u00e1fico", "salario": "$2 a $2,5 millones", "ciudad": "Envigado", "fecha_publicacion": "Publicado 25 Feb 2021", "area": "Mercadeo y Publicidad", "num_vacantes": "1 Vacante", "profesion": "Comunicaci\u00f3n social y periodismo", "descripcion_general": "Descripci\u00f3n general                Importante empresa necesita urgente personal como tu para que haga parte de su equipo de trabajo.Perfil: Profesional en comunicaci\u00f3n gr\u00e1fica, Comunicaciones, Dise\u00f1o Gr\u00e1fico o Publicista, con conocimientos en  Adobe illustrator, photoshop  \u2013 Software relacionado con el cargo (office).Conocimiento y/u operaci\u00f3n de equipos involucrados en el proceso. \tExcelente redacci\u00f3n y ortograf\u00eda.                    Importante empresa necesita urgente personal como tu para que haga parte de su equipo de trabajo.Perfil: Profesional en comunicaci\u00f3n gr\u00e1fica, Comunicaciones, Dise\u00f1o Gr\u00e1fico o Publicista, con conocimientos en  Adobe illustrator, photoshop  \u2013 Software relacionado con el cargo (office).Conocimiento y/u operaci\u00f3n de equipos involucrados en el proceso. \tExcelente redacci\u00f3n y ortograf\u00eda.        Funciones: Dise\u00f1o de la estrategia de comunicaci\u00f3n y mantenimiento de la cultura organizacional\t\t\t\t\t\tAdministraci\u00f3n de los medios de comunicaci\u00f3n de la Compa\u00f1\u00eda\t\t\t\t\t\tRedacci\u00f3n de comunicados internos y externos\t\t\t\t\t\tNegociaci\u00f3n con medios de comunicaci\u00f3n\t\t\t\t\t\tManejo de la identidad visual de empresa, servicio o producto, para generar identidad corporativa      \t\t\t\t\t\tGeneraci\u00f3n de contenidos y aplicaci\u00f3n de estrategias de medios de comunicaci\u00f3n, desde la publicidad\t\t\t\t\t\tConceptualizaci\u00f3n y dise\u00f1o de piezas y proyectos gr\u00e1ficos y publicitarios\t\t\t\t\t\tElaboraci\u00f3n de textos publicitarios como parte de las estrategias de comunicaci\u00f3n\t\t\t\t\t\tEjecuci\u00f3n de otras funciones asignadas por la Compa\u00f1\u00eda o por el Jefe inmediato (reemplazos, nuevas tareas,  actividades laborales en otros cargos o procesos) cuando sea necesario.                Auxiliar, asistencial y otros                            Universitaria            Comunicaci\u00f3n social y periodismo2 a\u00f1os de experienciaComunicador social                1                Vacante                            Requisitos para aplicar                                Funciones: Dise\u00f1o de la estrategia de comunicaci\u00f3n y mantenimiento de la cultura organizacional\t\t\t\t\t\tAdministraci\u00f3n de los medios de comunicaci\u00f3n de la Compa\u00f1\u00eda\t\t\t\t\t\tRedacci\u00f3n de comunicados internos y externos\t\t\t\t\t\tNegociaci\u00f3n con medios de comunicaci\u00f3n\t\t\t\t\t\tManejo de la identidad visual de empresa, servicio o producto, para generar identidad corporativa      \t\t\t\t\t\tGeneraci\u00f3n de contenidos y aplicaci\u00f3n de estrategias de medios de comunicaci\u00f3n, desde la publicidad\t\t\t\t\t\tConceptualizaci\u00f3n y dise\u00f1o de piezas y proyectos gr\u00e1ficos y publicitarios\t\t\t\t\t\tElaboraci\u00f3n de textos publicitarios como parte de las estrategias de comunicaci\u00f3n\t\t\t\t\t\tEjecuci\u00f3n de otras funciones asignadas por la Compa\u00f1\u00eda o por el Jefe inmediato (reemplazos, nuevas tareas,  actividades laborales en otros cargos o procesos) cuando sea necesario.                Competencias para la vacante", "tipo_contrato": "Contrato Indefinido", "nivel_educativo": "Universitaria", "categoria": "Auxiliar, asistencial y otros", "sector": "Abonos, plaguicidas y qu\u00edmicos a...", "experiencia": "2 a\u00f1os de experiencia", "id_empleo": "1884122267", "competencias": ""}