{"url_empleo": "https://www.elempleo.com/co/ofertas-trabajo/auxiliar-de-enfermeria-supernumerario/1884670549", "fecha_recuperacion": "2021-03-01-22-14", "titulo_oferta": "Auxiliar de enfermeria supernumerario", "salario": "$1 a $1,5 millones", "ciudad": "Bogot\u00e1", "fecha_publicacion": "Publicado 19 Feb 2021", "area": "Salud", "num_vacantes": "1 Vacante", "profesion": "Enfermer\u00eda", "descripcion_general": "Descripci\u00f3n general                Nos encontramos en la b\u00fasqueda de AUXILIAR DE ENFERMER\u00cdA SUPERNUMERARIO encargado del cubrimiento por Contingencia Covid \u2013 19, con disponibilidad para movilizarse entre nuestros 5 centros m\u00e9dicos ubicados en la ciudad de Bogot\u00e1, con atenci\u00f3n a pacientes de plan obligatorio y p\u00f3liza de salud.El enfoque del cargo es garantizar la asistencia oportuna e inmediata de los procesos asistenciales del \u00e1rea de enfermer\u00eda desde consulta externa, siguiendo rigurosamente los protocolos planteados por la instituci\u00f3n para garantizar el cumplimiento de los est\u00e1ndares de habilitaci\u00f3n y acreditaci\u00f3n de la sede en la que sea asignado, as\u00ed como mantener un trato humano, seguro y diferencial en la atenci\u00f3n de los pacientes sus familias. Contrato laboral directo con la fundaci\u00f3n, Fijo 3 meses. Salario $1.101.952 + Prestaciones sociales + beneficios no salariales. Horarios Rotativos de lunes a s\u00e1bado en jornada laboral a necesidad del servicio. Contar con disponibilidad y cambio de horario, as\u00ed como desplazamiento a diferentes centros m\u00e9dicos seg\u00fan programaci\u00f3n. Requisitos:Auxiliar de Enfermer\u00eda graduada con experiencia m\u00ednimo de un a\u00f1o en el \u00e1rea asistencial.                    Nos encontramos en la b\u00fasqueda de AUXILIAR DE ENFERMER\u00cdA SUPERNUMERARIO encargado del cubrimiento por Contingencia Covid \u2013 19, con disponibilidad para movilizarse entre nuestros 5 centros m\u00e9dicos ubicados en la ciudad de Bogot\u00e1, con atenci\u00f3n a pacientes de plan obligatorio y p\u00f3liza de salud.El enfoque del cargo es garantizar la asistencia oportuna e inmediata de los procesos asistenciales del \u00e1rea de enfermer\u00eda desde consulta externa, siguiendo rigurosamente los protocolos planteados por la instituci\u00f3n para garantizar el cumplimiento de los est\u00e1ndares de habilitaci\u00f3n y acreditaci\u00f3n de la sede en la que sea asignado, as\u00ed como mantener un trato humano, seguro y diferencial en la atenci\u00f3n de los pacientes sus familias. Contrato laboral directo con la fundaci\u00f3n, Fijo 3 meses. Salario $1.101.952 + Prestaciones sociales + beneficios no salariales. Horarios Rotativos de lunes a s\u00e1bado en jornada laboral a necesidad del servicio. Contar con disponibilidad y cambio de horario, as\u00ed como desplazamiento a diferentes centros m\u00e9dicos seg\u00fan programaci\u00f3n. Requisitos:Auxiliar de Enfermer\u00eda graduada con experiencia m\u00ednimo de un a\u00f1o en el \u00e1rea asistencial.                            Auxiliar, asistencial y otros                            Formaci\u00f3n Tec profesional            Enfermer\u00eda1 a\u00f1o de experiencia                1                Vacante            Competencias para la vacante                                            auxiliar de enfermeria                                                                                    entidad promotora de salud                                                                                    Instituto prestador de salud                                                                                    consulta externa                                                                                    enfermeria", "tipo_contrato": "Contrato Definido", "nivel_educativo": "Formaci\u00f3n Tec profesional", "categoria": "Auxiliar, asistencial y otros", "sector": "Salud, trabajo y seguridad social", "experiencia": "1 a\u00f1o de experiencia", "id_empleo": "1884670549", "competencias": "auxiliar de enfermeria,entidad promotora de salud,Instituto prestador de salud,consulta externa,enfermeria"}