{"url_empleo": "https://www.elempleo.com/co/ofertas-trabajo/ejecutivo-comercial-externo-antioquia/1884664332", "fecha_recuperacion": "2021-03-01-22-09", "titulo_oferta": "Ejecutivo comercial externo antioquia", "salario": "$2 a $2,5 millones", "ciudad": "Medell\u00edn", "fecha_publicacion": "Publicado 23 Feb 2021", "area": "Ventas", "num_vacantes": "1 Vacante", "profesion": "Administraci\u00f3n de empresas", "descripcion_general": "Descripci\u00f3n general                Si  te apasionan las ventas esta oferta es para ti! Importante empresa del sector Intangible requiere vendedor para la ciudad de ANTIOQUIA Bachiller, t\u00e9cnico y/o tecn\u00f3logo en carreras como servicio al cliente, mercadeo y ventas, con experiencia m\u00ednima de 1 a\u00f1o en el \u00e1rea comercial en venta de productos intangibles y/o ventas externas. Contrato a t\u00e9rmino indefinido+ $ 1.000.000 salario b\u00e1sico +tabla comisional prestacional +bonificaciones sin TECHO. Participa el pr\u00f3ximo 22 de diciembre ingresa al siguiente  ****.******.*******-****-*** hora 8:00 Am o env\u00edanos tu hoja de vida ***********@*****.***.**            Si  te apasionan las ventas esta oferta es para ti! Importante empresa del sector Intangible requiere vendedor para la ciudad de ANTIOQUIA Bachiller, t\u00e9cnico y/o tecn\u00f3logo en carreras como servicio al cliente, mercadeo y ventas, con experiencia m\u00ednima de 1 a\u00f1o en el \u00e1rea comercial en venta de productos intangibles y/o ventas externas. Contrato a t\u00e9rmino indefinido+ $ 1.000.000 salario b\u00e1sico +tabla comisional prestacional +bonificaciones sin TECHO. Participa el pr\u00f3ximo 22 de diciembre ingresa al siguiente  ****.******.*******-****-*** hora 8:00 Am o env\u00edanos tu hoja de vida ***********@*****.***.**                Auxiliar, asistencial y otros                            Media (10\u00b0 - 13\u00b0)            Administraci\u00f3n de empresas1 a\u00f1o de experiencia                1                Vacante            Competencias para la vacante                                            ventas                                                                                    vendedor intangible                                                                                    chia                                                                                    cajica", "tipo_contrato": "Contrato Indefinido", "nivel_educativo": "Media (10\u00b0 - 13\u00b0)", "categoria": "Auxiliar, asistencial y otros", "sector": "Educaci\u00f3n, cultura y turismo", "experiencia": "1 a\u00f1o de experiencia", "id_empleo": "1884664332", "competencias": "ventas,vendedor intangible,chia,cajica"}