{"url_empleo": "https://www.elempleo.com/co/ofertas-trabajo/domiciliario-con-moto/1884656273", "fecha_recuperacion": "2021-03-01-22-12", "titulo_oferta": "Domiciliario con moto", "salario": "$1 a $1,5 millones", "ciudad": "Cali", "fecha_publicacion": "Publicado 19 Feb 2021", "area": "Consumo masivo", "num_vacantes": "1 Vacante", "profesion": "Bachillerato Acad\u00e9mico", "descripcion_general": "Descripci\u00f3n general                Importante multinacional requiere domiciliario con moto para la ciudad de Cali . Experiencia requerida; 1 a\u00f1o minimo como domiciliario o mensajero. Horario; Rotativo 8 horas diarias domingo a domingo un compensatorio entre semana Salario: SMLV + 1400 por domicilio entregado mas prestaciones de ley Contrato a termino indefinido con la compa\u00f1\u00eda                    Importante multinacional requiere domiciliario con moto para la ciudad de Cali . Experiencia requerida; 1 a\u00f1o minimo como domiciliario o mensajero. Horario; Rotativo 8 horas diarias domingo a domingo un compensatorio entre semana Salario: SMLV + 1400 por domicilio entregado mas prestaciones de ley Contrato a termino indefinido con la compa\u00f1\u00eda                            Auxiliar, asistencial y otros                            Media (10\u00b0 - 13\u00b0)            Bachillerato Acad\u00e9micoMenos de un a\u00f1o de experiencia                1                Vacante            Competencias para la vacante                                            servicio al cliente                                                                                    auxiliar                                                                                    mensajero                                                                                    domiciliario", "tipo_contrato": "Contrato Indefinido", "nivel_educativo": "Media (10\u00b0 - 13\u00b0)", "categoria": "Auxiliar, asistencial y otros", "sector": "Distribuci\u00f3n / Consumo masivo de...", "experiencia": "Menos de un a\u00f1o de experiencia", "id_empleo": "1884656273", "competencias": "servicio al cliente,auxiliar,mensajero,domiciliario"}