{"url_empleo": "https://www.elempleo.com/co/ofertas-trabajo/jefe-de-tienda-cali/1884649637", "fecha_recuperacion": "2021-03-01-22-01", "titulo_oferta": "Jefe de tienda cali", "salario": "$2,5 a $3 millones", "ciudad": "Cali", "fecha_publicacion": "Publicado 1 Mar 2021", "area": "Comercial, Ventas y Telemercadeo", "num_vacantes": "1 Vacante", "profesion": "Otros", "descripcion_general": "Descripci\u00f3n general                En tiendas ara nuestro prop\u00f3sito es democratizar alimentos de calidad para que est\u00e9n al alcance de todos los colombianos. Nuestro compromiso es velar por el bienestar de nuestros colaboradores, sus familias y por el cuidado del medio ambiente, apostamos por Colombia y donde estamos presentes somos el mejor vecino.    Tendr\u00e1s la oportunidad de administrar correctamente los recursos asignados a tu tienda, inspirar a un equipo de alto rendimiento y  liderar y acompa\u00f1ar los procedimientos operativos.    Alimentar\u00e1s tu futuro, trabajando en una prestigiosa compa\u00f1\u00eda que est\u00e1 creciendo con Colombia.    LO QUE NECESITAMOS DE TI  Ser apasionado por el servicio al cliente, tener la mejor actitud y disposici\u00f3n para aprender y realizar m\u00faltiples tareas en equipo.  Haber tenido experiencia reciente superior a 1 a\u00f1o desempe\u00f1\u00e1ndote como coordinador o administrador en puntos de venta, liderando equipos de trabajo, garantizando el seguimiento y cumplimiento de indicadores de gesti\u00f3n.  Tener disponibilidad para atender nuestras tiendas que est\u00e1n abiertas todos los d\u00edas. Tendr\u00e1s turnos rotativos y un d\u00eda de descanso entre semana.    Tendr\u00e1s un Salario b\u00e1sico entre $2,000,000 y $2,779,000  + Auxilio de alimentaci\u00f3n por $140.000 y todas las prestaciones de ley.    Recuerda que todos los procesos de selecci\u00f3n de Jer\u00f3nimo Martins - Tiendas ara son directos con la compa\u00f1\u00eda y son totalmente gratis en todas las etapas.    Aplica ya, queremos contar contigo!                    En tiendas ara nuestro prop\u00f3sito es democratizar alimentos de calidad para que est\u00e9n al alcance de todos los colombianos. Nuestro compromiso es velar por el bienestar de nuestros colaboradores, sus familias y por el cuidado del medio ambiente, apostamos por Colombia y donde estamos presentes somos el mejor vecino.    Tendr\u00e1s la oportunidad de administrar correctamente los recursos asignados a tu tienda, inspirar a un equipo de alto rendimiento y  liderar y acompa\u00f1ar los procedimientos operativos.    Alimentar\u00e1s tu futuro, trabajando en una prestigiosa compa\u00f1\u00eda que est\u00e1 creciendo con Colombia.    LO QUE NECESITAMOS DE TI  Ser apasionado por el servicio al cliente, tener la mejor actitud y disposici\u00f3n para aprender y realizar m\u00faltiples tareas en equipo.  Haber tenido experiencia reciente superior a 1 a\u00f1o desempe\u00f1\u00e1ndote como coordinador o administrador en puntos de venta, liderando equipos de trabajo, garantizando el seguimiento y cumplimiento de indicadores de gesti\u00f3n.  Tener disponibilidad para atender nuestras tiendas que est\u00e1n abiertas todos los d\u00edas. Tendr\u00e1s turnos rotativos y un d\u00eda de descanso entre semana.    Tendr\u00e1s un Salario b\u00e1sico entre $2,000,000 y $2,779,000  + Auxilio de alimentaci\u00f3n por $140.000 y todas las prestaciones de ley.    Recuerda que todos los procesos de selecci\u00f3n de Jer\u00f3nimo Martins - Tiendas ara son directos con la compa\u00f1\u00eda y son totalmente gratis en todas las etapas.    Aplica ya, queremos contar contigo!                            Gerente                            Tecnol\u00f3gica            Otros4 a\u00f1os de experiencia                1                Vacante            Competencias para la vacante                                            gerente                                                                                    coordinador                                                                                    jefe                                                                                    supervisor", "tipo_contrato": "Contrato Definido", "nivel_educativo": "Tecnol\u00f3gica", "categoria": "Gerente", "sector": "Consumo masivo", "experiencia": "4 a\u00f1os de experiencia", "id_empleo": "1884649637", "competencias": "gerente,coordinador,jefe,supervisor"}