{"url_empleo": "https://www.elempleo.com/co/ofertas-trabajo/jefe-de-enfermeria-p-y-p-cali/1884672761", "fecha_recuperacion": "2021-03-01-22-14", "titulo_oferta": "Jefe de enfermer\u00eda p y p - cali", "salario": "$2,5 a $3 millones", "ciudad": "Cali", "fecha_publicacion": "Publicado 18 Feb 2021", "area": "Salud", "num_vacantes": "1 Vacante", "profesion": "Enfermer\u00eda", "descripcion_general": "Descripci\u00f3n general                Nos encontramos en la b\u00fasqueda de JEFE DE ENFERMERIA P Y P quien trabajar\u00e1 en nuestro nuevo centro m\u00e9dico ubicado en la ciudad de Cali, con atenci\u00f3n a pacientes de Plan Obligatorio de Salud.  La misi\u00f3n del cargo consiste en garantizar la atenci\u00f3n desde consulta externa a todo tipo de pacientes, seguimientos programas de P y P, manejo de bases de datos, entre otras funciones que garanticen una atenci\u00f3n diferenciada y c\u00e1lida a los usuarios, adem\u00e1s del cumplimiento de la normatividad de habilitaci\u00f3n y acreditaci\u00f3n asociada al cargo.  Disponibilidad de Tiempo completo de lunes a viernes de 7:00 am a 5:00 pm y un s\u00e1bado cada quince d\u00edas de 7:00 am a 1:00 pm. Contrato laboral directo con la fundaci\u00f3n a t\u00e9rmino indefinido. Asignaci\u00f3n salarial de $ 2.503.656 + Prestaciones de ley + Plan de beneficios no salariales.  REQUISITOS:-Profesional en Enfermer\u00eda graduado, con Experiencia m\u00ednima de 1 a\u00f1o en consulta externa P y P.-Certificado Curso en Atenci\u00f3n a v\u00edctimas de violencia sexual y maltrato.- Certificado Curso de Toma de citolog\u00eda cervicouterina (Indispensable)                    Nos encontramos en la b\u00fasqueda de JEFE DE ENFERMERIA P Y P quien trabajar\u00e1 en nuestro nuevo centro m\u00e9dico ubicado en la ciudad de Cali, con atenci\u00f3n a pacientes de Plan Obligatorio de Salud.  La misi\u00f3n del cargo consiste en garantizar la atenci\u00f3n desde consulta externa a todo tipo de pacientes, seguimientos programas de P y P, manejo de bases de datos, entre otras funciones que garanticen una atenci\u00f3n diferenciada y c\u00e1lida a los usuarios, adem\u00e1s del cumplimiento de la normatividad de habilitaci\u00f3n y acreditaci\u00f3n asociada al cargo.  Disponibilidad de Tiempo completo de lunes a viernes de 7:00 am a 5:00 pm y un s\u00e1bado cada quince d\u00edas de 7:00 am a 1:00 pm. Contrato laboral directo con la fundaci\u00f3n a t\u00e9rmino indefinido. Asignaci\u00f3n salarial de $ 2.503.656 + Prestaciones de ley + Plan de beneficios no salariales.  REQUISITOS:-Profesional en Enfermer\u00eda graduado, con Experiencia m\u00ednima de 1 a\u00f1o en consulta externa P y P.-Certificado Curso en Atenci\u00f3n a v\u00edctimas de violencia sexual y maltrato.- Certificado Curso de Toma de citolog\u00eda cervicouterina (Indispensable)                            Profesional                            Universitaria            Enfermer\u00eda1 a\u00f1o de experiencia                1                Vacante            Competencias para la vacante                                            Jefe de enfermeria                                                                                    Jefe de enfermeria PYP                                                                                    Salud", "tipo_contrato": "Contrato Indefinido", "nivel_educativo": "Universitaria", "categoria": "Profesional", "sector": "Salud, trabajo y seguridad social", "experiencia": "1 a\u00f1o de experiencia", "id_empleo": "1884672761", "competencias": "Jefe de enfermeria,Jefe de enfermeria PYP,Salud"}