{"url_empleo": "https://www.elempleo.com/co/ofertas-trabajo/analista-de-nomina/1884597393", "fecha_recuperacion": "2021-03-01-22-01", "titulo_oferta": "Analista de nomina", "salario": "Salario a convenir", "ciudad": "Bogot\u00e1", "fecha_publicacion": "Publicado 1 Mar 2021", "area": "Recursos Humanos y Adm\u00f3n. de Per...", "num_vacantes": "1 Vacante", "profesion": "Ingenier\u00eda industrial", "descripcion_general": "Descripci\u00f3n general                Importante Instituci\u00f3n de salud de alto nivel de complejidad requiere para su equipo de trabajo Analista de Nomina con experiencia en manejo de aplicativo kactus y disponibilidad inmediata, contrato directamente con La Clinica.                    Importante Instituci\u00f3n de salud de alto nivel de complejidad requiere para su equipo de trabajo Analista de Nomina con experiencia en manejo de aplicativo kactus y disponibilidad inmediata, contrato directamente con La Clinica.                            Profesional                            Universitaria            Ingenier\u00eda industrialAdministraci\u00f3n de personal1 a\u00f1o de experiencia                1                Vacante            Competencias para la vacante                                            nomina y prestaciones sociales", "tipo_contrato": "Contrato Indefinido", "nivel_educativo": "Universitaria", "categoria": "Profesional", "sector": "Salud, trabajo y seguridad social", "experiencia": "1 a\u00f1o de experiencia", "id_empleo": "1884597393", "competencias": "nomina y prestaciones sociales"}