{"url_empleo": "https://www.elempleo.com/co/ofertas-trabajo/asesor-negocios-institucionales-pyme-cali/1884600160", "fecha_recuperacion": "2021-03-01-22-08", "titulo_oferta": "Asesor negocios institucionales pyme - cali", "salario": "Salario a convenir", "ciudad": "Cali", "fecha_publicacion": "Publicado 24 Feb 2021", "area": "Administrativa y Financiera", "num_vacantes": "1 Vacante", "profesion": "Administraci\u00f3n de empresas", "descripcion_general": "Descripci\u00f3n general                En Protecci\u00f3n queremos contar con talentos apasionados como t\u00fa que nos ayuden a cumplir el sue\u00f1o de los Colombianos, mientras cumplen los propios.Principales responsabilidades:  Fidelizar los clientes que ya tenemos y hacer captaci\u00f3n de clientes nuevos para nuestros productos de Pensiones Obligatorias y Cesantias. La posici\u00f3n es para la ciudad de Cali. \u00bfQu\u00e9 estamos buscando? Tecnologos, Estudiantes de \u00faltimos semestres o Profesional en carreras administrativas, comerciales y/o afines. Experiencia de m\u00ednimo 1 a\u00f1o en como asesor comercial externo preferiblemente en productos intangibles.Competencias blandas planeaci\u00f3n, persuasi\u00f3n, negociaci\u00f3n.\u00bfQu\u00e9 te ofrecemos? Un salario m\u00ednimo garantizado + comisiones sin tope + auxilio de movilizaci\u00f3n y la participaci\u00f3n en concursos comerciales.Horario:Lunes a Jueves de 7:30 a.m. a 5:00 p.m.Viernes, Happy Friday,  jornada continua de 7:00 a.m. a 2:00 p.m.  Somos una empresa incluyente y diversa, que le apuesta al desarrollo de su talento, a la innovaci\u00f3n permanente y al aprendizaje constante. \u00a1Gracias por querer ser parte de nuestro equipo!                    En Protecci\u00f3n queremos contar con talentos apasionados como t\u00fa que nos ayuden a cumplir el sue\u00f1o de los Colombianos, mientras cumplen los propios.Principales responsabilidades:  Fidelizar los clientes que ya tenemos y hacer captaci\u00f3n de clientes nuevos para nuestros productos de Pensiones Obligatorias y Cesantias. La posici\u00f3n es para la ciudad de Cali. \u00bfQu\u00e9 estamos buscando? Tecnologos, Estudiantes de \u00faltimos semestres o Profesional en carreras administrativas, comerciales y/o afines. Experiencia de m\u00ednimo 1 a\u00f1o en como asesor comercial externo preferiblemente en productos intangibles.Competencias blandas planeaci\u00f3n, persuasi\u00f3n, negociaci\u00f3n.\u00bfQu\u00e9 te ofrecemos? Un salario m\u00ednimo garantizado + comisiones sin tope + auxilio de movilizaci\u00f3n y la participaci\u00f3n en concursos comerciales.Horario:Lunes a Jueves de 7:30 a.m. a 5:00 p.m.Viernes, Happy Friday,  jornada continua de 7:00 a.m. a 2:00 p.m.  Somos una empresa incluyente y diversa, que le apuesta al desarrollo de su talento, a la innovaci\u00f3n permanente y al aprendizaje constante. \u00a1Gracias por querer ser parte de nuestro equipo!                            Profesional                            Universitaria            Administraci\u00f3n de empresas1 a\u00f1o de experiencia                1                Vacante            Competencias para la vacante                                            comerciales                                                                                    ventas                                                                                    asesora                                                                                    asesor", "tipo_contrato": "Contrato Definido", "nivel_educativo": "Universitaria", "categoria": "Profesional", "sector": "Fondos de pensiones", "experiencia": "1 a\u00f1o de experiencia", "id_empleo": "1884600160", "competencias": "comerciales,ventas,asesora,asesor"}