{"url_empleo": "https://www.elempleo.com/co/ofertas-trabajo/auxiliar-administrativo-de-nomina/1884392917", "fecha_recuperacion": "2021-03-01-22-02", "titulo_oferta": "Auxiliar administrativo de nomina", "salario": "$1 a $1,5 millones", "ciudad": "Bogot\u00e1", "fecha_publicacion": "Publicado 1 Mar 2021", "area": "Recursos Humanos y Adm\u00f3n. de Per...", "num_vacantes": "1 Vacante", "profesion": "Tecnolog\u00eda en Gesti\u00f3n Administra...", "descripcion_general": "Descripci\u00f3n general                Importante empresa requiere para su equipo de trabajo T\u00e9cnico en \u00e1reas administrativas, n\u00f3mina o en Gesti\u00f3n del Talento Humano, para laborar como auxiliar administrativo de n\u00f3mina dentro de sus funciones se encuentra realizar las actividades de documentaci\u00f3n, archivo y soporte al proceso de n\u00f3mina cumpliendo con los procedimientos organizacionales y normatividad legal vigente. Debe contar con experiencia m\u00ednima de un a\u00f1o en cargos afines. Salario: $1.341.215 Horario: Lunes a Viernes 8am a 530pm y s\u00e1bados medio d\u00eda. Contrato a termino indefinido                    Importante empresa requiere para su equipo de trabajo T\u00e9cnico en \u00e1reas administrativas, n\u00f3mina o en Gesti\u00f3n del Talento Humano, para laborar como auxiliar administrativo de n\u00f3mina dentro de sus funciones se encuentra realizar las actividades de documentaci\u00f3n, archivo y soporte al proceso de n\u00f3mina cumpliendo con los procedimientos organizacionales y normatividad legal vigente. Debe contar con experiencia m\u00ednima de un a\u00f1o en cargos afines. Salario: $1.341.215 Horario: Lunes a Viernes 8am a 530pm y s\u00e1bados medio d\u00eda. Contrato a termino indefinido                            Auxiliar, asistencial y otros                            T\u00e9cnico Laboral            Tecnolog\u00eda en Gesti\u00f3n Administrativa1 a\u00f1o de experiencia                1                Vacante            Competencias para la vacante                                            nomina", "tipo_contrato": "", "nivel_educativo": "T\u00e9cnico Laboral", "categoria": "Auxiliar, asistencial y otros", "sector": "Otros servicios", "experiencia": "1 a\u00f1o de experiencia", "id_empleo": "1884392917", "competencias": "nomina"}