{"url_empleo": "https://www.elempleo.com/co/ofertas-trabajo/asistente-electrico-yo-de-refigeracion/1884628789", "fecha_recuperacion": "2021-03-01-22-15", "titulo_oferta": "Asistente el\u00e9ctrico y/o de refigeraci\u00f3n", "salario": "$1 a $1,5 millones", "ciudad": "Medell\u00edn", "fecha_publicacion": "Publicado 18 Feb 2021", "area": "Construcci\u00f3n y Obra", "num_vacantes": "1 Vacante", "profesion": "Administraci\u00f3n de obras civiles", "descripcion_general": "Descripci\u00f3n general                Importante empresa requiere T\u00e9cnico profesional en refrigeraci\u00f3n y Aire acondicionado. Con experiencia de 2 a\u00f1os en trabajo de sistemas de refrigeraci\u00f3n y Aire acondicionadoCONOCIMIENTO Sistemas de refrigeraci\u00f3n, aire acondicionado, ventilaci\u00f3n mec\u00e1nica, extracci\u00f3n, hidr\u00e1ulicos, sistema de presi\u00f3n, manejo de tuber\u00edas industriales, elementos de corte, restricci\u00f3n y control de sistemas hidr\u00e1ulicos, conocimiento en bombas de agua, conocimiento b\u00e1sicos de motores y tableros de control. REQUISITOS Certificados de estudios culminados del nivel educativo solicitado, curso vigente de trabajo en alturas.                    Importante empresa requiere T\u00e9cnico profesional en refrigeraci\u00f3n y Aire acondicionado. Con experiencia de 2 a\u00f1os en trabajo de sistemas de refrigeraci\u00f3n y Aire acondicionadoCONOCIMIENTO Sistemas de refrigeraci\u00f3n, aire acondicionado, ventilaci\u00f3n mec\u00e1nica, extracci\u00f3n, hidr\u00e1ulicos, sistema de presi\u00f3n, manejo de tuber\u00edas industriales, elementos de corte, restricci\u00f3n y control de sistemas hidr\u00e1ulicos, conocimiento en bombas de agua, conocimiento b\u00e1sicos de motores y tableros de control. REQUISITOS Certificados de estudios culminados del nivel educativo solicitado, curso vigente de trabajo en alturas.                            Auxiliar, asistencial y otros                            T\u00e9cnico Laboral            Administraci\u00f3n de obras civiles2 a\u00f1os de experiencia                1                Vacante            Competencias para la vacante                                            Refrigeraci\u00f3n                                                                                    electricidad", "tipo_contrato": "Contrato Indefinido", "nivel_educativo": "T\u00e9cnico Laboral", "categoria": "Auxiliar, asistencial y otros", "sector": "Alimentos / Bebidas", "experiencia": "2 a\u00f1os de experiencia", "id_empleo": "1884628789", "competencias": "Refrigeraci\u00f3n,electricidad"}