{"url_empleo": "https://www.elempleo.com/co/ofertas-trabajo/jefe-de-produccion/1884651108", "fecha_recuperacion": "2021-03-01-22-05", "titulo_oferta": "Jefe de producci\u00f3n", "salario": "$2,5 a $3 millones", "ciudad": "Bogot\u00e1", "fecha_publicacion": "Publicado 25 Feb 2021", "area": "Producci\u00f3n", "num_vacantes": "1 Vacante", "profesion": "Otros", "descripcion_general": "Descripci\u00f3n general                Importante empresa del sector requiere jefe de producci\u00f3n con minimo 3 a\u00f1os de experiencia en el sector de alimentos preferiblemente procesamiento de fruta. Funciones:-Consignar la informaci\u00f3n solicitada en el programa de producci\u00f3n semanal a cabalidad, as\u00ed como las novedades presentadas.-Implementar estrategias para la puesta en marcha del plan de mejora continua, garantizando los cambios solicitados y su posible mejora.-Solicitar y coordinar los recursos necesarios al director de producci\u00f3n para garantizar el cumplimiento del programa.-Disponibilidad de turnos rotativos de 12 horas durante 4 d\u00edas a la semana u 8 horas 6 d\u00edas a la semana, as\u00ed como el requerimiento extra espor\u00e1dico que pueda presentarse.-Capacitarse en cada una de las operaciones de la planta, e implementar el plan de estandarizaci\u00f3n hacia los operarios. Horario: turnos rotativos Contrato: IndefinidoSalario: $2500000 + Auxilio no prestacional $ 674.000                    Importante empresa del sector requiere jefe de producci\u00f3n con minimo 3 a\u00f1os de experiencia en el sector de alimentos preferiblemente procesamiento de fruta. Funciones:-Consignar la informaci\u00f3n solicitada en el programa de producci\u00f3n semanal a cabalidad, as\u00ed como las novedades presentadas.-Implementar estrategias para la puesta en marcha del plan de mejora continua, garantizando los cambios solicitados y su posible mejora.-Solicitar y coordinar los recursos necesarios al director de producci\u00f3n para garantizar el cumplimiento del programa.-Disponibilidad de turnos rotativos de 12 horas durante 4 d\u00edas a la semana u 8 horas 6 d\u00edas a la semana, as\u00ed como el requerimiento extra espor\u00e1dico que pueda presentarse.-Capacitarse en cada una de las operaciones de la planta, e implementar el plan de estandarizaci\u00f3n hacia los operarios. Horario: turnos rotativos Contrato: IndefinidoSalario: $2500000 + Auxilio no prestacional $ 674.000                            Profesional                            Universitaria            Otros3 a\u00f1os de experiencia                1                Vacante            Competencias para la vacante                                            jefe de producci\u00f3n                                                                                    supervisor de producci\u00f3n                                                                                    coordinador de producci\u00f3n                                                                                    l\u00edder de producci\u00f3n", "tipo_contrato": "", "nivel_educativo": "Universitaria", "categoria": "Profesional", "sector": "Alimentos / Bebidas", "experiencia": "3 a\u00f1os de experiencia", "id_empleo": "1884651108", "competencias": "jefe de producci\u00f3n,supervisor de producci\u00f3n,coordinador de producci\u00f3n,l\u00edder de producci\u00f3n"}