{"url_empleo": "https://www.elempleo.com/co/ofertas-trabajo/coordinador-de-almacen/1884650631", "fecha_recuperacion": "2021-03-01-22-17", "titulo_oferta": "Coordinador de almacen", "salario": "$2 a $2,5 millones", "ciudad": "Bogot\u00e1", "fecha_publicacion": "Publicado 17 Feb 2021", "area": "Log\u00edstica y Distribuci\u00f3n", "num_vacantes": "1 Vacante", "profesion": "Administraci\u00f3n de empresas", "descripcion_general": "Descripci\u00f3n general                Profesional, conocimientos en office, SAP con nivel de dominio intermedio manejo del m\u00f3dulo MM. Experiencia, experiencia laboral espec\u00edfica en manejo de centros de distribuci\u00f3n superior a 3 a\u00f1os Conocimientos de Inventarios: rotaci\u00f3n, toma f\u00edsica, ajustes, costeo, depreciaci\u00f3n, Indicadores de gesti\u00f3n, Seguridad Industrial, Manejo de personal. Conocimientos de distribuci\u00f3n en planta (LAYOUT) y manejo de materiales peligrosos.                    Profesional, conocimientos en office, SAP con nivel de dominio intermedio manejo del m\u00f3dulo MM. Experiencia, experiencia laboral espec\u00edfica en manejo de centros de distribuci\u00f3n superior a 3 a\u00f1os Conocimientos de Inventarios: rotaci\u00f3n, toma f\u00edsica, ajustes, costeo, depreciaci\u00f3n, Indicadores de gesti\u00f3n, Seguridad Industrial, Manejo de personal. Conocimientos de distribuci\u00f3n en planta (LAYOUT) y manejo de materiales peligrosos.                            Profesional                            Universitaria            Administraci\u00f3n de empresas3 a\u00f1os de experiencia                1                Vacante            Competencias para la vacante                                            Logistica                                                                                    almacenista                                                                                    coordinador                                                                                    almacen", "tipo_contrato": "Contrato Definido", "nivel_educativo": "Universitaria", "categoria": "Profesional", "sector": "Construcci\u00f3n", "experiencia": "3 a\u00f1os de experiencia", "id_empleo": "1884650631", "competencias": "Logistica,almacenista,coordinador,almacen"}