{"url_empleo": "https://www.elempleo.com/co/ofertas-trabajo/residente-de-seguridad-industrial-y-salud-ocupacional/1884671633", "fecha_recuperacion": "2021-03-01-22-11", "titulo_oferta": "Residente de seguridad industrial y salud ocupacional", "salario": "$4,5 a $5,5 millones", "ciudad": "Bogot\u00e1", "fecha_publicacion": "Publicado 22 Feb 2021", "area": "Seguridad Industrial, Ambiental ...", "num_vacantes": "1 Vacante", "profesion": "Ingenier\u00eda civil", "descripcion_general": "Descripci\u00f3n general                Profesional con licencia en seguridad y salud en el trabajo, con mas de 6 a\u00f1os de experiencia profesional, en proyectos de construcci\u00f3n de excavaciones profundas, con curso vigente como coordinador de alturas y auditor interno.                    Profesional con licencia en seguridad y salud en el trabajo, con mas de 6 a\u00f1os de experiencia profesional, en proyectos de construcci\u00f3n de excavaciones profundas, con curso vigente como coordinador de alturas y auditor interno.                            Profesional                            Especializaci\u00f3n            Ingenier\u00eda civilIngenier\u00eda industrialIngenier\u00eda ambiental  Forestal6 a\u00f1os de experiencia                1                Vacante            Competencias para la vacante                                            Excavaci\u00f3n", "tipo_contrato": "Contrato Por obra o labor", "nivel_educativo": "Especializaci\u00f3n", "categoria": "Profesional", "sector": "Construcci\u00f3n", "experiencia": "6 a\u00f1os de experiencia", "id_empleo": "1884671633", "competencias": "Excavaci\u00f3n"}