{"url_empleo": "https://www.elempleo.com/co/ofertas-trabajo/supervisor-de-lodos-en-perforacion-horizontal-dirigida-barrancabermeja-santander/1884663150", "fecha_recuperacion": "2021-03-01-22-03", "titulo_oferta": "Supervisor de lodos en perforacion horizontal dirigida - barrancabermeja santander", "salario": "$3,5 a $4 millones", "ciudad": "Barrancabermeja", "fecha_publicacion": "Publicado 26 Feb 2021", "area": "Construcci\u00f3n y Obra", "num_vacantes": "1 Vacante", "profesion": "Ingenier\u00eda de petr\u00f3leos", "descripcion_general": "Descripci\u00f3n general                BARRANCABERMEJA SANTANDER SI NO CUMPLE CON EL PERFIL POR FAVOR NO APLICAR A LA OFERTA - SU HOJA DE VIDA NO SE TENDR\u00c1 EN CUENTA Supervisor con cinco (5) a\u00f1os de experiencia general en el sector OIL & GAS y tres (3) a\u00f1os de experiencia especifica en el cargo en contratos de perforaci\u00f3n con lodos para l\u00edneas mayor o igual a 8\u201d.  Experiencia espec\u00edfica certificada Como Supervisor de LODOS de proyectos en construcci\u00f3n omantenimiento de l\u00edneas de transporte deOIL & GAS, construcci\u00f3n y mantenimiento de tuber\u00eda, ejecuci\u00f3n de Perforaci\u00f3n Horizontal Dirigida.                    BARRANCABERMEJA SANTANDER SI NO CUMPLE CON EL PERFIL POR FAVOR NO APLICAR A LA OFERTA - SU HOJA DE VIDA NO SE TENDR\u00c1 EN CUENTA Supervisor con cinco (5) a\u00f1os de experiencia general en el sector OIL & GAS y tres (3) a\u00f1os de experiencia especifica en el cargo en contratos de perforaci\u00f3n con lodos para l\u00edneas mayor o igual a 8\u201d.  Experiencia espec\u00edfica certificada Como Supervisor de LODOS de proyectos en construcci\u00f3n omantenimiento de l\u00edneas de transporte deOIL & GAS, construcci\u00f3n y mantenimiento de tuber\u00eda, ejecuci\u00f3n de Perforaci\u00f3n Horizontal Dirigida.                            Profesional Junior                            Universitaria            Ingenier\u00eda de petr\u00f3leosConstrucci\u00f3n4 a\u00f1os de experiencia                1                Vacante            Competencias para la vacante                                            LODOS                                                                                    PERFORACION HORIZONTAL DIRIGIDA", "tipo_contrato": "Contrato Por obra o labor", "nivel_educativo": "Universitaria", "categoria": "Profesional Junior", "sector": "Compa\u00f1ias petroleras", "experiencia": "4 a\u00f1os de experiencia", "id_empleo": "1884663150", "competencias": "LODOS,PERFORACION HORIZONTAL DIRIGIDA"}