{"url_empleo": "https://www.elempleo.com/co/ofertas-trabajo/consultor-comercial-medellin/1884649358", "fecha_recuperacion": "2021-03-01-22-06", "titulo_oferta": "Consultor comercial medellin", "salario": "Salario a convenir", "ciudad": "Bogot\u00e1", "fecha_publicacion": "Publicado 25 Feb 2021", "area": "Comercial, Ventas y Telemercadeo", "num_vacantes": "1 Vacante", "profesion": "Administraci\u00f3n de empresas", "descripcion_general": "Descripci\u00f3n general                Objetivo del cargo:Responsable de comercializar los servicios ofrecidos por Aportes en l\u00ednea, en los productos de PILA, Cesant\u00edas y Voluntarias. Responsable tambi\u00e9n del acompa\u00f1amiento a los clientes de mantenimiento que hacen uso de la plataforma, garantizado un excelente servicio y la Fidelizaci\u00f3n de las empresas a cargo de su cartera.*Profesional en carreras administrativas, marketing o ingenier\u00eda industrial. 1 a\u00f1o en cargos similares (servicio al cliente) o relacionados con ventas de servicios.*Conocimientos espec\u00edficos: Conocimiento en Norma relacionada con la seguridad socialnivel avanzado en el manejo de herramientas Office, especialmente Excel.CompetenciasOrientaci\u00f3n al ServicioComunicaci\u00f3n asertiva y efectivaAlta adaptabilidad - FlexibilidadPlaneaci\u00f3n y organizaci\u00f3n Paciencia y PersistenciaCapacidad de escuchaProactividad                    Objetivo del cargo:Responsable de comercializar los servicios ofrecidos por Aportes en l\u00ednea, en los productos de PILA, Cesant\u00edas y Voluntarias. Responsable tambi\u00e9n del acompa\u00f1amiento a los clientes de mantenimiento que hacen uso de la plataforma, garantizado un excelente servicio y la Fidelizaci\u00f3n de las empresas a cargo de su cartera.*Profesional en carreras administrativas, marketing o ingenier\u00eda industrial. 1 a\u00f1o en cargos similares (servicio al cliente) o relacionados con ventas de servicios.*Conocimientos espec\u00edficos: Conocimiento en Norma relacionada con la seguridad socialnivel avanzado en el manejo de herramientas Office, especialmente Excel.CompetenciasOrientaci\u00f3n al ServicioComunicaci\u00f3n asertiva y efectivaAlta adaptabilidad - FlexibilidadPlaneaci\u00f3n y organizaci\u00f3n Paciencia y PersistenciaCapacidad de escuchaProactividad                            Profesional                            Universitaria            Administraci\u00f3n de empresasAdministraci\u00f3n de negociosIngenier\u00eda administrativa3 a\u00f1os de experiencia                1                Vacante            Competencias para la vacante                                            comerciales                                                                                    servicio al cliente", "tipo_contrato": "Contrato Indefinido", "nivel_educativo": "Universitaria", "categoria": "Profesional", "sector": "Fondos de pensiones", "experiencia": "3 a\u00f1os de experiencia", "id_empleo": "1884649358", "competencias": "comerciales,servicio al cliente"}