{"url_empleo": "https://www.elempleo.com/co/ofertas-trabajo/auxiliar-de-enfermeria-unidad-de-cuidado-intensivo/1884635882", "fecha_recuperacion": "2021-03-01-22-06", "titulo_oferta": "Auxiliar de enfermer\u00eda - unidad de cuidado intensivo", "salario": "$1 a $1,5 millones", "ciudad": "Bogot\u00e1", "fecha_publicacion": "Publicado 25 Feb 2021", "area": "Salud", "num_vacantes": "1 Vacante", "profesion": "Enfermer\u00eda", "descripcion_general": "Descripci\u00f3n general                Estamos en b\u00fasqueda de: T\u00e9cnico Auxiliar de Enfermer\u00eda, con experiencia asistencial m\u00ednima de 1 a\u00f1o en Unidades de Cuidado Intensivo. Indispensable curso o diplomado en Cuidado Cr\u00edtico. Contrato directo, con disponibilidad para turnos rotativos, a t\u00e9rmino fijo y con todas las prestaciones de ley.                    Estamos en b\u00fasqueda de: T\u00e9cnico Auxiliar de Enfermer\u00eda, con experiencia asistencial m\u00ednima de 1 a\u00f1o en Unidades de Cuidado Intensivo. Indispensable curso o diplomado en Cuidado Cr\u00edtico. Contrato directo, con disponibilidad para turnos rotativos, a t\u00e9rmino fijo y con todas las prestaciones de ley.                            Auxiliar, asistencial y otros                            Formaci\u00f3n Tec profesional            Enfermer\u00eda1 a\u00f1o de experiencia                1                Vacante            Competencias para la vacante                                            UCI", "tipo_contrato": "Contrato Definido", "nivel_educativo": "Formaci\u00f3n Tec profesional", "categoria": "Auxiliar, asistencial y otros", "sector": "Salud, trabajo y seguridad social", "experiencia": "1 a\u00f1o de experiencia", "id_empleo": "1884635882", "competencias": "UCI"}