{"url_empleo": "https://www.elempleo.com/co/ofertas-trabajo/topografo-indispensable-tener-equipos-topograficos/1884446062", "fecha_recuperacion": "2021-03-01-22-11", "titulo_oferta": "Topografo - indispensable tener equipos topograficos.", "salario": "$1,5 a $2 millones", "ciudad": "Bogot\u00e1", "fecha_publicacion": "Publicado 22 Feb 2021", "area": "Construcci\u00f3n y Obra", "num_vacantes": "1 Vacante", "profesion": "Otra", "descripcion_general": "Descripci\u00f3n general                Tecnologo en Topografia con m\u00ednimo 2 a\u00f1os de experiencia en empresas del sector de la construcci\u00f3n para desempe\u00f1ar las siguientes funciones: Realizar levantamientos topogr\u00e1ficos, replanteos de obras y de proyectos de ingenier\u00eda. Efectuar c\u00e1lculos y representaciones gr\u00e1ficas de las mediciones topogr\u00e1ficas. Localizar puntos de operaciones apropiados para efectuar levantamientos topogr\u00e1ficos. Efectuar nivelaciones de terrenos y mediciones topogr\u00e1ficas. Elaborar dibujos de los levantamientos topogr\u00e1ficos.                    Tecnologo en Topografia con m\u00ednimo 2 a\u00f1os de experiencia en empresas del sector de la construcci\u00f3n para desempe\u00f1ar las siguientes funciones: Realizar levantamientos topogr\u00e1ficos, replanteos de obras y de proyectos de ingenier\u00eda. Efectuar c\u00e1lculos y representaciones gr\u00e1ficas de las mediciones topogr\u00e1ficas. Localizar puntos de operaciones apropiados para efectuar levantamientos topogr\u00e1ficos. Efectuar nivelaciones de terrenos y mediciones topogr\u00e1ficas. Elaborar dibujos de los levantamientos topogr\u00e1ficos.                            Profesional                            Tecnol\u00f3gica            Otra2 a\u00f1os de experiencia                1                Vacante            Competencias para la vacante                                            Topografo", "tipo_contrato": "Contrato Por obra o labor", "nivel_educativo": "Tecnol\u00f3gica", "categoria": "Profesional", "sector": "Construcci\u00f3n", "experiencia": "2 a\u00f1os de experiencia", "id_empleo": "1884446062", "competencias": "Topografo"}