{"url_empleo": "https://www.elempleo.com/co/ofertas-trabajo/auxiliar-operacion-pereira/1884376755", "fecha_recuperacion": "2021-03-01-22-16", "titulo_oferta": "Auxiliar operaci\u00f3n - pereira", "salario": "Menos de $1 mill\u00f3n", "ciudad": "Bogot\u00e1", "fecha_publicacion": "Publicado 17 Feb 2021", "area": "Ventas", "num_vacantes": "1 Vacante", "profesion": "Bachillerato Acad\u00e9mico", "descripcion_general": "Descripci\u00f3n general                Prestar un servicio oportuno y atenci\u00f3n \u00f3ptima a los clientes en los puntos de pago, con el fin de apoyar al cumplimiento de las metas comerciales del punto de venta y a la satisfacci\u00f3n y fidelizaci\u00f3n de los clientes. Se requiere personal con 1 a\u00f1o de experiencia espec\u00edficamente en el manejo de valores, medios de pago (efectivo, cheque, tarjeta d\u00e9bito y cr\u00e9dito) y registro en m\u00e1quinas P.O.S.                    Prestar un servicio oportuno y atenci\u00f3n \u00f3ptima a los clientes en los puntos de pago, con el fin de apoyar al cumplimiento de las metas comerciales del punto de venta y a la satisfacci\u00f3n y fidelizaci\u00f3n de los clientes. Se requiere personal con 1 a\u00f1o de experiencia espec\u00edficamente en el manejo de valores, medios de pago (efectivo, cheque, tarjeta d\u00e9bito y cr\u00e9dito) y registro en m\u00e1quinas P.O.S.                            Auxiliar, asistencial y otros                            Media (10\u00b0 - 13\u00b0)            Bachillerato Acad\u00e9mico1 a\u00f1o de experiencia                1                Vacante            Competencias para la vacante                                            auxiliar operacion", "tipo_contrato": "Contrato Indefinido", "nivel_educativo": "Media (10\u00b0 - 13\u00b0)", "categoria": "Auxiliar, asistencial y otros", "sector": "Supermercados", "experiencia": "1 a\u00f1o de experiencia", "id_empleo": "1884376755", "competencias": "auxiliar operacion"}