{"url_empleo": "https://www.elempleo.com/co/ofertas-trabajo/reclutador-ti/1884663357", "fecha_recuperacion": "2021-03-01-22-06", "titulo_oferta": "Reclutador ti", "salario": "$1 a $1,5 millones", "ciudad": "Medell\u00edn", "fecha_publicacion": "Publicado 25 Feb 2021", "area": "Sistemas y Tecnolog\u00eda", "num_vacantes": "1 Vacante", "profesion": "Tecnolog\u00eda En Desarrollo De Sist...", "descripcion_general": "Descripci\u00f3n general                Descripci\u00f3n de la vacante:Somos Autonomic Mind, una empresa especializada en el reclutamiento de personal para \u00e1reas de TI, nos encanta darle un valor agregado a lo que hacemos y por tal motivo estamos buscando estudiantes de \u00faltimos semestres de tecnolog\u00eda o reci\u00e9n egresados en  \u00e1reas de  sistemas o afines, para ocupar el cargo de reclutador TI.  Ser\u00e1 responsable de la ejecuci\u00f3n  y cumplimiento del ciclo completo de los procesos de selecci\u00f3n de TI que le sean asignados.Actividades del cargo Realizar las actividades propias de cada etapa del proceso de selecci\u00f3n para las vacantes TI que le sean asignadas.Responsable de la comunicaci\u00f3n directa con el cliente para el seguimiento de las vacantes TI.Proponer mejoras en pro de la eficiencia del proceso.Participar en el soporte t\u00e9cnico dado a los talentos que apliquen a las diferentes vacantes TI.Apoyar en la gesti\u00f3n de las diferentes redes utilizadas por la compa\u00f1\u00eda para el crecimiento de la comunidad de talentos .Habilidades necesarias  Conocimientos t\u00e9cnicos del \u00e1rea TI (lenguajes, herramientas, etc)Comunicaci\u00f3n asertivaHonestidadResponsabilidadProactividadAutogesti\u00f3nOrganizaci\u00f3nOrientaci\u00f3n al detalle Habilidades deseadas  Nivel intermedio en lectura y escritura en ingl\u00e9s. Detalles de la vacanteNivel de escolaridad requerido: Estudiante de tecnolog\u00eda o reci\u00e9n egresado.T\u00edtulos en las \u00e1reas de: Software, sistemas o afines.Experiencia: 1 a\u00f1o.Salario: Hasta $1\u2019500.000 seg\u00fan conocimientos y experiencia.Tipo de contrato ofrecido: IndefinidoHoras por semana que debe trabajar: 48 horasLugar: Medell\u00edn - Colombia                    Descripci\u00f3n de la vacante:Somos Autonomic Mind, una empresa especializada en el reclutamiento de personal para \u00e1reas de TI, nos encanta darle un valor agregado a lo que hacemos y por tal motivo estamos buscando estudiantes de \u00faltimos semestres de tecnolog\u00eda o reci\u00e9n egresados en  \u00e1reas de  sistemas o afines, para ocupar el cargo de reclutador TI.  Ser\u00e1 responsable de la ejecuci\u00f3n  y cumplimiento del ciclo completo de los procesos de selecci\u00f3n de TI que le sean asignados.Actividades del cargo Realizar las actividades propias de cada etapa del proceso de selecci\u00f3n para las vacantes TI que le sean asignadas.Responsable de la comunicaci\u00f3n directa con el cliente para el seguimiento de las vacantes TI.Proponer mejoras en pro de la eficiencia del proceso.Participar en el soporte t\u00e9cnico dado a los talentos que apliquen a las diferentes vacantes TI.Apoyar en la gesti\u00f3n de las diferentes redes utilizadas por la compa\u00f1\u00eda para el crecimiento de la comunidad de talentos .Habilidades necesarias  Conocimientos t\u00e9cnicos del \u00e1rea TI (lenguajes, herramientas, etc)Comunicaci\u00f3n asertivaHonestidadResponsabilidadProactividadAutogesti\u00f3nOrganizaci\u00f3nOrientaci\u00f3n al detalle Habilidades deseadas  Nivel intermedio en lectura y escritura en ingl\u00e9s. Detalles de la vacanteNivel de escolaridad requerido: Estudiante de tecnolog\u00eda o reci\u00e9n egresado.T\u00edtulos en las \u00e1reas de: Software, sistemas o afines.Experiencia: 1 a\u00f1o.Salario: Hasta $1\u2019500.000 seg\u00fan conocimientos y experiencia.Tipo de contrato ofrecido: IndefinidoHoras por semana que debe trabajar: 48 horasLugar: Medell\u00edn - Colombia                            Profesional                            Tecnol\u00f3gica            Tecnolog\u00eda En Desarrollo De Sistemas Inform\u00e1ticos1 a\u00f1o de experiencia                1                Vacante            Competencias para la vacante                                            Reclutador                                                                                    TI", "tipo_contrato": "Contrato Indefinido", "nivel_educativo": "Tecnol\u00f3gica", "categoria": "Profesional", "sector": "Inform\u00e1ticos", "experiencia": "1 a\u00f1o de experiencia", "id_empleo": "1884663357", "competencias": "Reclutador,TI"}