{"url_empleo": "https://www.elempleo.com/co/ofertas-trabajo/ingeniero-de-sistemas-junior-desarrollador/1884485539", "fecha_recuperacion": "2021-03-01-22-01", "titulo_oferta": "Ingeniero de sistemas junior- desarrollador", "salario": "$2 a $2,5 millones", "ciudad": "Bogot\u00e1", "fecha_publicacion": "Publicado 1 Mar 2021", "area": "Sistemas y Tecnolog\u00eda", "num_vacantes": "1 Vacante", "profesion": "Ingenier\u00eda de sistemas  Computaci\u00f3n", "descripcion_general": "Descripci\u00f3n general                Importante Instituci\u00f3n de salud de alto nivel de complejidad requiere para su equipo de trabajo Ingeniero de sistemas junior desarrollador para Administrar, actualizar y soportar los sistemas de informaci\u00f3n empleados en la Cl\u00ednica Universidad de La Sabana para la gesti\u00f3n funcional y operativa de los diferentes servicios tecnol\u00f3gicos asistenciales y administrativos. Brindar las respuestas necesarias a los requerimientos presentados por usuarios autorizados y que una vez avalados se revisen para viabilidad t\u00e9cnica y de recursos para desarrollo, complementaci\u00f3n y despliegue a servicio de acuerdo a los SLA establecidos. Desarrollar los proyectos y actividades asignadas en el Plan Estrat\u00e9gico de Tecnolog\u00edas de la informaci\u00f3n y las comunicaciones PETIC.con experiencia m\u00ednima de un a\u00f1o y disponibilidad inmediata para trabajar en Chia.                    Importante Instituci\u00f3n de salud de alto nivel de complejidad requiere para su equipo de trabajo Ingeniero de sistemas junior desarrollador para Administrar, actualizar y soportar los sistemas de informaci\u00f3n empleados en la Cl\u00ednica Universidad de La Sabana para la gesti\u00f3n funcional y operativa de los diferentes servicios tecnol\u00f3gicos asistenciales y administrativos. Brindar las respuestas necesarias a los requerimientos presentados por usuarios autorizados y que una vez avalados se revisen para viabilidad t\u00e9cnica y de recursos para desarrollo, complementaci\u00f3n y despliegue a servicio de acuerdo a los SLA establecidos. Desarrollar los proyectos y actividades asignadas en el Plan Estrat\u00e9gico de Tecnolog\u00edas de la informaci\u00f3n y las comunicaciones PETIC.con experiencia m\u00ednima de un a\u00f1o y disponibilidad inmediata para trabajar en Chia.                            Profesional                            Universitaria            Ingenier\u00eda de sistemas  Computaci\u00f3nMenos de un a\u00f1o de experiencia                1                Vacante            Competencias para la vacante                                            programaci\u00f3n de desarrollo                                                                                    desarrollador", "tipo_contrato": "Contrato Definido", "nivel_educativo": "Universitaria", "categoria": "Profesional", "sector": "Salud, trabajo y seguridad social", "experiencia": "Menos de un a\u00f1o de experiencia", "id_empleo": "1884485539", "competencias": "programaci\u00f3n de desarrollo,desarrollador"}