{"url_empleo": "https://www.elempleo.com/co/ofertas-trabajo/jefe-de-seguridad-fisica-sector-aereo/1884650280", "fecha_recuperacion": "2021-03-01-22-14", "titulo_oferta": "Jefe de seguridad f\u00edsica sector aereo", "salario": "Salario a convenir", "ciudad": "Bogot\u00e1", "fecha_publicacion": "Publicado 19 Feb 2021", "area": "Calidad (aseguramiento, gesti\u00f3n ...", "num_vacantes": "1 Vacante", "profesion": "Administraci\u00f3n aeron\u00e1utica", "descripcion_general": "Descripci\u00f3n general                Empresa del sector A\u00e9reo, requiere Jefe para su \u00e1rea de seguridad f\u00edsica, con experiencia de m\u00ednimo 3 a\u00f1os de experiencia en supervisi\u00f3n y control de personas y en sistemas de seguridad, administraci\u00f3n y evaluaci\u00f3n de riesgos. Este rol debe Garantizar la seguridad f\u00edsica de las personas y bienes de la compa\u00f1\u00eda, para apoyar el normal funcionamiento de la organizaci\u00f3n, supervisando y dirigiendo el cumplimiento de las normas, pol\u00edticas, procedimientos y programas establecidos en cuanto a Sistema de Gesti\u00f3n de Control de Seguridad.                    Empresa del sector A\u00e9reo, requiere Jefe para su \u00e1rea de seguridad f\u00edsica, con experiencia de m\u00ednimo 3 a\u00f1os de experiencia en supervisi\u00f3n y control de personas y en sistemas de seguridad, administraci\u00f3n y evaluaci\u00f3n de riesgos. Este rol debe Garantizar la seguridad f\u00edsica de las personas y bienes de la compa\u00f1\u00eda, para apoyar el normal funcionamiento de la organizaci\u00f3n, supervisando y dirigiendo el cumplimiento de las normas, pol\u00edticas, procedimientos y programas establecidos en cuanto a Sistema de Gesti\u00f3n de Control de Seguridad.                            Profesional Senior                            Universitaria            Administraci\u00f3n aeron\u00e1utica3 a\u00f1os de experiencia                1                Vacante            Competencias para la vacante                                            Seguridad Fisica                                                                                    Seguridad Aerea", "tipo_contrato": "Contrato Indefinido", "nivel_educativo": "Universitaria", "categoria": "Profesional Senior", "sector": "A\u00e9reo", "experiencia": "3 a\u00f1os de experiencia", "id_empleo": "1884650280", "competencias": "Seguridad Fisica,Seguridad Aerea"}