{"url_empleo": "https://www.elempleo.com/co/ofertas-trabajo/medico-licencia-en-salu-ocupacional-bogota/1884647906", "fecha_recuperacion": "2021-03-01-22-02", "titulo_oferta": "Medico licencia en salu ocupacional - bogota", "salario": "$6 a $8 millones", "ciudad": "Bogot\u00e1", "fecha_publicacion": "Publicado 1 Mar 2021", "area": "Salud", "num_vacantes": "1 Vacante", "profesion": "Medicina", "descripcion_general": "Descripci\u00f3n general                Importante empresa del sector de consumo masivo esta en la b\u00fasqueda de supervisor de seguridad y bienestar, que sea Profesional en Medicina con especializaci\u00f3n y licencia en Salud Ocupacional, que cuente con 5 a\u00f1os de experiencia en Legislaci\u00f3n nacional vigente de riesgos laborales, ser\u00e1 el encargado de Dise\u00f1ar, implementar, controlar y medir las estrategias encaminadas a la prevenci\u00f3n de accidentes y enfermedades laborales en el sistema de Gesti\u00f3n de Seguridad y Salud en el trabajo. Horarios: Lunes a viernes, pero disponibilidad de tiempo para videoconsultas de domingo a domingo Salario: 7.000.000 + prestaciones de ley Contrato a 1 a\u00f1o                    Importante empresa del sector de consumo masivo esta en la b\u00fasqueda de supervisor de seguridad y bienestar, que sea Profesional en Medicina con especializaci\u00f3n y licencia en Salud Ocupacional, que cuente con 5 a\u00f1os de experiencia en Legislaci\u00f3n nacional vigente de riesgos laborales, ser\u00e1 el encargado de Dise\u00f1ar, implementar, controlar y medir las estrategias encaminadas a la prevenci\u00f3n de accidentes y enfermedades laborales en el sistema de Gesti\u00f3n de Seguridad y Salud en el trabajo. Horarios: Lunes a viernes, pero disponibilidad de tiempo para videoconsultas de domingo a domingo Salario: 7.000.000 + prestaciones de ley Contrato a 1 a\u00f1o                            Profesional                            Especializaci\u00f3n            Medicina5 a\u00f1os de experiencia                1                Vacante            Competencias para la vacante                                            salud ocupacional", "tipo_contrato": "", "nivel_educativo": "Especializaci\u00f3n", "categoria": "Profesional", "sector": "Consumo masivo", "experiencia": "5 a\u00f1os de experiencia", "id_empleo": "1884647906", "competencias": "salud ocupacional"}