{"url_empleo": "https://www.elempleo.com/co/ofertas-trabajo/promotora/1884592519", "fecha_recuperacion": "2021-03-01-22-03", "titulo_oferta": "Promotora", "salario": "Menos de $1 mill\u00f3n", "ciudad": "Bogot\u00e1", "fecha_publicacion": "Publicado 26 Feb 2021", "area": "Comercial, Ventas y Telemercadeo", "num_vacantes": "1 Vacante", "profesion": "Bachillerato Acad\u00e9mico", "descripcion_general": "Descripci\u00f3n general                Importante empresa del sector retail, requiere para su equipo de trabajo promotora, din\u00e1mica, proactiva, excelente presentaci\u00f3n personal, excelente fluidez verbal, experiencia certificada en ventas y  mercadeo, servicio al cliente presencial para laborar en punto de venta. preferiblemente para promoci\u00f3n y venta de alimentos para  animales.                    Importante empresa del sector retail, requiere para su equipo de trabajo promotora, din\u00e1mica, proactiva, excelente presentaci\u00f3n personal, excelente fluidez verbal, experiencia certificada en ventas y  mercadeo, servicio al cliente presencial para laborar en punto de venta. preferiblemente para promoci\u00f3n y venta de alimentos para  animales.                            Auxiliar, asistencial y otros                            Media (10\u00b0 - 13\u00b0)            Bachillerato Acad\u00e9mico2 a\u00f1os de experiencia                1                Vacante            Competencias para la vacante                                            ventas                                                                                    promotor                                                                                    alimentos                                                                                    animales", "tipo_contrato": "", "nivel_educativo": "Media (10\u00b0 - 13\u00b0)", "categoria": "Auxiliar, asistencial y otros", "sector": "Alimentos para animales", "experiencia": "2 a\u00f1os de experiencia", "id_empleo": "1884592519", "competencias": "ventas,promotor,alimentos,animales"}