{"url_empleo": "https://www.elempleo.com/co/ofertas-trabajo/auxiliar-de-cocina/1884485697", "fecha_recuperacion": "2021-03-01-22-09", "titulo_oferta": "Auxiliar de cocina", "salario": "Menos de $1 mill\u00f3n", "ciudad": "Bogot\u00e1", "fecha_publicacion": "Publicado 23 Feb 2021", "area": "Producci\u00f3n", "num_vacantes": "1 Vacante", "profesion": "Gastronom\u00eda Culinaria o Cocina", "descripcion_general": "Descripci\u00f3n general                Reconocido Club  requiere para su equipo de trabajo auxiliar de cocina que cuente m\u00ednimo con un (1) a\u00f1o de experiencia en el manejo de alimentos y bebidas, que cuente con carne de manipulaci\u00f3n de alimentos vigente Salario $908.526                    Reconocido Club  requiere para su equipo de trabajo auxiliar de cocina que cuente m\u00ednimo con un (1) a\u00f1o de experiencia en el manejo de alimentos y bebidas, que cuente con carne de manipulaci\u00f3n de alimentos vigente Salario $908.526                            Auxiliar, asistencial y otros                            B\u00e1sica Secundaria (6\u00b0 - 9\u00b0)            Gastronom\u00eda Culinaria o Cocina1 a\u00f1o de experiencia                1                Vacante            Competencias para la vacante                                            cocina", "tipo_contrato": "Contrato Por obra o labor", "nivel_educativo": "B\u00e1sica Secundaria (6\u00b0 - 9\u00b0)", "categoria": "Auxiliar, asistencial y otros", "sector": "Cajas de compensaci\u00f3n", "experiencia": "1 a\u00f1o de experiencia", "id_empleo": "1884485697", "competencias": "cocina"}