{"url_empleo": "https://www.elempleo.com/co/ofertas-trabajo/docente-/1884651483", "fecha_recuperacion": "2021-03-01-22-15", "titulo_oferta": "Docente -47", "salario": "Salario a convenir", "ciudad": "Bucaramanga", "fecha_publicacion": "Publicado 18 Feb 2021", "area": "Docencia", "num_vacantes": "1 Vacante", "profesion": "Administraci\u00f3n de empresas", "descripcion_general": "Descripci\u00f3n general                Importante Instituci\u00f3n de Educaci\u00f3n Superior busca para su banco de hojas de vida para completar su planta docente para el a\u00f1o 2021 en la ciudad de Bucaramanga.  Docente MT de apoyo a los programa de Negocios Internacionales y Dise\u00f1o de Moda en el \u00e1rea de mercadeo internacional, con manejo del idioma ingl\u00e9s. Profesional en Mercadeo, ingenier\u00eda de mercados, Administrador de empresas, Internacionalistas. Especializaci\u00f3n o preferible Maestr\u00eda en \u00e1rea del Comercio Internacional, mercadeo particularmente en el sector de la moda. Con nivel m\u00ednimo B1 en idioma ingl\u00e9s. Experiencia m\u00ednima en docencia de 2 a\u00f1os y en mercadeo o comercio internacional 3 a\u00f1os.                    Importante Instituci\u00f3n de Educaci\u00f3n Superior busca para su banco de hojas de vida para completar su planta docente para el a\u00f1o 2021 en la ciudad de Bucaramanga.  Docente MT de apoyo a los programa de Negocios Internacionales y Dise\u00f1o de Moda en el \u00e1rea de mercadeo internacional, con manejo del idioma ingl\u00e9s. Profesional en Mercadeo, ingenier\u00eda de mercados, Administrador de empresas, Internacionalistas. Especializaci\u00f3n o preferible Maestr\u00eda en \u00e1rea del Comercio Internacional, mercadeo particularmente en el sector de la moda. Con nivel m\u00ednimo B1 en idioma ingl\u00e9s. Experiencia m\u00ednima en docencia de 2 a\u00f1os y en mercadeo o comercio internacional 3 a\u00f1os.                            Profesional                            Especializaci\u00f3n            Administraci\u00f3n de empresasAdministraci\u00f3n de negociosDocenteIngenier\u00eda de MercadosMercadeo2 a\u00f1os de experiencia                1                Vacante            Competencias para la vacante                                            docente                                                                                    Docente de Negocios Internacionales                                                                                    Docente de Dise\u00f1o de Moda                                                                                    Maestr\u00eda en \u00e1rea del Comercio Internacional                                                                                    Especializaci\u00f3n en Comercio Internacional", "tipo_contrato": "", "nivel_educativo": "Especializaci\u00f3n", "categoria": "Profesional", "sector": "Universidades", "experiencia": "2 a\u00f1os de experiencia", "id_empleo": "1884651483", "competencias": "docente,Docente de Negocios Internacionales,Docente de Dise\u00f1o de Moda,Maestr\u00eda en \u00e1rea del Comercio Internacional,Especializaci\u00f3n en Comercio Internacional"}