{"url_empleo": "https://www.elempleo.com/co/ofertas-trabajo/asesor-comercial-agropecuario-mutata/1884558215", "fecha_recuperacion": "2021-03-01-22-07", "titulo_oferta": "Asesor comercial agropecuario- mutat\u00e1", "salario": "$2 a $2,5 millones", "ciudad": "Mutat\u00e1", "fecha_publicacion": "Publicado 24 Feb 2021", "area": "Administrativa y Financiera", "num_vacantes": "1 Vacante", "profesion": "Econom\u00eda", "descripcion_general": "Descripci\u00f3n general                El Banco Agrario de Colombia se encuentra en b\u00faqueda de Asesor Comercial Agropecuario para el municipio de Mutat\u00e1 Antioquia. Con los siguientes requisitos: ESTUDIOS REQUERIDOS: Seis (6) semestres de Educaci\u00f3n Superior aprobados o t\u00edtulo de Tecn\u00f3logo en \u00c1reas Agropecuarias, Administrativas, Econ\u00f3micas, Financieras, Sociales o Ingenier\u00edas; EXPERIENCIA MINIMA REQUERIDA: M\u00ednimo dos (2) a\u00f1os de experiencia en el desempe\u00f1o de funciones relacionadas con el cargo, preferiblemente en el sector financiero. MISION DEL CARGO: Orientar, asesorar, estructurar los negocios, visitar y vincular a los clientes de la Banca Agropecuaria,respecto a los productos del portafolio de la Gerencia de Ventas de la Banca Agropecuaria, con el fin de contribuir con la competitividad del portafolio en las regionales, la satisfacci\u00f3n al cliente y el cumplimiento de las metas definidas por la Gerencia.                    El Banco Agrario de Colombia se encuentra en b\u00faqueda de Asesor Comercial Agropecuario para el municipio de Mutat\u00e1 Antioquia. Con los siguientes requisitos: ESTUDIOS REQUERIDOS: Seis (6) semestres de Educaci\u00f3n Superior aprobados o t\u00edtulo de Tecn\u00f3logo en \u00c1reas Agropecuarias, Administrativas, Econ\u00f3micas, Financieras, Sociales o Ingenier\u00edas; EXPERIENCIA MINIMA REQUERIDA: M\u00ednimo dos (2) a\u00f1os de experiencia en el desempe\u00f1o de funciones relacionadas con el cargo, preferiblemente en el sector financiero. MISION DEL CARGO: Orientar, asesorar, estructurar los negocios, visitar y vincular a los clientes de la Banca Agropecuaria,respecto a los productos del portafolio de la Gerencia de Ventas de la Banca Agropecuaria, con el fin de contribuir con la competitividad del portafolio en las regionales, la satisfacci\u00f3n al cliente y el cumplimiento de las metas definidas por la Gerencia.                            Auxiliar, asistencial y otros                            Tecnol\u00f3gica            Econom\u00edaAdministraci\u00f3n agropecuariaIngenier\u00eda administrativaAdministraci\u00f3n Agroindustrial2 a\u00f1os de experiencia                1                Vacante            Competencias para la vacante                                            asesor                                                                                    comercial                                                                                    agropecuario                                                                                    cerrito                                                                                    santander", "tipo_contrato": "Contrato Indefinido", "nivel_educativo": "Tecnol\u00f3gica", "categoria": "Auxiliar, asistencial y otros", "sector": "Banca", "experiencia": "2 a\u00f1os de experiencia", "id_empleo": "1884558215", "competencias": "asesor,comercial,agropecuario,cerrito,santander"}