{"url_empleo": "https://www.elempleo.com/co/ofertas-trabajo/gerente-dpto-de-marketing-pereira/1884597632", "fecha_recuperacion": "2021-03-01-22-15", "titulo_oferta": "Gerente dpto de marketing -pereira", "salario": "$1 a $1,5 millones", "ciudad": "Pereira", "fecha_publicacion": "Publicado 18 Feb 2021", "area": "Mercadeo y Publicidad", "num_vacantes": "1 Vacante", "profesion": "Comunicaci\u00f3n social y periodismo", "descripcion_general": "Descripci\u00f3n general                Reconocida empresa Internacional dedicada a la capacitaci\u00f3n para profesionales, requiere Gerente para Dapartamento de Relaciones P\u00fablicas, Marketing y Ventas. Responsabilidades del Cargo:Generar estrategias de penetraci\u00f3n para elevar los niveles de recordaci\u00f3n de la marca en el mercado.Realizar procesos de Selecci\u00f3n, Captaci\u00f3n, Capacitaci\u00f3n y Entrenamiento de personal nuevo.Hacer el correspondiente seguimiento a los resultados, cumplimiento de metas y manejar los presupuestos de las estrategias aprobadas por la compa\u00f1\u00eda.Hacer proyecciones mensuales de resultados en cuanto a metas de producci\u00f3n y formaci\u00f3n de ejecutivos.Estar al frente de en cuanto al conocimiento, planeaci\u00f3n y participaci\u00f3n en eventos importantes donde la empresa y la marca pueda aplicar.Reporte de cada uno de los informes correspondientes a la Direcci\u00f3n Nacional.Perfil Solicitado:Buscamos profesional con experiencia comercial comprobada.Alto relacionamiento a nivel de empresas privadas, con capacidad de manejo de equipos de ventas. Ofrecemos:Ser el Gerente Comercial responsable del desarrollo de la compa\u00f1\u00eda en la ciudad, Posibilidad de abrir nuevos mercados en nuevas ciudades e incluso pa\u00edses de la regi\u00f3n.Posibilidad de ascenso basado en resultados obtenidos.                    Reconocida empresa Internacional dedicada a la capacitaci\u00f3n para profesionales, requiere Gerente para Dapartamento de Relaciones P\u00fablicas, Marketing y Ventas. Responsabilidades del Cargo:Generar estrategias de penetraci\u00f3n para elevar los niveles de recordaci\u00f3n de la marca en el mercado.Realizar procesos de Selecci\u00f3n, Captaci\u00f3n, Capacitaci\u00f3n y Entrenamiento de personal nuevo.Hacer el correspondiente seguimiento a los resultados, cumplimiento de metas y manejar los presupuestos de las estrategias aprobadas por la compa\u00f1\u00eda.Hacer proyecciones mensuales de resultados en cuanto a metas de producci\u00f3n y formaci\u00f3n de ejecutivos.Estar al frente de en cuanto al conocimiento, planeaci\u00f3n y participaci\u00f3n en eventos importantes donde la empresa y la marca pueda aplicar.Reporte de cada uno de los informes correspondientes a la Direcci\u00f3n Nacional.Perfil Solicitado:Buscamos profesional con experiencia comercial comprobada.Alto relacionamiento a nivel de empresas privadas, con capacidad de manejo de equipos de ventas. Ofrecemos:Ser el Gerente Comercial responsable del desarrollo de la compa\u00f1\u00eda en la ciudad, Posibilidad de abrir nuevos mercados en nuevas ciudades e incluso pa\u00edses de la regi\u00f3n.Posibilidad de ascenso basado en resultados obtenidos.                            Profesional                            Universitaria            Comunicaci\u00f3n social y periodismoPublicidad y mercadeoAdministraci\u00f3n de empresasMercadeo1 a\u00f1o de experiencia                1                Vacante            Competencias para la vacante                                            mercadeo                                                                                    comercial                                                                                    gerente                                                                                    publicidad", "tipo_contrato": "Contrato Indefinido", "nivel_educativo": "Universitaria", "categoria": "Profesional", "sector": "Otros (Publicidad y mercadeo)", "experiencia": "1 a\u00f1o de experiencia", "id_empleo": "1884597632", "competencias": "mercadeo,comercial,gerente,publicidad"}