{"url_empleo": "https://www.elempleo.com/co/ofertas-trabajo/auxiliar-de-cuentas-por-pagar/1884672701", "fecha_recuperacion": "2021-03-01-22-15", "titulo_oferta": "Auxiliar de cuentas por pagar", "salario": "Salario a convenir", "ciudad": "Bogot\u00e1", "fecha_publicacion": "Publicado 18 Feb 2021", "area": "Contabilidad: cartera y costos", "num_vacantes": "1 Vacante", "profesion": "Contadur\u00eda", "descripcion_general": "Descripci\u00f3n general                Empresa importante del sector de tecnolog\u00eda requiere AUXILIAR DE CUENTAS POR PAGAR. Responde por la contabilizaci\u00f3n, organizaci\u00f3n, archivo y control de las facturas de proveedores asignadas. Auxiliar contable o estudiante de 3 semestre de Contadur\u00eda P\u00fablica. Experiencia m\u00ednima de 2 a\u00f1os en el cargo o realizando funciones similares.                    Empresa importante del sector de tecnolog\u00eda requiere AUXILIAR DE CUENTAS POR PAGAR. Responde por la contabilizaci\u00f3n, organizaci\u00f3n, archivo y control de las facturas de proveedores asignadas. Auxiliar contable o estudiante de 3 semestre de Contadur\u00eda P\u00fablica. Experiencia m\u00ednima de 2 a\u00f1os en el cargo o realizando funciones similares.                            Auxiliar, asistencial y otros                            Universitaria            Contadur\u00eda2 a\u00f1os de experiencia                1                Vacante            Competencias para la vacante                                            contabilidad                                                                                    cuentas por pagar", "tipo_contrato": "Contrato Definido", "nivel_educativo": "Universitaria", "categoria": "Auxiliar, asistencial y otros", "sector": "Ciencia y tecnolog\u00eda", "experiencia": "2 a\u00f1os de experiencia", "id_empleo": "1884672701", "competencias": "contabilidad,cuentas por pagar"}