{"url_empleo": "https://www.elempleo.com/co/ofertas-trabajo/practicante-de-diseno-grafico/1884653668", "fecha_recuperacion": "2021-03-01-22-16", "titulo_oferta": "Practicante de dise\u00f1o grafico", "salario": "$1 a $1,5 millones", "ciudad": "Bogot\u00e1", "fecha_publicacion": "Publicado 17 Feb 2021", "area": "Dise\u00f1o y publicidad", "num_vacantes": "1 Vacante", "profesion": "Comunicaci\u00f3n social y periodismo", "descripcion_general": "Descripci\u00f3n general                Falabella Financiero, se encuentra en b\u00fasqueda de practicante de dise\u00f1o grafico  profesionales  que cuente con el aval de la universidad para iniciar en ENERO 2021. Si te encuentras interesad@ aplica a esta oferta o env\u00eda tu hv al correo: ********@*********.***.** indicando especialidad y numero de documento.           Horario: 8 am - 6 Pm Lunes a Viernes (No s\u00e1bados, ni Domingos)Sede de Labor: Sede Norte de la Compa\u00f1iaSi cumples con el perfil Postulate, Te estaremos contactandosolo faltas tu para hacer parte de nuesta compa\u00f1ia!                    Falabella Financiero, se encuentra en b\u00fasqueda de practicante de dise\u00f1o grafico  profesionales  que cuente con el aval de la universidad para iniciar en ENERO 2021. Si te encuentras interesad@ aplica a esta oferta o env\u00eda tu hv al correo: ********@*********.***.** indicando especialidad y numero de documento.           Horario: 8 am - 6 Pm Lunes a Viernes (No s\u00e1bados, ni Domingos)Sede de Labor: Sede Norte de la Compa\u00f1iaSi cumples con el perfil Postulate, Te estaremos contactandosolo faltas tu para hacer parte de nuesta compa\u00f1ia!                            Auxiliar, asistencial y otros                            Media (10\u00b0 - 13\u00b0)            Comunicaci\u00f3n social y periodismo                1                Vacante            Competencias para la vacante                                            dise\u00f1o grafico", "tipo_contrato": "Contrato Contrato de aprendizaje", "nivel_educativo": "Media (10\u00b0 - 13\u00b0)", "categoria": "Auxiliar, asistencial y otros", "sector": "Compa\u00f1\u00edas de seguros", "experiencia": "", "id_empleo": "1884653668", "competencias": "dise\u00f1o grafico"}