{"url_empleo": "https://www.elempleo.com/co/ofertas-trabajo/analista-inteligencia-de-negocios/1884538862", "fecha_recuperacion": "2021-03-01-22-11", "titulo_oferta": "Analista inteligencia de negocios", "salario": "$2 a $2,5 millones", "ciudad": "Cali", "fecha_publicacion": "Publicado 22 Feb 2021", "area": "Salud", "num_vacantes": "1 Vacante", "profesion": "Ingenier\u00eda de sistemas  Computaci\u00f3n", "descripcion_general": "Descripci\u00f3n general                Mision del cargo: Contribuir en el establecimiento y seguimiento de metas y toma de decisiones a la \u00e1reas de la  Organizaci\u00f3n y al Sistemas General de Seguridad Social en Salud a trav\u00e9s de an\u00e1lisis de informaci\u00f3n. Profesional en Profesional en Ingenier\u00eda de Sistemas, conocimientos en SQL Server, manejo de base de datos, office, PowerBI.  Contrato directo por la empresa a termino fijo. Salario. 2.238.565.                    Mision del cargo: Contribuir en el establecimiento y seguimiento de metas y toma de decisiones a la \u00e1reas de la  Organizaci\u00f3n y al Sistemas General de Seguridad Social en Salud a trav\u00e9s de an\u00e1lisis de informaci\u00f3n. Profesional en Profesional en Ingenier\u00eda de Sistemas, conocimientos en SQL Server, manejo de base de datos, office, PowerBI.  Contrato directo por la empresa a termino fijo. Salario. 2.238.565.                            Profesional                            Universitaria            Ingenier\u00eda de sistemas  Computaci\u00f3n2 a\u00f1os de experiencia                1                Vacante            Competencias para la vacante                                            analista", "tipo_contrato": "Contrato Definido", "nivel_educativo": "Universitaria", "categoria": "Profesional", "sector": "EPS", "experiencia": "2 a\u00f1os de experiencia", "id_empleo": "1884538862", "competencias": "analista"}