{"url_empleo": "https://www.elempleo.com/co/ofertas-trabajo/cientifico-de-datos/1884599873", "fecha_recuperacion": "2021-03-01-22-13", "titulo_oferta": "Cientifico de datos", "salario": "$3 a $3,5 millones", "ciudad": "Toda Colombia", "fecha_publicacion": "Publicado 19 Feb 2021", "area": "Proyectos (an\u00e1lisis, desarrollo,...", "num_vacantes": "1 Vacante", "profesion": "Matem\u00e1ticas", "descripcion_general": "Descripci\u00f3n general                Somos un grupo empresarial innovador de servicios a nivel nacional, pioneros en el sector, que hemos avanzado en todo un proceso de transformaci\u00f3n a nivel tecnol\u00f3gico, de anal\u00edtica y digital para conectarnos con nuestros clientes y la nueva realidad de los negocios, en estos momentos estamos en la b\u00fasqueda de perfiles apasionados por lo digital, buscamos profesional en estad\u00edstica, matem\u00e1ticas o afines, con experiencia m\u00ednima de dos a\u00f1os en anal\u00edtica, manejo de grandes vol\u00famenes de datos, cruces de bases y an\u00e1lisis de datos; entrega de informes estad\u00edsticos enfocados a definir la estrategia a seguir con los usuarios; con conocimientos y experiencia en modelos predictivos y descriptivos, en plataformas digitales. Importante tenga manejo de Google Analytics.                    Somos un grupo empresarial innovador de servicios a nivel nacional, pioneros en el sector, que hemos avanzado en todo un proceso de transformaci\u00f3n a nivel tecnol\u00f3gico, de anal\u00edtica y digital para conectarnos con nuestros clientes y la nueva realidad de los negocios, en estos momentos estamos en la b\u00fasqueda de perfiles apasionados por lo digital, buscamos profesional en estad\u00edstica, matem\u00e1ticas o afines, con experiencia m\u00ednima de dos a\u00f1os en anal\u00edtica, manejo de grandes vol\u00famenes de datos, cruces de bases y an\u00e1lisis de datos; entrega de informes estad\u00edsticos enfocados a definir la estrategia a seguir con los usuarios; con conocimientos y experiencia en modelos predictivos y descriptivos, en plataformas digitales. Importante tenga manejo de Google Analytics.                            Profesional Senior                            Universitaria            Matem\u00e1ticasEstad\u00edstica2 a\u00f1os de experiencia                1                Vacante            Competencias para la vacante                                            analitica                                                                                    datos                                                                                    modelos predictivos", "tipo_contrato": "", "nivel_educativo": "Universitaria", "categoria": "Profesional Senior", "sector": "Servicios financieros", "experiencia": "2 a\u00f1os de experiencia", "id_empleo": "1884599873", "competencias": "analitica,datos,modelos predictivos"}