{"url_empleo": "https://www.elempleo.com/co/ofertas-trabajo/operador-de-perforacion-sector-hidrocarburos-monterrey-casanare/1884574338", "fecha_recuperacion": "2021-03-01-22-09", "titulo_oferta": "Operador de perforacion sector hidrocarburos - monterrey (casanare)", "salario": "$4 a $4,5 millones", "ciudad": "Monterrey", "fecha_publicacion": "Publicado 23 Feb 2021", "area": "Construcci\u00f3n y Obra", "num_vacantes": "1 Vacante", "profesion": "Ingenier\u00eda de petr\u00f3leos", "descripcion_general": "Descripci\u00f3n general                MONTERREY (CASANARE) SI NO CUMPLE CON EL PERFIL POR FAVOR NO APLICAR A LA OFERTA - SU HOJA DE VIDA NO SE TENDR\u00c1 EN CUENTA Diez (10) A\u00f1os de Experiencia en empresas de montajes industriales del sector hidrocarburos de los cuales Siete (7) a\u00f1os ocupando el cargo de Operador Equipo Pesado en perforaci\u00f3n Horizontal Dirigida para tuber\u00eda en acero en di\u00e1metros mayores a 10\u201d                    MONTERREY (CASANARE) SI NO CUMPLE CON EL PERFIL POR FAVOR NO APLICAR A LA OFERTA - SU HOJA DE VIDA NO SE TENDR\u00c1 EN CUENTA Diez (10) A\u00f1os de Experiencia en empresas de montajes industriales del sector hidrocarburos de los cuales Siete (7) a\u00f1os ocupando el cargo de Operador Equipo Pesado en perforaci\u00f3n Horizontal Dirigida para tuber\u00eda en acero en di\u00e1metros mayores a 10\u201d                            Profesional Junior                            Universitaria            Ingenier\u00eda de petr\u00f3leosConstrucci\u00f3n4 a\u00f1os de experiencia                1                Vacante            Competencias para la vacante                                            PERFORACION HORIZONTAL DIRIGIDA", "tipo_contrato": "Contrato Por obra o labor", "nivel_educativo": "Universitaria", "categoria": "Profesional Junior", "sector": "Compa\u00f1ias petroleras", "experiencia": "4 a\u00f1os de experiencia", "id_empleo": "1884574338", "competencias": "PERFORACION HORIZONTAL DIRIGIDA"}