{"url_empleo": "https://www.elempleo.com/co/ofertas-trabajo/jefe-de-produccion/1884667640", "fecha_recuperacion": "2021-03-01-22-04", "titulo_oferta": "Jefe de producci\u00f3n", "salario": "Salario a convenir", "ciudad": "Toda Colombia", "fecha_publicacion": "Publicado 25 Feb 2021", "area": "Producci\u00f3n", "num_vacantes": "1 Vacante", "profesion": "Ingenier\u00eda de alimentos", "descripcion_general": "Descripci\u00f3n general                Importante empresa del sector de alimentos c\u00e1rnicos requiere profesional ingeniero en alimentos o ingeniero qu\u00edmico para desempe\u00f1arse como jefe de producci\u00f3n con m\u00ednimo 5 a\u00f1os de experiencia en el sector productivo de alimentos c\u00e1rnicos, con disponibilidad de cambio de residencia para la ciudad de NEIVA.  Funciones:Debe hacer el procesamiento de carnes friasEmpaque de producto terminadoFormulaciones de los productos de carnes frias de res cerdo pollo y pescadoElaboraci\u00f3n tablas nutricionalesConocimiento sobre muestras de alimentos relacionados con calidadSupervisi\u00f3n de materias primasCalidad de la carneConocimiento de tipos de carneRealizar planes de mejora de la empresaDesarrollo de nuevos productos - productos competitivosManejo de personalConocimiento de manejo de carnes frescas Horario: Turnos de producci\u00f3n 7 hasta 5 / 12 hasta 9 pm / Salario: A convenir- Rango de $ 4.000.000 - $ 8.000.000Contrato: IndefinidoLugar de trabajo: NEIVA                    Importante empresa del sector de alimentos c\u00e1rnicos requiere profesional ingeniero en alimentos o ingeniero qu\u00edmico para desempe\u00f1arse como jefe de producci\u00f3n con m\u00ednimo 5 a\u00f1os de experiencia en el sector productivo de alimentos c\u00e1rnicos, con disponibilidad de cambio de residencia para la ciudad de NEIVA.  Funciones:Debe hacer el procesamiento de carnes friasEmpaque de producto terminadoFormulaciones de los productos de carnes frias de res cerdo pollo y pescadoElaboraci\u00f3n tablas nutricionalesConocimiento sobre muestras de alimentos relacionados con calidadSupervisi\u00f3n de materias primasCalidad de la carneConocimiento de tipos de carneRealizar planes de mejora de la empresaDesarrollo de nuevos productos - productos competitivosManejo de personalConocimiento de manejo de carnes frescas Horario: Turnos de producci\u00f3n 7 hasta 5 / 12 hasta 9 pm / Salario: A convenir- Rango de $ 4.000.000 - $ 8.000.000Contrato: IndefinidoLugar de trabajo: NEIVA                            Profesional                            Universitaria            Ingenier\u00eda de alimentosIngenier\u00eda qu\u00edmica5 a\u00f1os de experiencia                1                Vacante            Competencias para la vacante                                            jefe de producci\u00f3n", "tipo_contrato": "", "nivel_educativo": "Universitaria", "categoria": "Profesional", "sector": "Distribuci\u00f3n / Consumo masivo de...", "experiencia": "5 a\u00f1os de experiencia", "id_empleo": "1884667640", "competencias": "jefe de producci\u00f3n"}