{"url_empleo": "https://www.elempleo.com/co/ofertas-trabajo/tecnologo-quimico-urgente/1884594251", "fecha_recuperacion": "2021-03-01-22-14", "titulo_oferta": "Tecnologo quimico urgente", "salario": "$1,5 a $2 millones", "ciudad": "Envigado", "fecha_publicacion": "Publicado 19 Feb 2021", "area": "Calidad (aseguramiento, gesti\u00f3n ...", "num_vacantes": "1 Vacante", "profesion": "Tecn Qu\u00edmica", "descripcion_general": "Descripci\u00f3n general                Importante empresa del sector qu\u00edmico necesita personal como t\u00fa para que haga parte de su equipo de trabajo, si cumples con el perfil post\u00falate. PERFIL: Tecn\u00f3logo qu\u00edmico con 1 a\u00f1o de experiencia en t\u00e9cnicas de HPLC y validaci\u00f3n de m\u00e9todos. Debe demostrar experiencia preferiblemente en empresas del sector farmac\u00e9utico alimentos.CONOCIMIENTOS: norma iso9001, manejo seguro de sustancias qu\u00edmicas.Funciones: Verificar cumplimiento de las especificaciones de calidad de productor terminados y materias primas, Llevar cartas de control de equipos y m\u00e9todos anal\u00edticos, Preparar soluciones, Almacenar y llevar inventario de reactivos de laboratorio y est\u00e1ndares anal\u00edticos, manejo adecuado de los productos y el cumplimiento de los instructivos, Cumplir con los procedimientos establecidos por los sistemas de gesti\u00f3n que ha adoptado o adopte la empresa. HORARIO: lunes a viernes, disponibilidad los s\u00e1bados en caso de que se requiera. Contrato: Indefinido                    Importante empresa del sector qu\u00edmico necesita personal como t\u00fa para que haga parte de su equipo de trabajo, si cumples con el perfil post\u00falate. PERFIL: Tecn\u00f3logo qu\u00edmico con 1 a\u00f1o de experiencia en t\u00e9cnicas de HPLC y validaci\u00f3n de m\u00e9todos. Debe demostrar experiencia preferiblemente en empresas del sector farmac\u00e9utico alimentos.CONOCIMIENTOS: norma iso9001, manejo seguro de sustancias qu\u00edmicas.Funciones: Verificar cumplimiento de las especificaciones de calidad de productor terminados y materias primas, Llevar cartas de control de equipos y m\u00e9todos anal\u00edticos, Preparar soluciones, Almacenar y llevar inventario de reactivos de laboratorio y est\u00e1ndares anal\u00edticos, manejo adecuado de los productos y el cumplimiento de los instructivos, Cumplir con los procedimientos establecidos por los sistemas de gesti\u00f3n que ha adoptado o adopte la empresa. HORARIO: lunes a viernes, disponibilidad los s\u00e1bados en caso de que se requiera. Contrato: Indefinido                            Auxiliar, asistencial y otros                            Tecnol\u00f3gica            Tecn Qu\u00edmica1 a\u00f1o de experiencia                1                Vacante            Competencias para la vacante                                            analista de laboratorio                                                                                    tecnologo quimico", "tipo_contrato": "Contrato Indefinido", "nivel_educativo": "Tecnol\u00f3gica", "categoria": "Auxiliar, asistencial y otros", "sector": "Abonos, plaguicidas y qu\u00edmicos a...", "experiencia": "1 a\u00f1o de experiencia", "id_empleo": "1884594251", "competencias": "analista de laboratorio,tecnologo quimico"}