{"url_empleo": "https://www.elempleo.com/co/ofertas-trabajo/lider-de-operaciones-de-fuerza-de-venta/1884584586", "fecha_recuperacion": "2021-03-01-22-05", "titulo_oferta": "Lider de operaciones de fuerza de venta", "salario": "$8 a $10 millones", "ciudad": "Bogot\u00e1", "fecha_publicacion": "Publicado 25 Feb 2021", "area": "Ventas", "num_vacantes": "1 Vacante", "profesion": "Econom\u00eda", "descripcion_general": "Descripci\u00f3n general                En Cheil Colombia estamos buscando profesional Administraci\u00f3n, econom\u00eda, ingenier\u00eda industrial, finanzas, mercadeo o carrera af\u00edn.  Con m\u00e1s de 10 a\u00f1os de experiencia en administraci\u00f3n de  Field  force, gesti\u00f3n de fuerza de ventas, manejo de la operaci\u00f3n de promotores en punto de ventas en el canal retail o tradicional, esta persona debe contar con un excelente nivel de ingles.                    En Cheil Colombia estamos buscando profesional Administraci\u00f3n, econom\u00eda, ingenier\u00eda industrial, finanzas, mercadeo o carrera af\u00edn.  Con m\u00e1s de 10 a\u00f1os de experiencia en administraci\u00f3n de  Field  force, gesti\u00f3n de fuerza de ventas, manejo de la operaci\u00f3n de promotores en punto de ventas en el canal retail o tradicional, esta persona debe contar con un excelente nivel de ingles.                            Coordinador supervisor o especialista                            Especializaci\u00f3n            Econom\u00edaIngenier\u00eda industrialAdministraci\u00f3n de empresas10 a\u00f1os de experiencia                1                Vacante            Competencias para la vacante                                            ventas", "tipo_contrato": "Contrato Definido", "nivel_educativo": "Especializaci\u00f3n", "categoria": "Coordinador supervisor o especialista", "sector": "Agencias de publicidad", "experiencia": "10 a\u00f1os de experiencia", "id_empleo": "1884584586", "competencias": "ventas"}