{"url_empleo": "https://www.elempleo.com/co/ofertas-trabajo/analista-de-control-y-monitoreo/1884624794", "fecha_recuperacion": "2021-03-01-22-10", "titulo_oferta": "Analista de control y monitoreo", "salario": "$1 a $1,5 millones", "ciudad": "Bogot\u00e1", "fecha_publicacion": "Publicado 22 Feb 2021", "area": "Comercial, Ventas y Telemercadeo", "num_vacantes": "1 Vacante", "profesion": "Tecn Sistemas  Computaci\u00f3n", "descripcion_general": "Descripci\u00f3n general                Importante empresa de contact center requiere para su equipo de trabajo ANALISTA DE CONTROL Y MONITOREO Salario de 1.201.000 + todo lo de ley. Horario: Disponibilidad de Lunes a Domingo de 7:00 am a 7:00 pm turnos rotativos de 8 horas.Manejo de Excel Intermedio.                    Importante empresa de contact center requiere para su equipo de trabajo ANALISTA DE CONTROL Y MONITOREO Salario de 1.201.000 + todo lo de ley. Horario: Disponibilidad de Lunes a Domingo de 7:00 am a 7:00 pm turnos rotativos de 8 horas.Manejo de Excel Intermedio.                            Auxiliar, asistencial y otros                            T\u00e9cnico Laboral            Tecn Sistemas  Computaci\u00f3nTecn En segurosTecnolog\u00eda En Banca Y FinanzasMenos de un a\u00f1o de experiencia                1                Vacante            Competencias para la vacante                                            analista de calidad", "tipo_contrato": "Contrato Por obra o labor", "nivel_educativo": "T\u00e9cnico Laboral", "categoria": "Auxiliar, asistencial y otros", "sector": "Servicios de telecomunicaciones", "experiencia": "Menos de un a\u00f1o de experiencia", "id_empleo": "1884624794", "competencias": "analista de calidad"}