{"url_empleo": "https://www.elempleo.com/co/ofertas-trabajo/qa-automation-middle/1884572739", "fecha_recuperacion": "2021-03-01-22-06", "titulo_oferta": "Qa automation middle", "salario": "$5,5 a $6 millones", "ciudad": "Medell\u00edn", "fecha_publicacion": "Publicado 25 Feb 2021", "area": "Sistemas y Tecnolog\u00eda", "num_vacantes": "1 Vacante", "profesion": "Ingenier\u00eda de sistemas  Computaci\u00f3n", "descripcion_general": "Descripci\u00f3n general                Description:We are looking for an Automation QA engineer with attention to detail and team work skills. 2+ years of experience as QA and at least 1 year of experience with Automation tools like Jasmine Required Skills:  Fluent English (B2 or C1)Experience with Selenium or JasmineExperience in VSTS / Test plansLenguaje de programaci\u00f3n C# Details: Level of education required: ProfessionalTitles in the areas of: Systems engineering or relatedProfessional Card: NoRequired certifications: NoTime of experience in activities related to the vacancy: 2 years as QA and 1 year as automation engineerCity of the vacancy: Medell\u00edn or Remote in ColombiaHours per week to work: 45Availability 7x24: NoDate on which work is required to begin: As soon as possibleSalary range of the vacancy: $6\u2019000.000 up to $6\u2019250.000 COP monthlyType of expected contract: IndefiniteRequires fluent English: Yes, B2Requires US VISA: No                    Description:We are looking for an Automation QA engineer with attention to detail and team work skills. 2+ years of experience as QA and at least 1 year of experience with Automation tools like Jasmine Required Skills:  Fluent English (B2 or C1)Experience with Selenium or JasmineExperience in VSTS / Test plansLenguaje de programaci\u00f3n C# Details: Level of education required: ProfessionalTitles in the areas of: Systems engineering or relatedProfessional Card: NoRequired certifications: NoTime of experience in activities related to the vacancy: 2 years as QA and 1 year as automation engineerCity of the vacancy: Medell\u00edn or Remote in ColombiaHours per week to work: 45Availability 7x24: NoDate on which work is required to begin: As soon as possibleSalary range of the vacancy: $6\u2019000.000 up to $6\u2019250.000 COP monthlyType of expected contract: IndefiniteRequires fluent English: Yes, B2Requires US VISA: No                            Profesional                            Universitaria            Ingenier\u00eda de sistemas  Computaci\u00f3n2 a\u00f1os de experiencia                1                Vacante            Competencias para la vacante                                            QA                                                                                    Automation                                                                                    Selenium                                                                                    C#", "tipo_contrato": "Contrato Indefinido", "nivel_educativo": "Universitaria", "categoria": "Profesional", "sector": "Inform\u00e1ticos", "experiencia": "2 a\u00f1os de experiencia", "id_empleo": "1884572739", "competencias": "QA,Automation,Selenium,C#"}