{"url_empleo": "https://www.elempleo.com/co/ofertas-trabajo/operario-de-granja-santo-domingo-ant/1884498538", "fecha_recuperacion": "2021-03-01-22-08", "titulo_oferta": "Operario de granja santo domingo (ant.)", "salario": "Salario a convenir", "ciudad": "Santo Domingo", "fecha_publicacion": "Publicado 24 Feb 2021", "area": "Agronom\u00eda: naturaleza", "num_vacantes": "1 Vacante", "profesion": "Bachillerato Acad\u00e9mico", "descripcion_general": "Descripci\u00f3n general                PIC Colombia requiere para su equipo de trabajo, OPERARIOS DE GRANJA para laborar en horario diurno en funciones operativas, como lavado y desinfecci\u00f3n y alimentaci\u00f3n de los animales. Salario b\u00e1sico $908.000 + prestaciones de ley + auxilio de transporte legal + auxilio de transporte extralegal + alimentaci\u00f3n.Preferiblemente con motocicleta para poder trasladarse diariamente al sitio de trabajo. Debe ser residente de Santo Domingo Antioquia.                    PIC Colombia requiere para su equipo de trabajo, OPERARIOS DE GRANJA para laborar en horario diurno en funciones operativas, como lavado y desinfecci\u00f3n y alimentaci\u00f3n de los animales. Salario b\u00e1sico $908.000 + prestaciones de ley + auxilio de transporte legal + auxilio de transporte extralegal + alimentaci\u00f3n.Preferiblemente con motocicleta para poder trasladarse diariamente al sitio de trabajo. Debe ser residente de Santo Domingo Antioquia.                            Auxiliar, asistencial y otros                            B\u00e1sica Primaria (1\u00b0 - 5\u00b0)            Bachillerato Acad\u00e9mico                1                Vacante            Competencias para la vacante                                            operario", "tipo_contrato": "Contrato Por obra o labor", "nivel_educativo": "B\u00e1sica Primaria (1\u00b0 - 5\u00b0)", "categoria": "Auxiliar, asistencial y otros", "sector": "Productos c\u00e1rnicos", "experiencia": "", "id_empleo": "1884498538", "competencias": "operario"}