{"url_empleo": "https://www.elempleo.com/co/ofertas-trabajo/auxiliar-administrativa/1884663139", "fecha_recuperacion": "2021-03-01-22-13", "titulo_oferta": "Auxiliar administrativa", "salario": "Menos de $1 mill\u00f3n", "ciudad": "Bogot\u00e1", "fecha_publicacion": "Publicado 19 Feb 2021", "area": "Consultoria", "num_vacantes": "1 Vacante", "profesion": "Tecn Sistemas  Computaci\u00f3n", "descripcion_general": "Descripci\u00f3n general                Garantizar el funcionamiento correcto de dispositivos instalados y revisados en el desarrollo del servicio en terreno por medio de gesti\u00f3n de pruebas,  gestionar trabajos administrativos que demande el \u00e1rea de Support Technical.Persona con habilidades para funciones integrales, en tareas operativas y administrativas, organizada y flexible a cambios de horarios, disposici\u00f3n de teletrabajo y presencial en oficina.                    Garantizar el funcionamiento correcto de dispositivos instalados y revisados en el desarrollo del servicio en terreno por medio de gesti\u00f3n de pruebas,  gestionar trabajos administrativos que demande el \u00e1rea de Support Technical.Persona con habilidades para funciones integrales, en tareas operativas y administrativas, organizada y flexible a cambios de horarios, disposici\u00f3n de teletrabajo y presencial en oficina.                            Auxiliar, asistencial y otros                            T\u00e9cnico Laboral            Tecn Sistemas  Computaci\u00f3nAdministraci\u00f3n de sistemas inform\u00e1ticos1 a\u00f1o de experiencia                1                Vacante            Competencias para la vacante                                            servicio al cliente                                                                                    servicio t\u00e9cnico", "tipo_contrato": "", "nivel_educativo": "T\u00e9cnico Laboral", "categoria": "Auxiliar, asistencial y otros", "sector": "Ciencia y tecnolog\u00eda", "experiencia": "1 a\u00f1o de experiencia", "id_empleo": "1884663139", "competencias": "servicio al cliente,servicio t\u00e9cnico"}