{"url_empleo": "https://www.elempleo.com/co/ofertas-trabajo/especialista-cloud-services/1884591315", "fecha_recuperacion": "2021-03-01-22-12", "titulo_oferta": "Especialista cloud services", "salario": "Salario a convenir", "ciudad": "Bogot\u00e1", "fecha_publicacion": "Publicado 20 Feb 2021", "area": "Construcci\u00f3n y Obra", "num_vacantes": "1 Vacante", "profesion": "Ingenier\u00eda de sistemas  Computaci\u00f3n", "descripcion_general": "Descripci\u00f3n general                Profesional en ingenier\u00eda de sistemas, electr\u00f3nica o telecomunicaciones, Experiencia m\u00ednima de seis (6) a\u00f1os, experiencia especifica m\u00ednima de tres (3) a\u00f1os como especialista, l\u00edder, asesor de infraestructura TI como servicios, con experiencia en internet de las cosas (loT) en proyectos relacionados con: implementaci\u00f3n de centros de datos o centros de gesti\u00f3n; o implementaci\u00f3n de soluciones tecnol\u00f3gicas.                    Profesional en ingenier\u00eda de sistemas, electr\u00f3nica o telecomunicaciones, Experiencia m\u00ednima de seis (6) a\u00f1os, experiencia especifica m\u00ednima de tres (3) a\u00f1os como especialista, l\u00edder, asesor de infraestructura TI como servicios, con experiencia en internet de las cosas (loT) en proyectos relacionados con: implementaci\u00f3n de centros de datos o centros de gesti\u00f3n; o implementaci\u00f3n de soluciones tecnol\u00f3gicas.                            Profesional                            Universitaria            Ingenier\u00eda de sistemas  Computaci\u00f3n9 a\u00f1os de experiencia                1                Vacante            Competencias para la vacante                                            asesor de infraestructuras                                                                                    implementaci\u00f3n de datos", "tipo_contrato": "", "nivel_educativo": "Universitaria", "categoria": "Profesional", "sector": "Infraestructura vial", "experiencia": "9 a\u00f1os de experiencia", "id_empleo": "1884591315", "competencias": "asesor de infraestructuras,implementaci\u00f3n de datos"}