{"url_empleo": "https://www.elempleo.com/co/ofertas-trabajo/profesor-de-squash/1884202251", "fecha_recuperacion": "2021-03-01-22-10", "titulo_oferta": "Profesor de squash", "salario": "$1 a $1,5 millones", "ciudad": "Bogot\u00e1", "fecha_publicacion": "Publicado 23 Feb 2021", "area": "Docencia", "num_vacantes": "1 Vacante", "profesion": "Cultura f\u00edsica deporte y recreaci\u00f3n", "descripcion_general": "Descripci\u00f3n general                Reconocido Club ubicado en la zona norte de Bogot\u00e1 requiere PROFESOR DE SQUASH , t\u00e9cnico o tecn\u00f3logo en carreras afines, con conocimientos en T\u00e9cnicas de juego, reglamentos del deporte. Contar con m\u00ednimo 1 a\u00f1o de experiencia como profesor de squash, preferiblemente, en clubes privados.FUNCIONES: Entrenar las escuelas y los equipos del club para las competencias, haciendo el seguimiento de cada uno de los deportistas, se\u00f1alando los logros y resultados, presentando las recomendaciones del caso, que permitan mejorar los rendimientos individuales y colectivos. Participar activamente en la organizaci\u00f3n y desarrollo de los Torneos de Squash programados por el club, el Comit\u00e9 del \u00c1rea, las ligas y Federaciones. Asistir y participar activamente en las reuniones peri\u00f3dicas y extraordinarias de coordinaci\u00f3n, programaci\u00f3n y unificaci\u00f3n de criterios que programe el Coordinador, la Administraci\u00f3n y el Comit\u00e9 de Squash. Asistir a las actividades de capacitaci\u00f3n interna y externamente programadas por el Club. Dar estricto cumplimiento a los programas y actividades establecidos para las Escuelas.HORARIO: Jornada 8 hrsSALARIO: 908.526 + prestaciones de ley.                    Reconocido Club ubicado en la zona norte de Bogot\u00e1 requiere PROFESOR DE SQUASH , t\u00e9cnico o tecn\u00f3logo en carreras afines, con conocimientos en T\u00e9cnicas de juego, reglamentos del deporte. Contar con m\u00ednimo 1 a\u00f1o de experiencia como profesor de squash, preferiblemente, en clubes privados.FUNCIONES: Entrenar las escuelas y los equipos del club para las competencias, haciendo el seguimiento de cada uno de los deportistas, se\u00f1alando los logros y resultados, presentando las recomendaciones del caso, que permitan mejorar los rendimientos individuales y colectivos. Participar activamente en la organizaci\u00f3n y desarrollo de los Torneos de Squash programados por el club, el Comit\u00e9 del \u00c1rea, las ligas y Federaciones. Asistir y participar activamente en las reuniones peri\u00f3dicas y extraordinarias de coordinaci\u00f3n, programaci\u00f3n y unificaci\u00f3n de criterios que programe el Coordinador, la Administraci\u00f3n y el Comit\u00e9 de Squash. Asistir a las actividades de capacitaci\u00f3n interna y externamente programadas por el Club. Dar estricto cumplimiento a los programas y actividades establecidos para las Escuelas.HORARIO: Jornada 8 hrsSALARIO: 908.526 + prestaciones de ley.                            Profesional                            Universitaria            Cultura f\u00edsica deporte y recreaci\u00f3n1 a\u00f1o de experiencia                1                Vacante            Competencias para la vacante                                            deporte                                                                                    squash", "tipo_contrato": "", "nivel_educativo": "Universitaria", "categoria": "Profesional", "sector": "Clubes", "experiencia": "1 a\u00f1o de experiencia", "id_empleo": "1884202251", "competencias": "deporte,squash"}