{"url_empleo": "https://www.elempleo.com/co/ofertas-trabajo/jefe-operativo-transporte-cali/1884598098", "fecha_recuperacion": "2021-03-01-22-01", "titulo_oferta": "Jefe operativo  transporte cali", "salario": "$2 a $2,5 millones", "ciudad": "Cali", "fecha_publicacion": "Publicado 1 Mar 2021", "area": "Log\u00edstica y Distribuci\u00f3n", "num_vacantes": "1 Vacante", "profesion": "Administraci\u00f3n de empresas", "descripcion_general": "Descripci\u00f3n general                Importante empresa del sector transporte requiere tecnologo o profesional en carreras administrativas, log\u00edstica o afines con 5 a\u00f1os de experiencia en sector transporte.  Lider de la Oficina, responsable por consecuci\u00f3n y administraci\u00f3n de flota nacional para clientes, ampliacion de la flota actual, revisi\u00f3n de fletes en plaza, manejo facturaci\u00f3n, alta orientaci\u00f3n comercial y servicio al clienteSalario:$2.600.000 + Variable por cumplimiento de metasContrato IndefinidoLugar de trabajo: Cali                    Importante empresa del sector transporte requiere tecnologo o profesional en carreras administrativas, log\u00edstica o afines con 5 a\u00f1os de experiencia en sector transporte.  Lider de la Oficina, responsable por consecuci\u00f3n y administraci\u00f3n de flota nacional para clientes, ampliacion de la flota actual, revisi\u00f3n de fletes en plaza, manejo facturaci\u00f3n, alta orientaci\u00f3n comercial y servicio al clienteSalario:$2.600.000 + Variable por cumplimiento de metasContrato IndefinidoLugar de trabajo: Cali                            Coordinador supervisor o especialista                            Universitaria            Administraci\u00f3n de empresas5 a\u00f1os de experiencia                1                Vacante            Competencias para la vacante                                            transporte", "tipo_contrato": "Contrato Por obra o labor", "nivel_educativo": "Universitaria", "categoria": "Coordinador supervisor o especialista", "sector": "Otros", "experiencia": "5 a\u00f1os de experiencia", "id_empleo": "1884598098", "competencias": "transporte"}