{"url_empleo": "https://www.elempleo.com/co/ofertas-trabajo/datacom-network-engineer/1884609424", "fecha_recuperacion": "2021-03-01-22-05", "titulo_oferta": "Datacom network engineer", "salario": "Salario a convenir", "ciudad": "Bogot\u00e1", "fecha_publicacion": "Publicado 25 Feb 2021", "area": "Sistemas y Tecnolog\u00eda", "num_vacantes": "1 Vacante", "profesion": "Ingenier\u00eda de sistemas  Computaci\u00f3n", "descripcion_general": "Descripci\u00f3n general                Requirements-Systems, Electronic Engineer, Telecommunication or related Engineer professional degree or above.-Able to communicate (written and spoken) in English.-1-2 more years of relevant IP technologies experience, Transmission Control Protocol (TCP)/ Internet Protocol (IP), Open Shortest Path First (OSPF), Multiprotocol Laber Switching (MPLS), 3rd Line support, Border Gateway Protocol (BGP).-CCNA or HCNA is a plus.-Knowledge in Routing & Switching and project delivery.-Familiar with a variety of the telecommunication field's concepts, practices, and proceduresSkills -Ability to fast learning.-Ability to review project deliverables for completeness and quality, and compliance with established project standards.-Ability to analyze client\u2019s needs and design solution. -Ability to develop application requirements based on input gathered from a variety of sources -Ability to develop test conditions and expected results based on the application requirements from the application point's of view, knowledge on two of following storage products architecture and principle, capacity planning and performance analysis, maintenance.Responsibilities\t-Involve in the Project Delivery Activities: planning, execution, report and progress trace, closure oriented to achieve new network solutions, expansion, migration, optimization, or services transformation for IP and Datacom technologies.-Risk identification, contingency and solution implementation.   -Involved in Maintenance labors: Service level agreement accomplish for customer requirements, that involve Failure or technical enquiry events, preventive and corrective maintenance, information collection for diagnosis or troubleshooting, apply precaution/rectification measures, keep updated Network information and control spare parts usage.      -Cooperate with the knowledge transfer between areas, enhance the performance of the product line. -Follow the Regulation for information handling                    Requirements-Systems, Electronic Engineer, Telecommunication or related Engineer professional degree or above.-Able to communicate (written and spoken) in English.-1-2 more years of relevant IP technologies experience, Transmission Control Protocol (TCP)/ Internet Protocol (IP), Open Shortest Path First (OSPF), Multiprotocol Laber Switching (MPLS), 3rd Line support, Border Gateway Protocol (BGP).-CCNA or HCNA is a plus.-Knowledge in Routing & Switching and project delivery.-Familiar with a variety of the telecommunication field's concepts, practices, and proceduresSkills -Ability to fast learning.-Ability to review project deliverables for completeness and quality, and compliance with established project standards.-Ability to analyze client\u2019s needs and design solution. -Ability to develop application requirements based on input gathered from a variety of sources -Ability to develop test conditions and expected results based on the application requirements from the application point's of view, knowledge on two of following storage products architecture and principle, capacity planning and performance analysis, maintenance.Responsibilities\t-Involve in the Project Delivery Activities: planning, execution, report and progress trace, closure oriented to achieve new network solutions, expansion, migration, optimization, or services transformation for IP and Datacom technologies.-Risk identification, contingency and solution implementation.   -Involved in Maintenance labors: Service level agreement accomplish for customer requirements, that involve Failure or technical enquiry events, preventive and corrective maintenance, information collection for diagnosis or troubleshooting, apply precaution/rectification measures, keep updated Network information and control spare parts usage.      -Cooperate with the knowledge transfer between areas, enhance the performance of the product line. -Follow the Regulation for information handling                            Profesional                            Universitaria            Ingenier\u00eda de sistemas  Computaci\u00f3nIngenier\u00eda electr\u00f3nicaIngenier\u00eda de telecomunicacionesIngenier\u00eda electromec\u00e1nicaIngenier\u00eda de redes y telecomunicaciones2 a\u00f1os de experiencia                1                Vacante            Competencias para la vacante                                            ingeniero", "tipo_contrato": "", "nivel_educativo": "Universitaria", "categoria": "Profesional", "sector": "Servicios de telecomunicaciones", "experiencia": "2 a\u00f1os de experiencia", "id_empleo": "1884609424", "competencias": "ingeniero"}