{"url_empleo": "https://www.elempleo.com/co/ofertas-trabajo/coordinador-siso/1884571482", "fecha_recuperacion": "2021-03-01-22-01", "titulo_oferta": "Coordinador siso", "salario": "$1,5 a $2 millones", "ciudad": "Bogot\u00e1", "fecha_publicacion": "Publicado 1 Mar 2021", "area": "Sistemas y Tecnolog\u00eda", "num_vacantes": "1 Vacante", "profesion": "T\u00e9cnico en salud ocupacional", "descripcion_general": "Descripci\u00f3n general                Se requiere tecn\u00f3logo en salud ocupacional, con capacidades para Asegurar, Implementar, mantener, controlar, hacer seguimiento y mejorar las pr\u00e1cticas y programas de los sistemas de gesti\u00f3n de la compa\u00f1\u00eda, garantizando su comprensi\u00f3n y estructuraci\u00f3n en la organizaci\u00f3n y en los proyectos. Experiencia m\u00ednima de 1 a\u00f1o. Requisitos para aplicar: Disponibilidad de viajar entre diferentes ciudades del territorio nacional. Disponibilidad trabajar noche.                    Se requiere tecn\u00f3logo en salud ocupacional, con capacidades para Asegurar, Implementar, mantener, controlar, hacer seguimiento y mejorar las pr\u00e1cticas y programas de los sistemas de gesti\u00f3n de la compa\u00f1\u00eda, garantizando su comprensi\u00f3n y estructuraci\u00f3n en la organizaci\u00f3n y en los proyectos. Experiencia m\u00ednima de 1 a\u00f1o. Requisitos para aplicar: Disponibilidad de viajar entre diferentes ciudades del territorio nacional. Disponibilidad trabajar noche.                            Profesional                            Media (10\u00b0 - 13\u00b0)            T\u00e9cnico en salud ocupacional2 a\u00f1os de experiencia                1                Vacante            Competencias para la vacante                                            tecnologo", "tipo_contrato": "Contrato Otro", "nivel_educativo": "Media (10\u00b0 - 13\u00b0)", "categoria": "Profesional", "sector": "Servicios de telecomunicaciones", "experiencia": "2 a\u00f1os de experiencia", "id_empleo": "1884571482", "competencias": "tecnologo"}